permutation,equal_species_mean_rho,pair_count_weighted_mean_rho,reliable_74_equal_species_mean_rho
0,0.035865255806310795,0.006517752364831142,0.03023662298190286
1,0.068589623418204,0.018852090403672618,0.036042256543820296
2,0.06185655121713091,0.03984670714112159,0.02785424812951822
3,0.012284839796259182,-0.004490398034403221,-0.009903915108404746
4,0.05132432856701359,0.022131182611122777,0.03265087905140462
5,0.03333109249340692,0.019488802931915055,-0.006461172272550107
6,0.03460731025380592,0.016018189434506003,0.03223221969603929
7,0.025617708213269624,0.014833088611813794,0.02886874937718238
8,0.006774522155817736,-0.010964070659280907,-0.00913336880785371
9,0.015567995862354772,0.02465324397438852,0.05185485529046633
10,0.058888501277543186,0.03186286540486073,0.025956767670507343
11,0.08336741146929637,0.02668759821400949,0.049917952336446074
12,0.04664858498742989,0.015203853275861915,0.04469599026253489
13,0.009660522006834376,0.00222764152071858,0.001734798797378726
14,0.074152175581043,0.013426300372602824,-0.020163795918755396
15,0.05214025257078234,-0.001838716862972189,0.02398967325208019
16,0.04218997508183626,0.010295504173051698,0.009346648136524575
17,0.00562436400051641,0.00042444405594408276,0.00997824595062829
18,0.08426192250576102,0.026888607435888636,0.022348942329016318
19,0.009522646864621308,0.007193948049987108,0.023338037718067937
20,0.05793857488514668,0.017165280150586194,0.005507675574652496
21,0.05002979644908416,0.03747878504820134,0.049617199663356384
22,0.009613154426401014,-0.024227229989170984,-0.0266196727792804
23,0.0553305342288899,0.01875040642595686,0.01405433134358913
24,0.05369621937107563,0.025088827195103157,0.05227741987328976
25,-0.008038275900780495,0.012753035779078775,-0.002944782471770654
26,0.05575297130212818,0.023579931535051203,0.05815260150005563
27,-0.006389321617354735,-0.002198371747965785,-0.006621241302630092
28,0.015269643809826351,-0.0005329129030087013,-0.021482592665430403
29,0.052295990318823156,0.02048952412042947,0.02593219245303471
30,0.026704362752506802,-0.00397581854454937,-0.03446409304328617
31,0.050053292666746824,0.010415597706771276,0.0064565324153021495
32,0.003301707272704679,-0.004226817921657352,0.04090150657760807
33,-0.026578804115384012,-0.00041907250684094285,-0.01731058166061098
34,0.031164274264163412,0.022882476889080763,0.03745207091852053
35,0.06655491333856384,0.014233232056753265,0.04360103279452299
36,0.022655290683923388,0.019937826611580604,0.022586006099233967
37,-0.0010388232436273767,-0.0062955849335852975,-0.011050429443168214
38,0.013378541067384153,0.011086933914973108,0.023471255620586398
39,0.025878010967754998,-0.004385700535965319,-0.013650891432711497
40,0.008791429685041268,0.008762239117981683,0.03443467672833034
41,-0.00031624976291689584,0.005367532577263503,0.015463030011433935
42,0.0063927216986957225,0.018560419068215296,0.012175272583757018
43,0.0433088302887086,0.04205485711488115,0.061501105692142385
44,0.026200992052984838,-0.0018277103621529547,0.008372309289529384
45,0.0002986038299115948,0.010328366854446915,0.01837444106283616
46,0.0568195273028374,0.05724384757139329,0.06606009214602342
47,0.047371853161181365,0.023836705149953785,0.06334754644773072
48,0.016362250348311378,0.023717589138066465,0.02216828964605765
49,0.0018178413600138973,0.002163106080286595,0.012328713305782673
50,0.005706767479676088,0.00423314217410121,-0.006043647620978396
51,-0.011599626145611728,-0.005728135356275424,-0.005690291844410686
52,-0.000721862822568579,0.020433102982155185,-0.009266819426604003
53,0.009151034395236173,0.016267597600801133,0.0186263965271386
54,0.004131062435537914,0.016926026783371583,0.03881867881719489
55,-0.026149548482485494,-0.003047014920072158,0.02123244776885031
56,0.023157122592296842,0.008267551092228022,0.02493935468778036
57,0.04472275409741805,0.027335554074112547,0.03462124518014479
58,-0.01241319261929863,0.0005215326342409412,0.027869482719281975
59,0.018525661262690493,0.018753591351573822,0.029278055256147607
60,0.03723242708931702,0.024744039749907017,-0.0022300239708258084
61,0.06963455175317106,0.016593867703980053,0.019668819048660535
62,0.012604905682857177,0.006894915654372834,0.0016985430065213532
63,0.011865469272465621,0.01369973621097362,0.040966597095474726
64,0.06861230748987511,0.024438262818209263,-0.011224920218699813
65,0.056580814736839395,0.02685708079813511,0.01224058794287647
66,0.0590231514919734,0.028924253629656102,0.013758430178229641
67,-0.018737377632768025,0.02988627805037431,0.0568465548514472
68,0.0391242003461694,-0.004576302392779097,-0.015724581752047107
69,0.08086244689849763,0.03931007553924101,0.026450096855071503
70,0.022149934575535483,-0.001558352528516783,0.001531626542121924
71,0.025141667266577156,-0.010251259343080677,0.016320410612850396
72,0.0012467419729331735,0.013480459457653367,0.007946747000372774
73,0.009668867923780813,-0.00924828258850257,0.008491537860360152
74,0.03181597503698634,0.019678151762140987,0.018343541755049018
75,0.05935664504550115,0.008681168694871075,0.011022193582049805
76,0.017404913047301074,0.020287624743253064,0.03125426444458484
77,0.024498440213988542,0.025290499875377813,0.04321682873781617
78,0.038351946352534895,-0.00231305248706788,0.02394112003515324
79,0.04098346174442204,-0.0070781678870447005,0.0020417800251570544
80,0.031002630634451668,0.03167569911460735,0.030041792400539603
81,0.011896333872696743,0.005273490721853456,-0.005540025400317193
82,-0.0052062776500254185,-0.01904850616217124,-0.030079544000930745
83,0.018443384896995374,0.025823564523306093,0.04510952902591402
84,-0.022579738682327148,0.005991948320099564,0.0147878489891407
85,0.020807337800472493,0.02678338317706624,0.017751721770089084
86,0.06533334009807112,0.013156926057727291,0.023394400406571213
87,0.04307923484293105,0.012380071280094898,0.007325866147403579
88,-0.0006513495820691297,0.021066090998299574,0.037395205011534
89,0.04349221843781149,0.022947725523528945,0.008111344139081761
90,0.06089311930524538,0.019664486239045778,-0.0022136024727246006
91,0.08967139164293073,0.03888803794016781,0.03317872704484672
92,0.04336558038858988,0.03077440455917252,0.02128018968588378
93,0.047278249996115226,0.014193536785402238,0.033363646641451375
94,0.06478560965346357,0.023522132383085575,0.01871367448907775
95,0.053773407888484004,0.012437616733134049,0.018551974537707735
96,-0.024613301580643683,0.013528747867176387,0.01266625553436732
97,-0.001643724794104172,-0.010325706466405798,0.004031442490696866
98,0.0010104632832757753,0.005017231901302815,-0.01835428661266142
99,0.03383835886898481,0.0007646650956663703,0.0032422415775887697
100,-0.0137794482430447,0.006288626071924176,-0.008382391394427762
101,0.0070503135234629795,0.013585533387823964,0.0139854260370059
102,0.004239939434791483,0.025962902843575865,-0.004191605865894296
103,0.014372176725377078,0.003251258863035589,-0.0034018413824248635
104,0.016082677355836513,0.02724699133360109,0.03687180846605951
105,0.02959912703743601,0.0031566798816176035,-0.008301722550534013
106,0.052465783942655386,0.011105798787649123,0.04359211161574354
107,0.056705084797424164,0.01023370500229621,0.02012699268280236
108,-0.0029152393085851796,-0.013483023580550795,-0.007247945003811333
109,0.04107317009996011,0.010964623226994413,0.009142281624303727
110,0.023597391958146276,0.01106553614611104,0.003420374092388072
111,0.023809491913051043,0.010207041985860347,0.02763524452230493
112,0.04480557940958023,0.02549191173450165,0.027184418331079575
113,-0.022348222014343885,-0.00587013772567482,0.006194300810101235
114,0.017868209523956884,0.023913785798715993,0.02320515055834473
115,0.05857480735412659,0.03519682887226422,0.006637384017907627
116,0.0034726096151872243,-0.019187670300081887,-0.01300716506986752
117,0.018339406188142428,0.021288979090896703,0.04967543211757428
118,0.004750754868455068,0.0038822954748852123,0.004747661916705185
119,0.007855535172897866,0.01029121172765598,0.008654025487646839
120,0.04941156000407042,0.025938383259550484,0.03186948962385028
121,0.03966194755845171,0.007783457361868088,0.021317946335511512
122,-0.02648867894119111,0.0198797757975067,0.03587101101860262
123,-0.02635819977996134,-0.004948430337945562,-0.027748051127008445
124,0.044751582237782875,0.02346894500814633,0.030340314042611626
125,0.002883394666824313,0.01584524459929734,0.019116582098422784
126,0.07764563863270528,0.03309526078903344,0.08391233357333949
127,0.06356000631225266,0.03220171742642057,0.012342117408045148
128,0.024672053908521854,0.004788351738242539,-0.005018741006815584
129,0.04459750307698652,0.02324290341177699,0.03453777431482685
130,0.022606158201755978,0.02384643648626318,-0.020038294588909
131,0.06198921881249975,0.007721463048585997,-0.013369439600820186
132,0.0676007771003178,0.041018495472200774,0.07712962523736071
133,-0.004269180602728843,0.0010311598801494644,0.00831432023866733
134,0.04623888297576243,0.04728922740672206,0.025881125472800765
135,0.03525956562563184,0.013023372204687711,0.032951746737848106
136,0.07233016578393602,0.017009794452936104,0.017427490271928033
137,0.056582866341531646,0.025455428477001392,0.030895088083254488
138,0.05544441921774418,0.03805086960181731,0.03976803794160981
139,0.0014322755697665295,0.009296623870711222,0.004053273321471603
140,0.030382756276980515,-0.00729512117320586,0.007860577502404745
141,0.026074033683681993,0.018143731531804316,0.0025120235416235988
142,0.062161175299446494,0.019347744218783464,0.03345591928247417
143,0.012571773425771,0.014653464288131652,0.037713082274168246
144,-0.015576595171710027,0.0004514009219547945,0.009416386518590744
145,0.005479175745055983,0.029322228218834557,0.027255968190837365
146,-0.005183656909174508,0.021398476777819964,0.022763663833723073
147,0.028712166897321575,0.004255755810235811,-0.02087814523903392
148,0.0653849743723623,0.021287283584325578,-0.01882553401776369
149,0.0447645476619342,0.018779372665997766,-0.008077199360588474
150,0.03376388184617297,0.03640576550033134,0.023542363895506
151,-0.023048772197471923,0.02332148575811697,0.034619060064986364
152,0.017523410147768294,-0.013676234733505861,0.0018444740854979943
153,0.024970965992756628,-0.005219823215170115,0.02551394451072731
154,0.06966458497294671,-0.00364966447141694,0.010933202716146896
155,0.039241586131737276,0.02365427833792617,0.002713631699235687
156,0.014577447361340829,0.02611022601633144,0.019583597950272428
157,0.03248440085360738,-0.01344176798386409,0.005614228341802007
158,0.0449112516627385,0.053095503122511184,0.03187122696040279
159,-0.020723711609344223,-0.014284865331137956,-0.004377964914515311
160,0.00626545930197866,0.04054425652209313,0.06908692051753595
161,0.06348752760861538,0.020323952193504267,0.049809318789477613
162,0.023910891020178217,0.012519505666319566,0.012128280325376457
163,0.004316303000811819,-0.002712108333040424,0.0013556316816269
164,-0.014044259273203461,0.0038607503027477197,-0.0023726810547479303
165,0.021909798686944624,0.0057325825863368774,0.01955267867622214
166,0.05022510860468153,0.003007800739650595,-0.0004898405127230116
167,-0.007619114895235642,0.021674414777991508,0.01766973925476493
168,-0.02357179927974589,0.0004897764126235352,0.04879810548716733
169,0.05945279518694253,0.010862626201531911,0.03666227091152191
170,0.013379194415142629,0.010928070336639398,0.003427547212007891
171,0.04030767493891842,0.02553607308023554,0.017829046915017466
172,0.03957431046864988,0.004800774942641239,-0.0005195213085765565
173,0.015598043917772014,0.024071723764553188,-0.032916344238074324
174,0.039228243247126975,0.04125115840320937,0.059323224239903924
175,0.06614166459669966,0.0385914829450637,0.028455326178502334
176,0.07175069229378594,0.03220610116990095,0.05616211796903475
177,0.006177291895896598,0.012791866508256838,0.014313556434374906
178,0.05363449693914863,0.01771718218729344,0.03949043600702918
179,-0.004745156780650846,0.0031012526341203032,0.004933391732129285
180,0.020874839158087705,0.018211659372157102,0.014119750587620656
181,0.058803496984829624,0.007557377160686212,0.02420402088535368
182,0.01835867603822151,0.021453633098122368,0.07389359985460241
183,-0.015466349654505919,-0.017354340498922226,-0.003009745568382848
184,-0.0021677746093250153,-0.0017086481867459233,-0.011463542803946842
185,-0.013456608001829578,0.015801097101162294,0.019656270982109328
186,0.01525312810137755,-0.010217351544548522,0.0005073286217099262
187,-0.006842773655680244,0.010882639759434634,0.004137475663703258
188,0.10143035030771555,0.05510824874569967,0.058115611662912535
189,0.03986726018542687,0.016892645171341272,0.013716047083594808
190,0.040835212992676465,0.012493935031135817,0.0058922325509358775
191,-0.017022930267799212,0.0403188353195487,0.03190857665214605
192,0.0307130399272754,0.01546844830327017,-0.011249842862434096
193,0.04115591010119571,0.010546077652207018,0.01969392347755058
194,-0.012915259920398056,0.001932798830542629,-0.006275722957258695
195,0.030825794101004635,0.03344007987811259,0.03383985808270173
196,0.025299877946168954,-0.007776854956067337,0.016004085459647745
197,0.019944264639854322,0.009978652595011753,0.0014543382155826046
198,-0.03773635860032016,0.005915024038963659,-0.004183172894314471
199,-0.028724673834107164,-0.012015158494227044,-0.01942951026517753
200,0.04747914801895082,0.006631281341057412,0.036951906302526996
201,0.04725938820199775,0.02297615727394714,0.026845573995691936
202,0.06496876320595259,0.0312664965056885,0.027693456956647173
203,0.0055182260572153126,0.013601411985335644,0.05793368681361232
204,0.015642070221643593,-6.445217909390297e-05,-0.021792581834374075
205,0.014053891008743137,-0.005310901802353663,-0.03649872429170772
206,0.00822634669907678,0.013800161744961001,0.01555876356709704
207,0.08073745867924151,0.033331694383738196,0.0460272988068911
208,-0.009646659934621006,-0.01254089228103377,-0.01727167364443013
209,-0.00625234948641413,0.029845249521440576,0.023166308719329766
210,0.002345218042011938,0.011054129915763546,0.01931710779859425
211,0.02950151662107263,0.016892313712196152,0.021413131287272045
212,0.001844419955124127,0.02737889505414349,0.04087712674909729
213,0.036998146811623146,0.01817583584944874,0.042779958630687266
214,0.04645310274899642,0.018393578911172884,0.0022920727377970535
215,0.07155406633786512,0.010884928598741399,0.026021787167143685
216,0.01733160482196506,0.023295788657828696,0.005552389361543377
217,0.008239082472994132,0.013080366697997833,0.033872023104825816
218,0.03546586864368482,0.027503126717018222,0.028293491328998326
219,0.020458460092178138,0.018631979563863855,0.06294936978924631
220,-0.0005595027048997744,0.010987016515402072,-0.02311544713356345
221,-0.030491223161977166,0.0006466414379260901,-0.009828476623142561
222,-0.022423835226487835,-0.013373176372241663,0.02071886576491727
223,-0.02518564337763463,-0.01948189015890193,-0.006074777145963995
224,0.040342268119201136,0.0121568702168234,0.016155504063559072
225,0.03349690323885145,0.006984269000071702,0.02842427835916777
226,0.06649035323487915,0.01949159309917048,0.005600972415630612
227,0.03665533755766288,0.042479130621082814,0.04115107970052474
228,0.004622519625566086,-0.008410574604125141,-0.02081597505419802
229,0.04040179491907313,0.02972123007161371,0.021559746048823967
230,0.03668422205342691,0.023028588632884144,0.06006285461396245
231,0.022557271210629802,0.022138816727115603,0.022624664273973163
232,-0.020858839584008287,0.01611426320497163,0.0024766097809953334
233,0.015342919177094178,-0.019309271757431794,-0.014393503042114373
234,0.05730406707916785,0.02036288986947227,0.05653617337760271
235,0.03836006007174582,0.026144984422583943,0.02650495698085138
236,0.046238099512883206,0.0009981280176822828,0.01044810434506212
237,0.02179396981019278,0.02168078477704923,0.02713418601145035
238,0.03749792651738153,0.02985921850652966,0.03995140811510506
239,0.011986300764099542,-0.0006358531686107192,-0.010859626374859115
240,0.0667495995108923,0.01610361592218197,0.03695295809129113
241,0.017140624342560973,0.01356587819371574,0.0008637108540119523
242,0.05229592889883917,0.017980462749945806,0.05556059598431434
243,0.0810599593541246,0.01422807153454341,0.02859704454572535
244,0.01337921231025013,0.02242948805804602,0.00821657656561858
245,0.013088694659280285,0.021537595196981545,0.00980492211801228
246,0.02522639205409372,0.020561839440840276,0.017268462617195574
247,0.031629891467153885,0.023292856088174264,0.0316491053395608
248,0.017787211368546364,0.009471740260696995,0.010643461496644344
249,0.00968761206641546,0.004566605880759653,-0.016235024007077742
250,0.07536230950280554,0.01387432754114304,0.02559939388156227
251,-0.0344434855172521,-0.008902596120663202,-0.010901470001912756
252,0.07080059648598078,0.03247465245581904,0.038777511989461146
253,-0.016487207166756338,0.008571911901524369,0.009989750733813684
254,0.012520563322642078,0.011919175566373166,0.020830788514189357
255,0.042292030854231305,0.035822758948574514,0.03078371082547772
256,0.008461408064858742,0.02159692402621351,0.02307366982295224
257,0.0052693566519366845,0.010381537249542395,0.003216672959818086
258,0.028326722882624788,0.011088481784377203,0.009063950782751207
259,0.0438806409936011,0.021594967567244227,0.020940138459071386
260,-0.013330969105125897,0.022184152887757987,0.015550040556507189
261,0.032201832312648226,-0.0032041182581933263,-0.014774002452374159
262,0.05102252635482593,0.02573308719899767,0.048392183199355766
263,0.0004174744921148785,0.007728743653118708,0.006569380881690337
264,0.017185245511243338,0.01464743713049759,0.005166233261648176
265,0.021757649049961976,0.0017641563545984027,0.045402782485846234
266,0.01684877653597974,-0.005713553651244643,0.0006147949922805829
267,0.016609598368643296,0.0055342626875175506,0.009645590326681297
268,0.03609447527038524,0.028870693081104612,0.043886167017251274
269,0.025945585686660312,0.005347641574963517,0.016558919942936498
270,0.01978199002487225,0.02391806462065585,0.023540802195510947
271,0.002299817568708132,0.007613597918584841,-0.0025295286206278864
272,0.0013462322891505773,0.026660323746248493,0.013833890453031522
273,0.041015989770480224,0.007913928020059482,0.05558504520593556
274,-0.0021960799505431304,0.0017394586806329518,-0.006856209864324411
275,0.015360649714773302,0.03166278872914124,0.018888174471554223
276,-0.009304962796319503,0.008622609909538061,0.004472982062185517
277,0.008991538763058917,0.006356912797152176,0.00601316999342312
278,0.04421362549565514,0.01973876163670671,0.03490330597035491
279,-0.0033564733802975743,0.0019222868393346019,-0.012386598659134995
280,-0.0002984741542054991,0.008690021797585974,-0.003139487179543972
281,0.027762445804247547,-0.01306269875922506,0.024719780170944877
282,-0.014822724965687501,0.022793180744211845,0.022204266487717932
283,0.010337837793204794,0.0057315835902089825,-0.009924061268324309
284,0.005990988890852516,0.008843429746428134,0.01796725317814431
285,0.014960912778075961,0.007809429213213165,0.01663527617151566
286,0.04630688979498464,0.02242752522932004,0.0038186341512174414
287,0.001805153183374877,0.01002878052034273,0.012770480883451125
288,0.012368236281632836,0.01710013144904771,0.015095895291725845
289,-0.02352795651570614,-0.010225642846231502,0.0163613918078143
290,0.040096384440665864,0.018160869586786237,0.021093609368637394
291,0.06173755675257004,0.011886983595911393,0.01836699861612996
292,0.06987293341689385,0.0068750399623820355,0.01731463868385148
293,0.014201982884690092,0.0031785488525038867,-0.0007742822108982
294,0.053978525456124964,0.02687557301196346,0.02688859396070722
295,0.06670066293996618,0.029762894869981692,0.031649058692264906
296,-0.027174318875483307,0.0022379158038358378,-0.011307931521921825
297,0.025689664661401202,0.007536583782098884,0.020224999627742702
298,-0.022080727476483437,-0.006350744719160146,0.005187584282300127
299,0.03806535151967106,0.005953737163526812,0.012491845243618852
300,-0.0050207461884519715,-0.004835823721758619,-0.0011878151480198104
301,0.029239221055802983,0.025011318932421537,0.04362353886331168
302,-0.0027865369627591593,0.009260365621775067,0.04104995313408056
303,0.049435435798472656,0.026644293992112954,0.05686820689519641
304,0.03448427672485584,0.02025085549591153,0.030084877424257844
305,0.038070401267768145,0.016531238931857074,0.009635442938580072
306,-0.006067561406556597,-0.012292182566772437,-0.022937786023243624
307,0.045783181215163844,0.02910368607146024,0.06656797920478924
308,0.046853140571601844,0.018084530571095322,0.04913272221036453
309,0.0006870760001641895,0.01842857678150306,0.037286883900465924
310,-0.04038020548003394,0.022757572959236364,-0.020016132876707424
311,0.018641372931629836,0.005693990767865621,0.04395130787264651
312,0.039931079531487425,0.0045719655825742405,0.019230942167731527
313,0.021136361260217184,0.019598772593018867,0.0018623449725001825
314,0.02054270213728732,0.003977119640215084,0.013846334521381839
315,0.04832970276842458,0.014128144959310028,0.030251862751953785
316,0.0072749514265658165,0.004019510075320567,0.03259131729657644
317,0.004577159462256935,0.00020741259504839174,0.0007517782243538278
318,-0.06802586963963862,-0.02684572302949852,-0.012961158993994427
319,0.03538619257450233,0.01650299939746295,-0.007143963792139591
320,-0.0008668470570470507,-0.014291128686133464,0.01024300516089418
321,0.0415852119167097,0.008606965350338417,0.02660738326647487
322,0.03255399029143643,-0.013680384733182577,-0.030432979541359494
323,0.017813963909644806,0.01091242085136817,-0.001049414684498052
324,-0.010185213492169031,0.008743270590856434,0.038959457960311396
325,0.03270229172221342,0.01671979487302093,0.00028360930022412707
326,0.05872255771806373,0.01762300655693643,0.023082189647047925
327,0.0142687821419201,0.03410079949215795,0.009884081523306259
328,-0.004815857103606246,-0.010576873848865723,-0.04126460751422376
329,-0.013489882862379392,-0.0003463394602149285,0.001282762596693084
330,0.061725218738772035,0.012438053705692596,0.01937492286193189
331,0.02680258556482222,0.006623075861692646,0.01963600846174465
332,0.03509605201641064,0.005160307076995204,0.009976862919461578
333,-0.02653387660733771,-0.00219556666669031,0.014144104401705375
334,0.0214840238606722,0.009180742683704822,0.015066292067194063
335,0.023385395473699045,0.03340396846089069,0.04528379250725031
336,0.07621197911677124,0.026115661773070262,0.005901566053176127
337,0.0312860763054559,0.02049868804229806,0.04884394681018415
338,0.08103005387698023,0.01543082804495917,0.025645944884074887
339,0.03945210791616413,0.02225530682609216,0.006291295223532538
340,0.002484416154760574,-0.006274625486162786,-0.023800498631127973
341,0.008014960827677739,0.030846329296370333,0.049217249163807215
342,0.05801265701724772,0.04331980541623658,0.026846057744180928
343,0.0542313412266198,0.003763317746002328,-0.0004392997411553859
344,0.061986636535212004,-0.006307874731992619,0.0047879618883259895
345,0.04926379630803849,0.008261237297498608,0.0071148522271209935
346,0.010121372528791034,0.01352373928639101,0.008669389541622132
347,0.02730195281599047,0.008430392083772994,0.0019006550535821322
348,0.015099190353336093,-0.0013338042969227488,-0.016056281247021464
349,0.050111177216787726,0.03489971062652283,0.016758155326916296
350,-0.043161289813549324,-0.013049352841673748,0.005820470997544921
351,-0.00839867072211105,0.010459767651233033,0.0210657369887843
352,0.035709459187547914,0.018131372582784005,0.033259402858558544
353,0.0451531318354324,0.013787982321975515,0.04009088442599746
354,0.02652808941153074,0.0034232849711312557,-0.02688937837934614
355,0.05670641530647881,0.01641547284656499,0.02587803084016719
356,0.046910006370994385,0.031557967401549744,0.012714422292693367
357,0.018570703043182493,0.03125570809243669,0.05434256396846673
358,0.039230842724150186,0.00034700606327771176,0.01581686824073596
359,0.01401887139435064,0.01662457727726843,0.01733186170554278
360,-0.013809228179086577,0.03917393112813067,0.021931137601589254
361,0.01634312495138659,-0.002652465623321998,-0.0011443550442216332
362,0.04131478142188725,0.03039917821836118,0.03002956957625161
363,0.06083375752128383,0.014559220791303696,0.019277744136020764
364,0.019753028359545084,-0.013261572208705772,-0.011948763617905239
365,0.04037928663503253,0.029775862270714118,0.04417690343938049
366,-0.03622999745836743,0.0003914589456204392,0.00962668702375791
367,0.0690146643442811,0.041243484586063306,0.023470909751837958
368,0.007429693605908365,0.014184730632349462,0.0685692577177364
369,0.02769712675266036,0.00032595722569506364,0.005590456913184438
370,0.050833845521709616,0.028132152229843346,0.03962929867932028
371,0.07493729863204322,0.01641204407646475,0.035576673361877434
372,0.028174326646082822,0.01807611796707475,0.0015930877620456614
373,0.008069076414786356,0.022366936370767653,0.013541465801117501
374,-0.005663961405673229,0.007328278738282901,-0.015171811977268062
375,0.08639436545938876,0.021426442740944126,0.04788817752502615
376,0.002484168215041974,0.014003528860657416,-0.024547282956405347
377,0.06317653335329636,0.02956342595896935,0.003261320501164155
378,0.048168331031851065,-0.00036206539965227927,-0.011985102105445084
379,0.013140636054851135,-0.004478298738498457,-0.0061135543387462
380,0.023253482354528156,0.03272332905826978,0.05883703390328761
381,-0.05378855113335968,0.010358979412964348,-0.013630680097515944
382,0.010788750136072221,0.024340564042989787,0.03757346029756776
383,0.04170302393215431,0.011096522934734794,-0.002100425742686973
384,0.004044071895762797,0.025694485157318068,0.005335314810109145
385,0.0240139922443784,0.01148864091473358,-0.0011396523401459378
386,0.053666981522981806,0.01797422979367901,0.025418594475082126
387,0.0038472355918771858,0.007705560238056834,0.028387469620841637
388,0.016037664357172538,0.01809089455187276,0.014703467592605933
389,0.05975040165960985,0.0060768334929632364,-0.01188732564415343
390,0.006848903876491198,0.00017627202166016213,0.01296720317335795
391,0.02639141018238114,0.007326549998874431,0.04059438526569264
392,0.033625863348614664,0.010119907758016808,-0.007716630352649214
393,0.02904298883163339,-0.004966491966257798,0.02071174566083509
394,0.04902817698035044,0.0338377766734947,0.018694262434667246
395,0.05953744158959254,0.03208187029704322,0.03701959302402979
396,0.05471264621277177,0.01815519413007629,0.04377511074883971
397,-0.016196742324251917,0.01774411389245216,0.0004780346464973541
398,-0.0027141107069225644,0.021001815982472773,0.03274335254642193
399,0.03906308119280983,-0.0015726922984375393,-0.020118021502960014
400,0.0006392262997420306,-0.011162588393564585,0.014968574447092924
401,0.023898113376340437,0.002238124601427376,0.02464574183088643
402,0.001637879145706331,0.021620885626057792,0.0038048216939626303
403,0.0003705378654044614,0.021643245969813315,0.06276100310386913
404,-0.009567862762093503,0.008657113250992231,0.02416278839728874
405,-0.02230514566099417,-0.006978260760138389,-0.042620814286575284
406,0.07400847867144827,0.01675439772273735,0.008618800314255335
407,-0.011189546702678849,0.011045603104176157,0.022123622418738918
408,0.04761297114856526,0.012683015213431178,-0.002201330533300288
409,-0.009314949890679472,0.013419805759383705,0.047536604026754845
410,0.006459414999978259,0.010452896818885093,0.014226582063512223
411,0.05095527879053354,0.004414327469571511,0.015931441900457772
412,-0.014514103076406043,0.02272015480830209,0.038237034701771595
413,0.023827480601737512,0.03574718593247376,0.04617769360363766
414,0.002797130557811147,-0.004120739313507123,0.005367759473105466
415,-0.014753188935119427,-0.0004352440354875839,0.032564661391001025
416,0.008014688710093379,0.006825345175190005,0.006533312824314269
417,0.020423546030257693,0.008927565676245648,0.01381052752487893
418,0.027060986760109252,0.020819830269446924,0.04144568170861746
419,0.03449728463949881,0.01620057582908885,0.029063614221714218
420,0.008915000188123036,0.0130390913524209,0.028096939879966972
421,-0.0007747336340681906,0.0052680447420384805,0.004313668554046538
422,0.027780122656784492,0.014859416313400547,0.04688583010909485
423,-0.017849946491383713,0.007903862581169539,0.003077644722591975
424,0.08315109570044873,0.013491728318358482,0.04372320943384041
425,0.03235729308874317,0.007824713783434753,0.03609919382442489
426,-0.014785270153411169,0.003591091839207562,-0.011772258450730657
427,0.045450346687367346,0.011868578386981793,0.005594035361275727
428,0.06930660821872635,0.024718932158558738,0.011340281128929647
429,0.04786429531482726,0.02203969363017901,0.022080389489663774
430,0.04558908601186109,0.021160834067119615,-0.0029949908949222868
431,0.0465409817529894,0.026429568601606376,0.036156279507030986
432,0.02231974097658186,-0.0002232668786763192,-0.013612505181397668
433,0.044766878922748915,0.008264887286208977,0.04144430836581818
434,0.021353952255097355,0.004368499871275675,0.03823096210564868
435,0.03982024246094822,0.01937631203197041,0.004756212489554554
436,0.008478182983144749,0.006753604356955711,0.021220240647198498
437,0.05637711146674429,0.014469124049046803,0.019447579924359377
438,0.056444853265989255,0.03175667910593667,0.036941616460448974
439,0.0034214717216273817,0.009865645524288784,0.00856050900100962
440,0.01757925191494218,0.02164700627376849,0.016966534381893064
441,0.06253517035620228,0.009079582925610803,0.018873641559164062
442,0.01761332544620083,0.019627702914482972,0.00022047256136818868
443,0.020090719395691806,0.023512657572325277,0.020899321042967735
444,0.01643503305289444,-0.0037901348730688773,0.002667841700098295
445,0.03393932081811679,0.011214194699493845,0.0053138771028767035
446,0.07171623173999755,0.020601233329133103,0.01457596518130444
447,0.0011736266642751439,0.004924831427073951,0.028085670054466133
448,0.07315536557426063,0.03555668625660685,0.029180466083734112
449,0.11468603994521286,0.04142884782854648,0.03718085793343404
450,0.024957997186555378,0.0113120794687111,0.023424394901696757
451,0.07091184019200804,0.015775434244068257,0.017715641152110776
452,-0.009795422130490304,0.03317842363069407,0.04124412767497897
453,0.07223616404991141,0.022377036705221447,0.049743993718212656
454,-0.018957499202854926,0.04621332146230965,0.04447805331100146
455,0.033641501754880586,0.043955966435730603,0.09116246595801195
456,0.022107166298939433,0.00789719014962116,-0.01435999075817897
457,0.03319226350447129,-0.005715597335324314,-0.006930131388645445
458,-0.017271362082373124,0.019422972445440508,0.02887281022552566
459,-0.020500773806230336,0.01100932220487483,-0.018828798603276964
460,0.03294714711088026,0.008540082594552285,0.011960242829170515
461,-0.004917171645635585,0.0008876012055034782,-0.030763552903099994
462,0.06546796049937986,0.01587039538715153,-0.0037590888685827563
463,0.021633332670015736,0.005657534694326389,0.00987410531042574
464,0.056303038788070296,-0.016259530482787856,0.028767505754084523
465,0.030814477555716355,-0.0023818250820706087,0.038178101673124014
466,0.055963339747397804,0.04272675138529859,0.06033136704510557
467,0.0614102064495162,0.026190591655545728,0.030890511879756583
468,0.0021208586656771508,0.017925651349355625,0.047063071365729126
469,0.05615273204024101,0.02932811477303388,0.052985725664898786
470,0.04942795203585892,0.03909348438643706,0.07016530295832016
471,-0.013715107472097752,0.004056247491450617,0.03828054508096249
472,0.03714245297652172,0.027114359148702433,0.07414608875335706
473,-6.007732654752896e-05,0.00028044221721854724,0.009052400673478081
474,0.06094676465826048,0.027505011544099924,0.03584543637692966
475,0.005997088397646156,0.014728240544331247,0.04785836822162847
476,0.05214396731705382,0.013794957313723972,0.012126882231027352
477,0.02670723972627781,0.013851176529693005,0.04905920429167947
478,0.038695613483296254,0.011705219047298885,0.04503503905555536
479,0.07551823397158693,0.020846404220410543,0.03520412415706693
480,0.022301847291954623,0.03329050209125753,0.021195630329271613
481,0.06649582462679958,0.009190448170585489,-0.024970345928937893
482,0.006401671015538269,0.02852324243597589,0.024557136126539276
483,-0.0024900940844562566,-0.0029594694351578713,0.013026749936878123
484,0.018908591498136562,0.009971344412033773,0.013000325219788736
485,-0.025569111626084162,0.0026781975263292907,0.017192216741736915
486,0.013489961772210173,0.018730117167066702,0.015545003480515586
487,0.03322858475358798,0.0008982907578099622,-0.0008323300786222478
488,0.004535139657638407,-0.0015991133697288763,-0.013868950256339036
489,0.0417227941235338,0.0028342706899960666,0.033752285504769934
490,0.05278518290244174,0.013866032360988049,-0.014143110666820889
491,0.01608461056890017,0.019460681814744623,0.01519860951703789
492,-0.00016613364209154628,0.02764020107818797,0.026643660328191484
493,0.08123911892109456,0.021089878647741707,0.04334494392937766
494,0.006174521553099017,0.013169901140949347,0.002139655366955916
495,-0.0030413644621373978,0.007159113654875021,0.0011852566591541692
496,0.010801789139027225,-0.0016872475059628677,-0.017348861037700523
497,0.006039529896098938,0.009684859681143137,0.007638701771088745
498,0.023357442451246487,0.010592966354019136,0.011185669272849672
499,0.0392039485870656,0.03682645150763006,0.027522921950174892
500,0.051090377823997155,0.0018494668486553221,0.01838600845901826
501,-0.04383720658666669,-0.016228257368269522,-0.007259503644667706
502,0.022113038036258192,0.02124418839747481,0.01610067890710696
503,0.014456087697607919,-0.02143393439056993,-0.023873884357794067
504,0.08332584147009174,0.019033625789861414,0.024365551392273872
505,0.0348274681872054,0.01848801611872025,0.037150577547349205
506,0.009534500538011154,0.012443839407703263,0.0460024060501456
507,0.07115815048585815,0.015038045816571673,0.014415009423418208
508,0.05242490203664364,0.020913723496307882,0.04389605698714125
509,0.01451279676813959,0.009701246397408566,0.012088920700511116
510,0.018267216165154667,0.015409157733043046,-0.0018627467774856778
511,0.033070589251986124,8.93345586046284e-05,-0.014374932214834218
512,0.008661880034421527,-0.006599786926619948,-0.005139146635742133
513,0.002123956835306501,0.0064614607805688505,-0.0298343062246084
514,0.014095629554746223,0.03136709226048025,0.027896381897535863
515,0.025881027410206515,0.015203218486272674,0.03543694827505937
516,0.06169259304915933,0.023664851987182735,0.019088865982400137
517,0.06167739044781544,0.03177445921675538,0.039375833965763475
518,-0.027657720980232947,0.003433432361645405,-0.005617381411705366
519,0.05307822026089846,-0.006349702014424518,0.004551812900017912
520,0.010536540026770753,0.0065082537854026035,-0.009504031581853105
521,0.028725418393705057,-0.0016537236020104362,-0.004067566981333375
522,0.0400705408140147,0.015729487191788225,0.016693133566910434
523,0.02404431365734926,0.03141483490999478,0.002095408668311009
524,0.016947998252430648,0.011836960629502041,0.011660820185560217
525,0.05871592874568275,0.03266427258290769,0.051842537513470205
526,0.041050385595933075,0.009623761452896833,0.022393990102835777
527,0.0057417686684624715,0.02008265801627926,0.009674813553012713
528,0.039384364762881624,0.02240786528537219,0.021385074541321197
529,0.0009636471183579326,-0.01653280527710405,-0.0049557799298453825
530,-0.01062369093890424,0.025291197958429514,0.04276601870190151
531,0.028857029735930805,0.010165181154945635,-0.0202173414278101
532,-0.006945656359583453,0.020925835087554218,0.027537294954643486
533,0.024378102694786345,0.006066570873975321,0.03477477022765061
534,0.004748292978661735,0.009568774246701623,0.002503889875527351
535,0.08216743489157956,0.030710852125750684,0.05354439985429919
536,0.057645130483302,0.007524779873433749,-0.005184290632227202
537,0.02005213153427593,0.017196536686493156,0.03194316833332621
538,0.01613583395870045,0.005760120042024132,0.0013562675077715578
539,0.028099143759229478,0.00884613245146023,0.02434459772172611
540,0.016014562151896256,-0.006075263647333319,-0.014287675180581256
541,0.0002937695093722148,-0.003938968656867166,-0.017985660065597157
542,0.031781931512060387,-0.018094121042370043,-0.014091818698501105
543,0.01123464749750855,-0.004226452072826712,-0.011150248221962719
544,0.04150129070132375,0.010899892432975754,0.01914448893390627
545,0.0018934219822198662,0.013331491167920583,0.03205766400906597
546,0.0533188482036917,0.01934681656754351,0.003959864529485993
547,0.02974725554721314,0.022327245724384638,0.01514581595447977
548,0.038449561290220015,0.02627119204125376,-0.009621108546165097
549,0.04453440431684196,0.01595290760415289,0.023606497684284307
550,0.03797258181520344,-0.007315234693823419,0.0225377124270205
551,-0.025240414485269327,0.0288339441993493,0.04684887691254962
552,0.06569450569427014,0.0236912987997255,0.03795631760724153
553,0.06613554619355899,0.03153589784142507,0.03822963431489533
554,0.06813430961987724,0.024509077764351586,0.008990858074498821
555,-0.0024174639768280172,0.029077888666055096,0.0365334533317119
556,0.0011117564433228,0.013308915503976386,0.0018520548352587516
557,0.0008986967828446551,0.006634533311533425,-0.006402121192620544
558,0.08780562775032037,0.027159403601863127,0.03088028496435709
559,0.0805592526086977,0.019678464618316183,0.03402208017775237
560,0.021781954385506522,0.03031328890658347,0.05973890790065184
561,0.029145212625258526,0.04161836417265136,0.034566754193704384
562,0.017696678851281445,0.019777637220085034,0.013894629965163672
563,-0.0028487856414176668,0.019073074666710828,0.03279654770712572
564,0.010176816241264578,0.00699475339052428,0.014278431630879655
565,0.0012293858524660738,0.0023942025957199345,0.010143051638256741
566,0.0030663243820889035,0.009974919673528995,0.030578492626935256
567,0.05127535663411687,0.030081061935455733,0.04360165386956878
568,0.024031533916718244,0.01341298070076749,0.03137941223706506
569,0.02174908007193915,0.025536782875434344,0.02196671017948495
570,0.04795943013323406,0.03943019825457781,0.029826593843711266
571,0.010382317808665916,0.0030081262479635324,0.0022711461570634533
572,0.02225763265097562,0.005015998099398152,-0.009684800449027316
573,0.07482169798157554,0.020125190647988456,0.0025600982057706985
574,0.024185555046506435,0.01786979326888967,0.051783071086386724
575,0.037705001723041844,0.03765062146380236,0.033853877789611374
576,0.05326798953293483,0.021453751049435636,-0.0009461341425927752
577,0.015772819187411757,0.01542346229530828,0.010090564631771999
578,0.015681925344986244,6.816099468282323e-05,-0.0027624057744849648
579,0.04601366512407815,0.008485510918472595,0.009733498968760418
580,0.00157152820687596,0.0013350946211863673,0.03909481058853702
581,0.03266221989146485,0.009107563285652612,0.039619203830162736
582,0.057935017853785395,-0.009305044440694644,-0.016633213551651056
583,0.03364063383209861,0.03438120159471645,0.05542423828820373
584,-0.008304262037362902,-0.009844246295432837,-0.0024779212227655388
585,0.04953750873035619,-1.4920727497872319e-05,0.002420584212773312
586,0.06816527756878275,0.0055795200546391345,0.00675948328352307
587,0.014969123429441336,0.002134513040718626,0.009685734204717321
588,0.020528997433314967,0.02414978862686794,0.040117027490278456
589,0.06307927497756585,0.01906329665068139,0.014847434125219923
590,0.06757230348549689,0.00022917063264513794,-0.027594415547833546
591,0.023722849687806604,0.011154715125720022,0.01190005940422039
592,-0.006977801897321952,0.013736720253150446,0.009499039335914531
593,0.03150685679380379,0.010631214087061632,0.002676776707974364
594,-0.00483093230801765,0.022252447998753377,0.0279351950753862
595,-0.01562374435963205,0.0013417451004081903,0.020510380217831643
596,-0.04524003373778972,0.0070772653121379476,0.0281995423505797
597,0.04882002817781578,0.01506036781345969,0.01822161238515053
598,0.0056915032992706244,-0.013669711868462742,-0.006396523954159007
599,0.0377241011927189,0.029520970006085622,0.02956873904549577
600,-0.027426540508431307,-0.023997670885664873,-0.02260166171495742
601,0.06012793807004923,0.036195820509191644,0.009339708435253374
602,0.07113008835173407,0.01942173404273895,0.008983221300246433
603,0.010988058276763035,-0.011980464769499117,-0.022002104238644085
604,0.0296692145078647,0.02891310722937907,0.03625806605351946
605,0.04056119979960146,0.0040624822730226245,-0.004569002451029304
606,0.029788491048191562,0.008971914512508502,0.038788259040926865
607,0.041294663267850855,0.022882427479904,0.005322747197726016
608,0.09280244509693421,0.03839363732089285,-0.011544000717304086
609,-0.0036290093721353424,-0.0009594748399271413,0.009608342400790936
610,0.004814498416261777,0.008595118680838908,0.011299702216422952
611,0.026453852190938727,0.01960438480471867,0.019684162865849432
612,-0.004666054577716855,0.010029030757793654,0.010072292834005236
613,0.05310851252757161,0.03533829053132067,0.03157743376920724
614,-0.01911597423828326,-0.011179833194506588,-0.006800686317189499
615,0.0200335554118753,0.0254117871805718,0.05497623898949715
616,0.030092434581864076,0.012760968511330689,0.011984581126256834
617,0.06154368554165842,0.04035919841020095,0.05260225973335218
618,-0.014397668102657296,-0.0014593922434244916,0.022088466563881998
619,0.01949706918679247,0.025153470346747833,-0.011149958303436104
620,0.059255205103360846,0.013447427984414177,0.02349077228868298
621,0.054537178579474564,0.005491961564711757,0.0272569052504516
622,0.03371332546012778,0.015565342108137724,0.042365069700026355
623,0.025125092704096217,0.020658664728284586,0.02982257553843929
624,0.041504058519972784,0.009199262491799401,0.010848489225868323
625,0.03515904477431574,0.027932326426367195,0.04030256079645072
626,0.01309410804074493,0.011034360164083021,-0.004026553685710439
627,0.06824802122762277,0.019194498213741307,0.04965859067379445
628,0.036999142037106,0.05214161836005256,-0.0027044324175153366
629,-0.0033686330395241823,0.028335865246833156,0.009569219771673666
630,0.0014817957904592928,0.004423171379676448,0.026399414343243298
631,0.028278217240798015,0.0009109584536897406,-0.006357239863023581
632,0.029267196589622027,0.01743244504223277,0.025212183037710664
633,0.045413412628669374,0.04271611834942224,0.049151606096577
634,0.03744763867251331,0.024974508989699263,0.0077088643221054805
635,0.03246764031107794,0.023638433888379547,0.060497188186796995
636,0.02968177891323329,0.004891894414156024,0.006723908467044116
637,-0.010671544793869043,0.012707466028349887,0.019816754255922588
638,-0.002930664444935523,0.026868180017337664,0.06182980046033951
639,0.031760171440515676,0.009654741401394178,0.02770433242447807
640,0.02392910371080196,-0.0005079811508194142,0.005457829958878499
641,0.008102857535104863,0.002892453383237894,0.020229913558232795
642,0.0491593771350892,-0.004110423796508678,0.0065631440888492334
643,0.025151262790805456,0.03459686564517003,0.03377316706060937
644,0.003859611747744417,0.009532218844226148,-2.14743868459636e-05
645,1.4806560479765032e-05,0.003216104705055987,-0.007716411742980246
646,0.03717746932798728,0.005364959750788886,-0.0037861707324223317
647,0.027686588133170004,0.03861846754629033,0.06954526904570096
648,0.023232555381163672,0.03938520322455587,0.01960079776041374
649,0.032781541250859185,0.002295254129395267,0.0040731339221141485
650,0.028549305522053092,0.01725784135358321,0.02662794314157098
651,0.021061890361206436,-0.0033831560716596465,-0.00851793338759492
652,0.027110958083200916,0.010377725019480038,0.02009516969129438
653,0.036107146643139985,0.008397776824589932,0.010227659139918297
654,0.016608727859034004,0.0273550369228236,-0.0010201642403476552
655,0.025936923187297862,0.019744955064377685,0.0504347384096255
656,0.007875643359111005,0.03282951210081527,0.04397562844296351
657,0.03756675510243442,0.021474288792405736,0.03336479805794502
658,-0.017927379031340365,-0.009177639874259668,-0.004789771324022321
659,0.03388533864120475,0.024848626284449327,0.023554519199041023
660,0.005174879405119007,0.009834851331488715,-0.019096253650677176
661,0.018435628533443667,0.01590198627995467,0.024992036250545926
662,0.06730106827622281,0.03301874378033061,0.06387372428307468
663,0.02326341280224413,0.011529711799955808,0.023687717028163253
664,0.01516581104096137,0.023342719533531613,0.029021222970233705
665,0.071709277133477,0.025990252869347613,0.03026076770944443
666,-0.012739735642530035,0.005166649752474592,-0.017719869377975747
667,0.017303393273905936,0.006335330963228074,0.0014811498546814799
668,0.017792636454981844,0.029060817270809433,0.029032246284264575
669,0.06430822619453679,0.027259286711807326,0.0072081464029526195
670,0.06957201592978265,0.006269949837558016,0.0037118711295915556
671,0.06024027978085816,0.03621099287177617,0.04551169718388748
672,-0.004805549677372402,0.022802397199970674,0.02459059596607271
673,0.031890373011852206,0.011061202754419236,0.017536227035856597
674,0.030591448220052088,0.01587637729322011,0.0178293149661604
675,-0.005119166679625351,0.014464450881101024,-0.010095858496949627
676,0.020357316736705447,0.019483490929307953,-0.003374603948871915
677,0.00656713927377529,-0.002387671237909754,-0.010592692656871813
678,0.051238348801146964,0.02473124735888725,0.03482839686507647
679,0.04381870607603525,-0.006295336193697596,-0.00601957194806556
680,-0.024949463676453513,0.0020374496870879484,0.027219652798809828
681,0.028856383554544722,0.029408734294796242,0.0789937991437065
682,0.03740842170802861,0.03535637254322791,0.019781513968006686
683,0.03415777335514359,0.01147426665074419,-0.003048269734802286
684,0.04538353383080416,0.010591286261824888,0.009451799630529268
685,0.03821724351468627,0.015902016673474153,0.0018256609073706391
686,-0.00832781527721565,-0.015701566537511005,0.012188932605997033
687,0.009172638580973266,0.011197745177792005,-0.007409718598705572
688,0.0359012098555949,0.013058149759934487,0.032340944619889435
689,0.04155973389308882,0.0003904167480355702,0.006136819495713745
690,0.051281537288002964,0.027010971763327448,0.03436668295027468
691,0.04431604172732513,0.035046749282207856,0.04197317855383677
692,0.025046978666298635,0.028411456135034045,0.05660186526025134
693,-0.01630087796403031,-0.012283973661608645,-0.01329788016213549
694,0.01807392491860852,0.01590844276299664,0.024999575770509604
695,0.06343469475058017,0.02120592866811334,0.03943098975085893
696,0.025911433692588498,0.021789970302298352,-0.007741843930771942
697,0.04216802432443549,0.022486389353418183,0.0665360563594733
698,0.06626232455927761,0.02832784356061738,0.02677743452055592
699,0.030673430067050533,0.021517914544753356,0.046656624242236634
700,-0.006645374553024372,0.0028223718188702964,-0.030533876765725377
701,0.050286326667806566,0.025104350616347713,0.03791091880890883
702,-0.005702581212967706,0.033846138989414035,0.035483271223327305
703,0.06086634882378688,0.023742089658764873,0.013836680735599627
704,0.04474020527443592,-0.0005213387309337243,0.014453576067997765
705,-0.0028210105462881715,0.01854097400173697,0.09152536825515642
706,0.02524233409590898,0.01670626964991146,0.01628728740145771
707,-0.019509552083683147,0.005245524471340982,0.013903910561449458
708,0.07639009620212774,0.03354272289075712,0.062098663516868456
709,-0.008191915184943726,0.021398046425875922,-0.003752593754765353
710,0.06542479487704021,0.021250984588116188,-0.016306346340763014
711,0.02650715880863746,0.006094672119782135,-0.023337683840948996
712,0.05129959148880395,0.012406260127074348,-0.01817039665174703
713,0.03317742998143856,0.008183944455686645,0.029616303424608602
714,0.018648459117386777,0.002018604707227791,0.0361655801549543
715,0.05856019658608705,0.02130309521442848,0.07360714269869457
716,0.03584589077023389,0.010483618009118106,0.008175318041629248
717,0.010726456804365313,0.028630239411237983,0.016061046865509448
718,0.05273860999153567,0.001945963769200486,0.0028934610622403604
719,0.07543232343330948,0.00980819953940555,0.010202103109994282
720,0.028899238384403784,0.024135857770232066,0.02060365391450167
721,0.029403753839108978,0.02609667259001694,0.010487305453021189
722,-0.010860212255030095,-0.0031351660712142155,0.02326752150373137
723,0.00029428047535105047,0.0033037441060040644,0.0006706916167314997
724,0.04570174978328989,0.009868118345364397,0.0177427093520423
725,-0.003035587747365253,-0.009498710040201553,-0.007095230588526926
726,0.013916059473353653,0.00974800410508438,0.011910886185539125
727,0.057865687939303585,0.008427554904364835,0.0036686997499858097
728,0.07569801319120113,0.056725294037522404,0.025569359632329886
729,-0.004680022959179306,-0.012937547162791082,-0.01824295925762017
730,0.021778839848463957,-0.016168378298134098,-0.047218760390297675
731,0.020406900867044893,0.016414700496255433,-0.002422027997054347
732,0.03511022532042652,0.02179401949865972,0.044198980362061546
733,0.03976547547717811,0.04200047879632142,0.05546420234126226
734,0.022730990106057294,0.03666311990537745,0.05741114448072475
735,0.0005169867656409575,0.014372000745642597,-0.013314289230327361
736,0.027222692380453446,0.03022384953385824,0.044085587810016265
737,0.028380769599544806,0.017875072089041773,0.04935475301629166
738,-0.0019398579520153246,0.03770401268974342,0.04128358946422053
739,-0.005593349756001646,0.029426999422994045,0.07207523512120308
740,0.009828396373625755,-0.018510249768400898,-0.01910235787628617
741,0.022273491178640845,0.003999813309998842,-0.03232050381810288
742,-0.02625215286144205,-0.006731830625514599,0.023114198015426878
743,0.004827680725543605,0.00801481667116513,0.004298506841719573
744,0.023075344449283938,0.01286088277902863,-0.0037892146535119836
745,0.06326876250536677,0.02042697336746857,0.03577523812661873
746,-0.0051290856675779775,0.013816865168388995,0.017579167936568944
747,-0.02584103615783558,-0.025710019930359387,-0.020047741167763027
748,0.03762672281856726,0.020063113638023957,0.047013406881305085
749,0.05288430640675884,0.015383611973865011,0.04873964345580071
750,0.058119574926779785,-0.0014540456760745403,0.005838172387905828
751,0.09537993033369893,0.05809762649442304,0.03947164948817253
752,0.039170615923325526,0.019101206719366746,0.058439023033391393
753,0.011921448859444522,0.0020256685645125743,0.035272910337916574
754,-0.002418173293972387,0.013928281061109469,0.025916453716336278
755,-0.012927140306181898,-0.022003634771273914,0.024192010755803305
756,0.028314433427922118,0.004738871556506894,-0.0001913903016849503
757,0.003953816307480493,0.007989265934787337,-0.013187334436765095
758,0.00348617554283076,-0.01714852245296191,-0.015713633724881115
759,0.018473362646637514,0.01207516225311316,0.028790024811564507
760,0.03664020803361548,0.01390879240460581,0.01410772693323526
761,0.0011876015196732406,-0.004971097172032046,0.018733599115422838
762,0.007824391349496963,-0.01805166288642397,-0.02952354986815245
763,0.04462631816354254,0.04814107130149605,0.014747885991162628
764,0.046684875190397,0.015314642924699142,0.008802435899764729
765,0.005743749192167183,0.018727608145005514,0.017636456350233497
766,-0.01844524720543884,-0.0023613917951147917,-0.0171618337855212
767,0.05399920177789949,0.011117087028230485,0.05293363612096123
768,0.001312513590838458,-0.013850839790416389,-0.004774601556835523
769,0.0018084475098143705,-0.010935505903748276,0.029076183402275295
770,0.04727758309414453,0.018838707638512232,0.06017703216997174
771,0.010984117460079103,0.04833636106109761,0.050788456933050403
772,0.03612749740951022,0.013644391156911797,0.025197766540284033
773,0.021976302322366605,0.0018515768896317506,-0.00997988337239391
774,0.03919900465800242,-0.00456379132982579,-0.030648025746170437
775,0.006372009289602229,0.008107131640068212,0.030888841080086684
776,0.03512294852347521,0.012069598530650403,-0.01464329478258425
777,0.06029580555199803,0.009372594656106376,0.01368607017418363
778,0.038760286471211595,0.02846312705397533,0.04737763793492424
779,0.042338239176630585,-0.012283843065336234,-0.009562871108086781
780,0.04254508284883092,0.0244650561690088,-0.005955848525318603
781,0.022074980266612466,0.018040708316205252,0.008529369489475086
782,0.055215990474731656,0.013557804857185253,-0.0010453200804701062
783,0.02161757655752329,-0.0003639914705594266,0.0024651820498098618
784,0.02250447437126313,-0.009108062761595417,-0.0061395056155787876
785,0.027449177681159422,0.025301431944896247,0.04169271317302744
786,0.005495336911588421,0.029515567048672052,0.0482953681503422
787,0.008869494151770936,-0.0011827825280966416,0.01326210818402565
788,0.00727955455202996,0.025336209430603173,0.009265628153412815
789,0.033982054587178345,0.004900633128049277,0.04267386294809042
790,0.007386674355844254,-0.00437036155530557,-0.02701114793080538
791,0.041056426668214935,0.010375200094349425,0.02543404676642248
792,0.021855500557417338,0.002312843426615159,0.023315237326814765
793,-0.000887214400610444,0.01522647355561977,-0.005806993296110947
794,0.09419104636247909,0.017610139304267976,0.03462991367349251
795,0.04912150738728337,0.011617297257055466,-0.002243206755717741
796,0.10372026892780248,0.04170009782200286,0.08158402903588273
797,0.07930318959536532,0.015445952280959605,0.038352214463346176
798,0.012682673299857342,-0.0005224898047780392,-0.012823388877687275
799,0.0517384188601115,0.043325073195468154,0.02643727004228411
800,0.018369360840087938,0.015255622912854252,0.03723939623313735
801,0.05539160445365641,0.01746840676968067,0.061364691425985746
802,0.0482759012479194,0.04703276059179619,0.07059664937519475
803,-0.007754395739830578,0.006996631390742652,-0.001115444721267749
804,0.04919904534309647,0.016766027045702715,0.048459463469998874
805,0.040051471325359175,0.021407149392341663,0.0456339634570156
806,0.023798279997117904,-0.0020851860447627588,-0.0015085925644049054
807,0.004955609923329686,-0.007638269497898671,0.007952712105013153
808,0.012608702723924944,0.010119550267002812,0.004518996818887836
809,0.03266485864270783,0.01118045770454657,0.0536573922826292
810,0.022096358803913346,0.02148360218643718,0.012317275124378206
811,-0.0021173948700966947,0.007006832177381422,0.02393604947312695
812,0.027798368261173455,0.010350979225896085,0.011025044685731605
813,0.0620650176873727,0.040475790087968894,0.036720684222542654
814,0.00198560301297994,-0.008051045633537509,-0.004340439182107918
815,0.0038567300493130992,0.018134049883002386,0.03774803054830399
816,-9.087910662282985e-05,0.00923651049029891,-0.0010891497392497465
817,-0.0003497169955053657,0.004715363974822182,-0.011599941255627392
818,0.02053493709368528,0.004688703283918487,0.0010786470428360711
819,0.07447439787879724,0.0407359674580811,0.010548410208571214
820,0.03897752784352131,-0.004963487424039714,-0.0049697604944382275
821,0.015292349293046813,0.008257289941940636,0.022274781622983804
822,-0.0066575262146384845,-0.004560779139937367,0.010350304122496653
823,0.008647024311162432,0.029893806247044748,0.03435829377341654
824,0.005420509838596893,0.009231713594885702,0.03531233983771503
825,0.03172092599557063,-0.003638418090740824,0.042148954724555224
826,0.036680383562233965,0.025927950379308083,0.02818862701960013
827,0.021468948907760067,0.019105957435338314,0.03009881847758144
828,-0.009802121818889202,-0.005969582958973436,-0.0353296868697021
829,0.04481270635391119,-0.0056867512329074445,-0.007459305174875683
830,0.003931503882918505,0.00024814062649384784,0.02279910861378612
831,0.03711223614806147,0.00737360693133902,0.0018371327415628452
832,-0.011770245975831135,0.025157494076041405,0.041714801177046276
833,0.06444097164106541,0.03447617337281389,0.06789097400113486
834,0.03759769390048047,0.00982609269635752,0.011746413830140837
835,0.017166560664416377,0.00779599356223679,0.0035992419606788533
836,0.008200921210075958,8.016459743706611e-05,0.012139603776196375
837,0.06622477826602216,0.03513485842784594,0.04263595058430767
838,0.024518195901859614,-0.008864259672539053,0.018803153158406388
839,0.00695993858091733,-0.005049476484854962,-0.02818306713734317
840,0.018081031642984583,0.006750194238090353,0.042983869206332515
841,0.01466610681928552,0.012797814532958588,0.0014644219872910634
842,0.02838995022661691,0.0009677009252776489,0.006688506570782582
843,0.01440214152031638,0.005520923058864875,0.022816858559879777
844,0.025763798090476506,0.014788353267377001,-0.00012298207227489486
845,0.08186863317235687,0.007870397264698657,0.04411599517087689
846,0.05179897197959503,-0.007430528679987229,0.0019420564101224553
847,0.03276668955801153,0.013079799515919229,0.003911739333826011
848,0.05681276854015736,0.04337885396302636,0.08720709976162094
849,-0.007469878790486504,-0.00860754673452392,0.009412230023371184
850,0.04364435117303662,0.012437004720790446,0.03869929772618905
851,0.050147507777867466,0.01825039214538486,0.008643587638437112
852,0.05799072771285696,0.01685237559056187,0.01318609897744703
853,0.06071809100128532,0.008449810431676695,0.028237673636167304
854,0.0014848455794933128,0.01948794161150987,0.010217190790640419
855,0.022445051750652166,0.002964699052516815,0.01915232776581413
856,0.03027141254333977,0.03704657689066919,0.01507842719917024
857,0.03545503260291637,0.024833130455212085,0.00818584406224238
858,0.01037282835687955,0.004568997837726093,0.024518691305248128
859,-0.019956017544691947,0.010967135790632533,0.00010358714536512033
860,0.028288124388624263,0.009622494004853103,0.03212249879622455
861,0.032109817520893556,-0.003205829846304167,0.006438881791458192
862,0.01873781137727179,0.03327679255739151,0.033558562036227896
863,0.02150413051189024,5.8307416072377746e-05,-0.0028885874901888875
864,0.020401732964708083,0.018344774706287155,0.020598744675974504
865,0.03635985207792443,0.020823252612562057,0.013248403841239122
866,0.01062724206885654,0.03964102100203425,0.020226604096448123
867,-0.016766277888883033,-0.004333855220126765,-0.00938084426073647
868,-0.012471468772395116,0.007629458896833011,0.03455366856167228
869,0.03609146045733081,0.0248917062218849,0.05229442415724401
870,-0.02457710545176832,0.016465700456892163,-0.01370415684303334
871,-0.01930224008235901,0.02779003097036673,0.06025755945909963
872,0.027487854969484415,0.007901503929999824,0.008082477814285989
873,0.06379805344157767,0.020223481299692085,0.002250142758990756
874,0.030843958432076615,0.02756278442350885,0.04695355607996565
875,0.03125732071583793,0.0024392673736354426,0.012043357917499223
876,0.04190391168464348,0.01264468455694675,0.021366191089441253
877,0.03610009313943387,0.029836846027402237,0.028610974049564232
878,0.036722128929309,0.011829425119376649,0.077428859972462
879,0.06834899150679657,0.015341851104355661,0.011330969602149122
880,-0.0020209320517908026,0.0011943038068586462,-0.001969196711417267
881,-0.003279142526906622,-0.010783722924362487,-0.03865011883565557
882,0.042694177035648824,0.0098617045065517,0.011214546834525342
883,0.041249185594958895,0.014688965983998098,0.019888476993346123
884,0.0018346472184142242,0.0035504531682942664,0.011517545226037786
885,0.0030521929712221886,0.016624610755228877,0.001665730797216571
886,0.011417998476893235,0.01081297268498825,0.011607192804991923
887,0.06715444990951112,0.04099402436779007,0.029728297664131195
888,0.04113558736351992,0.032652623609010584,0.05287896524177503
889,-0.005981589229807015,0.01913374708139501,0.014999493895015441
890,0.02873266261770501,0.014819190082934025,0.009814582502573097
891,0.01797247250767453,0.014377172995535365,0.030246290642081723
892,0.06912930135453638,0.026584603824278914,0.010589786250577876
893,-0.0028309420910980695,-0.006380128028848988,-0.03956233984199546
894,0.030538788780187377,0.024924630785924152,0.009444335665801318
895,0.03859413847782019,0.026238106408604692,0.05778701208855153
896,0.018211996019493817,-0.003270879202954311,0.0015220297142804636
897,0.007281760863190431,0.019622318037080134,-0.006528718475580832
898,0.00454509065864961,0.00874666109864912,0.0064077228737183176
899,0.02824840926051302,0.02073438133417251,0.05906292574420848
900,0.05943034520953571,0.03251505355212075,0.0563118210194581
901,0.00011930708496104287,0.010704199099972863,0.01052901310705149
902,0.022106583900279187,0.01443084665686861,0.01627743883233628
903,-0.0011661722676881154,0.0044803592883666385,0.01796201615099431
904,0.026073949773454175,0.007828965314860775,-0.0023342389899509916
905,0.03552485590516933,0.022874706324648893,0.0040859740310254
906,-0.006072214498936341,0.015086504827775326,0.02222301221487622
907,0.0594433105920672,0.015260985158792173,0.02094596286820507
908,0.08396790326432088,0.004192235185143148,-0.004791792105266878
909,0.00926275845699524,0.017272871553812363,0.012309254668656865
910,0.011459868462191696,0.02077058337049727,0.04642396101982085
911,-0.013186931172931198,0.023119656114963406,0.04120938807040797
912,0.013550284434310927,0.01727723451854733,0.019870922074726707
913,0.08493632119639748,0.02136086914866581,0.026954967874469455
914,0.019825070328087658,-0.009783045729061822,0.004742654841201822
915,0.0397207674442828,0.017245233967914657,0.019036426030052286
916,0.04485890170012451,0.008987413241245065,0.014072023565171692
917,0.029792916544901626,0.013817984950057096,0.048773451356213506
918,0.01788059488269009,0.03088137155045159,0.030409512426500175
919,0.08093169555290604,0.027060537537275733,0.033421027827769956
920,0.025279815309019744,0.020170504044752416,0.01565530786743849
921,-0.0005878398447071312,0.003155532251980099,-0.0022590646192474292
922,0.03697194327843684,0.01688040772574499,0.0007617306156298437
923,-0.0007283954745718775,-0.006111415376628793,-0.028485275496803686
924,0.048421209483332395,-0.0006634529916032098,0.005208210736149511
925,0.024692587647797335,0.0021136601415838283,-0.002365444655086528
926,0.023611837782063657,0.0034949305899076868,0.03071302899012174
927,0.027685009593621936,0.002725169859629887,0.0013945199593345654
928,0.02595118900394361,0.007197302246009708,-0.026447077050838288
929,-0.03385144486641425,-0.010539477181653765,-0.0036497247601222443
930,0.026490346442101156,0.006212013171972648,-0.0016109716667348942
931,-0.025392210278704787,0.008176123220767271,0.0012643154545436957
932,0.045958996177975775,0.02384456432608791,0.027758883224916486
933,0.015420750079230649,-0.007525708598901635,-0.032377351832948
934,0.017946487433928713,0.01285072003125783,0.008285322973767148
935,0.0038866330210669507,-0.011775695413570163,-0.02117553626797963
936,0.032250260573935215,0.03513780418157192,0.02928968560951501
937,0.022396908208294687,-0.008091492981585785,-0.010249689014039833
938,0.00686854182005316,0.02808270193940599,0.014757847634954111
939,0.010966464937996339,0.00579851350022212,0.026553950917639874
940,-0.007009160384408232,-0.0033948302964054845,0.010544429330425403
941,0.04985026090737015,0.013860758236164434,0.024803246428214576
942,0.000896696067583275,0.011836553162342422,-0.005096318444736809
943,-0.011794150174494955,-0.01395358869550491,0.003202165510670741
944,-0.009826729914070551,-0.0024828405532152905,0.018520875494263834
945,0.004498119149623306,0.009624227152568969,0.009660278257933735
946,0.013784937449886412,-0.009733160112261453,-0.001472326077109938
947,-0.0021276651383878415,-0.0011554291394266938,0.0031049855753804752
948,0.02081998808337055,0.015206582004061107,-0.0026187851414279867
949,0.03482707934837789,0.01699046503601376,0.014465151399218761
950,0.048600181621503716,0.033983439220932936,0.03236901085922679
951,0.028996171629634422,0.035334062798716696,0.0526221574365867
952,-0.0011200011516433568,-0.008285571782786877,-0.016310367646961112
953,0.047292722912994,0.018684149384268933,0.03600342725923303
954,0.06846708697200833,0.05059060633460848,0.07136376156552707
955,0.04735722299017025,0.031651043984881236,0.028094473935800567
956,0.05577956072900734,0.01653714803241523,-0.0009498377863655785
957,0.015513248610156384,0.019092964049361873,0.021756025175903113
958,0.038136705678772524,0.007938299773652933,0.03208035676581666
959,0.047196920502761315,0.04537773427864857,0.05797830341818165
960,-0.019197762080769877,-0.008292485114563734,-0.014342378723116882
961,0.03583906440757398,0.01762044487792258,0.011787502210222664
962,0.04178891885595906,0.01579921688100908,0.025595313865311838
963,0.018239556186783024,-0.004129555554783924,0.009340313025718628
964,0.022992800665294542,0.0008905805120158893,0.023578262229892226
965,-0.016271885900487844,-0.00567991697749259,-0.028243880464619387
966,0.015982275993207617,0.018922108184361314,0.0485574148463588
967,0.01799936464340236,0.006001834288246138,-0.01287162835296796
968,-0.01873595732638085,0.0026862634712938294,0.031085592477982885
969,0.025189960076703117,0.018080499143775294,0.03900667878425853
970,0.041595926302080866,0.004699714346287727,0.005869769888699314
971,0.018744674376262805,0.009236344198267233,0.019172297842693007
972,0.03537131508441832,0.02739966731140447,0.02252360187797298
973,0.04043295295771132,0.031708411450620796,0.008776010957142047
974,-0.013908370450137974,-0.0012900627474891856,0.03082967263709925
975,0.0328329844989087,0.008537358857467215,0.029875082582884904
976,-0.021331802473725698,-0.00496246405396164,-0.027327443434860314
977,0.06492049193991561,0.03747231265472916,0.03616176796567664
978,0.011992601297808854,0.02003915845512605,0.04293800424757344
979,0.01765396418815106,0.0038512275425770823,-0.014469875646674601
980,-0.013647604073516138,0.005223514031733217,-0.0028126968839618056
981,0.06963759741141197,0.006118805913685514,-0.008635939109543746
982,-0.003098710405291072,0.0024681040432287327,0.0013426658479332159
983,0.0035324874605405913,-0.013257790186329157,-0.003596710803608444
984,0.03295800484420064,0.0019991988989895163,-0.00041441295682043773
985,-0.017659645225054768,0.011471121098077868,-0.0028145319212990686
986,0.0457326290220693,0.03079101827732368,0.03182329588974727
987,0.04972235727990463,0.010366158510095775,0.013213536559208245
988,0.012118114435724525,0.0358417536219479,0.03720226692224533
989,-0.01172068195352252,-0.0012287416371589421,0.0060531411489564415
990,0.004876606056149108,0.013736125142696011,0.05190469858556408
991,0.046022791093763546,0.028094761115932603,0.01427493855901322
992,0.060679741145412365,0.03128399368634802,0.06016784812517491
993,0.01567510101652588,0.0029947387584202986,0.0159082936124611
994,0.012997138828675559,0.012973634178025651,-0.005633763429778824
995,0.06619864443026736,0.026310840301822458,0.012823419350482593
996,0.03784029588956309,0.026334723228500643,0.007086093828327179
997,0.017813105161893328,0.006625138756759695,0.006015294998075228
998,-0.02298586207573815,0.0051543689793725036,0.00150468697616318
