split,image_id,file_name,width,height,annotation_boxes,image_bytes,image_sha256,image_pixels_decoded,estimator_prediction_run
train,1,000699.jpg,1280,960,86,456870,336895f3426b6109215da743f75a364a864c9d79cb118ca3ac06b440b1339707,False,False
train,2,000698.jpg,1280,960,41,455350,a43ec1d24e41c90f5215bff0005298bf8f679dd912b211114aba6c244b09d63f,False,False
train,3,000697.jpg,1280,960,3,389231,b1a82cc95283288546cbc51e24b7a4fc3902f977046694f8cf74ada458e51750,False,False
train,4,000696.jpg,1280,960,3,350616,7c50be2a57d9d0017fc98f0ed9e9134800482cfd45a3cc42d1b10f9b99889ecc,False,False
train,5,000695.jpg,1024,768,1,228478,312f2dc0e187f751284d2961dcba84d6fd6f97761b29b6ed5cd23a6bad6cd579,False,False
train,6,000693.jpg,1024,768,60,196825,6605ab7368ad29689db17179982ec62dfa86d91c48cde18e60ca0676b1be19f4,False,False
train,7,000691.jpg,1024,768,88,220504,4bda045c6513ad86792e6968542109b3f7dd0f868fd6eac2d81e2a694febc97e,False,False
train,8,000688.jpg,2624,1968,37,1571251,ddc4f3e0e583976ef10166b4b3432429bff4c19fc9f1b44538b538a62b5fe861,False,False
train,9,000687.jpg,2624,1968,28,1438235,107a5348839fe3af09ac23a29c14761e621d0f3d4dd45d13b30c712a96e909e8,False,False
train,10,000686.jpg,2624,1968,4,1267915,52ade1ae432a71bb7c7efbe8842310b35da4ac26f32728f54108219f7221c415,False,False
train,11,000685.jpg,2624,1968,4,1417559,1c735b31337a2177fcd4329edded09f3d161b9e1e18713810a83e162270a322a,False,False
train,12,000684.jpg,2296,1288,25,712553,5d3d270f075d13dd67c9261d2ad57ea49798a704b8e76ba977a0a6a27e39680b,False,False
train,13,000683.jpg,2296,1288,14,649678,d71353e810ec1df542c685dee76ffa367266b521f3a01f3a847fee47b0000327,False,False
train,14,000680.jpg,2624,1968,41,1010460,42a2f6a7b590e4cf8bc2a215a9639f45bfef7c19d2fc7904d290a9b87e8cd60d,False,False
train,15,000678.jpg,2624,1968,38,1045636,fdf4510c07744c439420afca78a4b9200952576a83ef24013b17b1b038de55a3,False,False
train,16,000676.jpg,2624,1968,12,1482033,d687d428067b8253b226c6c4761649ce6a2d0923f80c028c1c3304ed649f2176,False,False
train,17,000674.jpg,2624,1968,14,1505877,401e7191a573720d3db99c45f210a987e10c69fba5acc9606af5c4eb15bf97eb,False,False
train,18,000673.jpg,2624,1968,25,1176953,43a529c3fb973a67d776b43b845a023148651af33562daee0a6721ff74a5dedb,False,False
train,19,000672.jpg,2624,1968,4,1516459,261a29cc35e4d605f5015e0432de712d5ab1193af18a47efd8e610b42e6dcd31,False,False
train,20,000670.jpg,2304,1728,8,783625,7a0577edffd58bd9afe43d3d12853180bd97016281b9fc93f4128cfebfbe0356,False,False
train,21,000669.jpg,2304,1728,4,793576,aca08acf392e84acc418d59d2999cc8a0bc0ff66ed2ee24ab1813cee9487aeea,False,False
train,22,000665.jpg,2000,1500,4,765356,3d63f644a0ad527056e8422c020f2ece4fd72128013440e35a90e6a118351c95,False,False
train,23,000663.jpg,2000,1500,12,774568,e6f0163a1a5183a4425532507705ed28e740b89c2ddfe90b4f5c398a7ffd256a,False,False
train,24,000662.jpg,2624,1968,3,1064183,bb9473b9d38f474c759103bab7fe400e635ff713b83f6a87e457c1ba7ae4776f,False,False
train,25,000661.jpg,2624,1968,8,1003031,39f157ac79acfeba2d7928a226f2085db711aba5e1b8e73ed8d5df752e83ad4f,False,False
train,26,000658.jpg,2624,1968,2,1339207,0be253a2dbcb311e5a44892d081baae8419bec9c5cfc840a57b64e82a23d302a,False,False
train,27,000657.jpg,2624,1968,4,1397860,4c4eb26cce02dbf2d1a61a269e5462ba96dc0c30898dc819a3193550d58cd204,False,False
train,28,000656.jpg,2592,1460,7,999773,befb6e078fcd70af6cbe5103ba4dd82ca93da935ce2d32b6c4288efa84566351,False,False
train,29,000653.jpg,2592,1460,50,986939,ef6e8ff903ca2c9373275e38e70cba3ce9fe76fa31d6f4d0ab784f7c0706eec3,False,False
train,30,000651.jpg,2624,1968,6,1101959,54df673e11692dc8bc31dd6d7636303ac5ef6ad897de6789dc2c63fe16050812,False,False
train,31,000650.jpg,2624,1968,7,1162058,f9e64b604c360ed483439fc30761d9a538ec86a39c69df8637f53812f64ee5b3,False,False
train,32,000647.jpg,2000,1500,3,829738,ded3a54928d4a67e92edd1b6be05fa67d9f0a3277664644bbc4fab2a769d0661,False,False
train,33,000646.jpg,2000,1500,1,757896,75033b78c2e92d29c857206f9ea40871242abcbbcffb6d9ada1078c940b40119,False,False
train,34,000645.jpg,2000,1500,15,611551,848441967f8822b378ced1aba2f91bc40728b000ac30b7d2c87bec7321dc25b5,False,False
train,35,000643.jpg,2000,1500,24,617367,6c151f0297d6e6e884d93846729aebe01b71d54f449b4ed084d7da42a353c29a,False,False
train,36,000639.jpg,2592,1460,1,764219,2333a995521a7d0b2683ea0eb0f062aaee8b25d93414bc75e11a125caf42eae7,False,False
train,37,000638.jpg,2592,1460,1,747335,b4b4ae39fd38e44d4e39ec117ac6b7a616c510a42157cd1de8c232b4a1fd7198,False,False
train,38,000636.jpg,2592,1460,3,1050430,8aeadbd091d6d869841ffc8ffc3795d9c6e5a967d7e4e093e4d0172d84b7c871,False,False
train,39,000635.jpg,2592,1460,3,1052766,59126e43b4ce573e75e7c67df8f29dc326eed49b1a9ff00b62d95e917106229d,False,False
train,40,000631.jpg,2160,1620,8,660927,52d526e9b22a81589517eded7cc4a8c983f308100d5869c9e7c98f1518ab2cd6,False,False
train,41,000630.jpg,2160,1620,8,742593,b258e512de7e4fc99e252e9b21356a3420fc27fbad88bbd0e081f7f22cee277a,False,False
train,42,000629.jpg,2000,1500,6,865082,09761cc6c813fdb36685b797fcc63217a412a530df055bc6f3298057c094161c,False,False
train,43,000627.jpg,2000,1500,3,852212,743edcc3a7fe0a07f6eba8a883e9e75784280fc95b262dfa986d7fea8a7f8d6f,False,False
train,44,000625.jpg,2592,1460,11,975019,a2c562aee7668cad5c60640e886f234070de216e85417cc40c34aef69ba27ce2,False,False
train,45,000624.jpg,2592,1460,47,982360,2dd921f1c725b3561719a7594aabc852a8eed166db89c9b292b7119d55656ef3,False,False
train,46,000622.jpg,2304,1728,1,823398,7254817a2b25a1af395736f629e71060e3380cd1af73b2038006b1e9b2b8747e,False,False
train,47,000620.jpg,1728,1152,4,479941,7db742e67f78c4b138e624f170e1cb23de9440a1a673bb4e697a2516e4167708,False,False
train,48,000618.jpg,1728,1152,3,523619,67b9cc8df37a225c529a9a564e6601945cf65d6dbdadb4ee3b63d2a0820ceeb7,False,False
train,49,000615.jpg,2160,1620,29,743493,8ddbe3aae5e40497ec45258c9de537c9496c1d8708e7a45db4551a638a9ce9dc,False,False
train,50,000614.jpg,2160,1620,61,781983,bd9e16ab1a499914097458a657de96aeb37e7fa405edb30ec6eb41d9554167ce,False,False
train,51,000613.jpg,2160,1620,13,640019,15ccb36b1160121752269b5af2d766da30191fc3e0c8923fd3a558c98d959509,False,False
train,52,000611.jpg,2160,1620,12,661574,fd391c9cab2da3ad5169d3a1774c6e87b6f24702981ba37d0568885b63052cf9,False,False
train,53,000608.jpg,1824,1368,9,597533,0641c84f05e7db17b4313938b6d20f594e457c61b6dbaf93a57a0dfab11f7eeb,False,False
train,54,000607.jpg,1824,1368,13,568193,233d376d40dfe90b3bd8e1e48c54165ace8b3be620af550ac7fee99f87c942d8,False,False
train,55,000605.jpg,1824,1368,14,519749,036e30be692a7b6ad5ca235bbc6da919b31d0f9dfef2426c5f24cb3c8d1634dc,False,False
train,56,000604.jpg,1824,1368,31,541550,96fd7e1af86ff1129886bc98221cc396a275561e0cae3f3d6cc80b857b82fe29,False,False
train,57,000601.jpg,1728,1152,9,451379,598ffac51a2e7a7018ea1de184d2ee37747986c3d0b9ce90cce1db7dd2124099,False,False
train,58,000600.jpg,1728,1152,12,476107,ff40c639a0fbb6694a55e31c5332b5ce8b0bc577adcf145dcf7a4a2127c48bb6,False,False
train,59,000599.jpg,1728,1152,5,423995,ae2b7c66e2bb3f757cfe1fcbc8735a9129c95e70e250de8a1c5a44f18aec3d46,False,False
train,60,000596.jpg,2160,1620,25,794235,7494ed3e831a2b72154035e3d903140be184ebee47d9ce9fb0d37dd75d593a08,False,False
train,61,000594.jpg,2160,1620,29,867384,a625389adb8112d40131a42e721b6e0a3239234b8f1f3a92692ffeeb8d00f716,False,False
train,62,000593.jpg,2592,1460,12,924524,c4e61201cb785d0283a9b2caeb9fa7c0631434f1da113e49200d9cf19e30e6f3,False,False
train,63,000592.jpg,2592,1460,5,895510,9b79c07c34949d653ef05617ce50fc41ca12a71f7bef760d55d7c9670b58afd3,False,False
train,64,000591.jpg,2592,1460,30,926873,ffa039f10587c6ba825ab5742cdc8114fb5c684ef2cc2b403fe3ce465d8cf0af,False,False
train,65,000589.jpg,2592,1460,31,892985,659f5a86f116d1d0d88a96297320c951f491f343454f46412aff874851546d68,False,False
train,66,000587.jpg,2592,1460,3,892789,e4fedc666e211ff6016b0902a9aeff190d681d8e99f4d29b9eb3394e1d24b975,False,False
train,67,000586.jpg,2160,1620,22,736286,18c3ecc75f6fb1262b136686cf2e1bf6f38da6aeec2a00fd39de12b13e849962,False,False
train,68,000584.jpg,2160,1620,53,698795,09082671171b8059d7b3ce560d297bd9b484343c73b60a58aba2ac1198d634da,False,False
train,69,000583.jpg,2160,1620,45,779090,fe88844d41c5356df70bb2dfd0a74ed76e55dce45d30c00b09a42f97e695750e,False,False
train,70,000582.jpg,2160,1620,30,779968,782ab81b8466323b4d1b401aaa69198a62d9a095c209a4ef789edc5031dfebec,False,False
train,71,000581.jpg,2160,1620,9,791938,49e2de6c6ae826755bde4253bf456f43105054fae1bb014d2e6889a8247d6baf,False,False
train,72,000579.jpg,1824,1368,3,596454,b669a01e86f6581552c596068dd17406703e2a0a1dbc3520ee82fcaea8f9a4fb,False,False
train,73,000577.jpg,1824,1368,3,577012,9fe82b8bb4fbe36d06d83f65db753a086eeb6fb6d2af95e96b16c4dd9e912a20,False,False
train,74,000574.jpg,2160,1620,4,723159,ff354bbf06ec891502f90cd3d5b370216c213670771011942ccec7c71881cc69,False,False
train,75,000573.jpg,2160,1620,8,767282,5ec4ae2da4e1ed96a5ddd3b1c8aa86ac2b50234081a7423cb25b63e2462f4961,False,False
train,76,000572.jpg,1984,1488,1,662150,c49fcb755f3414ce7d735a288714a6a19ad9120a19028a880e029003034a1edb,False,False
train,77,000571.jpg,1984,1488,1,630568,b325805b9ddef47d48dbf7596a5d4efe14c0d8708874ea1b5187aa08800c2f2f,False,False
train,78,000567.jpg,2000,1500,21,991138,1040eeeeda2f3165503ce9302ae1c1cebbc86e5a23a2088e5fdfb8eea7ae216d,False,False
train,79,000565.jpg,2000,1500,27,1000066,5e0b0e944bfac70b2dfcc30a03b8e9512d17acc879b6f66068124589b4201f7c,False,False
train,80,000563.jpg,1488,1984,6,602502,39b270064f703858bb7b454eeb9049b92bf794515fd4b77296ae781684c1da0b,False,False
train,81,000561.jpg,1488,1984,3,553837,598ae0988799f8a51443c2f87345a6611ccdb1c3ab2d78896a19120e0dcb535b,False,False
train,82,000560.jpg,2160,1620,21,680270,67ffa0d47c6fdc0c1d99736c65076f0a9e935b66cddedac1e2c44fe41c6e8d60,False,False
train,83,000559.jpg,2160,1620,10,619714,0479859eb53d7a42781c28bcb85149a4db03c0a0d60835413a34809a10035390,False,False
train,84,000556.jpg,1824,1368,2,606409,a94d6dc11da31eef48f6a0a6ac51639ee09cdf3ce7e06520efca19c536bc9f75,False,False
train,85,000555.jpg,1824,1368,3,539722,328d600315f9ad8a9004c91698320b9ea2d54a69dc723ba49b3798b0d79cb858,False,False
train,86,000552.jpg,1824,1368,11,618781,05244bb57f8a2ee50a65d7de5049536bcbd8b4558141e366c0387da037764b52,False,False
train,87,000551.jpg,1824,1368,9,598183,31250916ef0f2666b2cda6bae41c59218a74cc25f3dd8dab57ea94ce35323663,False,False
train,88,000548.jpg,1824,1368,2,579212,829ade032898a506e9ed323199810a93eddbdabbafdc17cd01765efffd36c9d7,False,False
train,89,000547.jpg,1824,1368,26,589244,c81b3aea861159938eeafd97c1adb4d285831c403952f293e7fb2610a5b3339c,False,False
train,90,000544.jpg,2160,1620,4,890701,861ab5835ca14bbda67be84e89fa54d440319ad127c218a732c1ee37d201d011,False,False
train,91,000543.jpg,2160,1620,14,897984,2ad0c51c529d398927d4719527cef6ef23c23f5693482d855849ccb3305fa66f,False,False
train,92,000540.jpg,2160,1620,1,792072,68881184e48f3d9e5405e2bb019e7c26954ce99cc93d02d7cc82aec428b3de2c,False,False
train,93,000539.jpg,2160,1620,10,857522,c2e14fe174bd3c64fe56d71a4fd95ee48fcb39ed2372a8724df8845d389e2ae7,False,False
train,94,000537.jpg,1984,1488,10,794408,72085d32c0e2be64721697a35fb251b71ee6542da1e65a9cbc322c90a5550ec7,False,False
train,95,000535.jpg,2064,1548,4,810173,5b309f8565f0df39d4555e14463fc9db341c439fd8ea06d39002ab6088f4f7bb,False,False
train,96,000533.jpg,2064,1548,6,791469,55f4ec55cf67a33a395c504a70f1c2497d11823f87d724bed3d15be886edc77e,False,False
train,97,000531.jpg,2000,1500,12,573714,16b458e156c5e2ae2cf4f128a746c08fb1408c57059aaf81eeadcb3889736850,False,False
train,98,000530.jpg,2000,1500,13,552079,35a31c9c7196731bde2df7a7ab43d6df2d44033b94e614ab0d2529f813fa691b,False,False
train,99,000528.jpg,2000,1500,8,662043,7a4c62196114b520f3e017f210c91f77ad688bf7d47f65caa744193388b8d434,False,False
train,100,000526.jpg,2000,1500,7,572069,7834cca42255f5644ff2853b7896f5712e2b9b58843c54c5da5bb5b2e89b38e1,False,False
train,101,000525.jpg,1728,1152,5,479815,dfb5a8a50fc36939909ee69e0536288ec1c55fb6de8f1e22336005b98a5c45e8,False,False
train,102,000523.jpg,1728,1152,1,487233,24a5d4c4c65a597367da47015dad693962176fc9b68699b6ed31f264828d6708,False,False
train,103,000522.jpg,2064,1548,6,994575,94191710f30d1259e3a72545c89b96c94de13c2db4f8513695e2f72b8f5db4a8,False,False
train,104,000519.jpg,2064,1548,26,997411,b0f7ae7bcf6de3cd72bc3a794664e883d2689d99635f63d90de17d138385de12,False,False
train,105,000518.jpg,1728,1152,10,305774,7acfd511870294060de6f142ef4e988c3c136bce32d1f7a3360fe9396b7b9b81,False,False
train,106,000516.jpg,1728,1152,8,298520,52eefdd2247d3eb3cfe60fbda8b495979e3fca2fca26cdce52c1c66a92a8fc89,False,False
train,107,000512.jpg,1728,1152,33,472805,c3054b3387660446f02bdfcc7f450e2eab37b0c7688a76797d6879cf2d2841ae,False,False
train,108,000511.jpg,1728,1152,16,467475,abaa3e495718ba565d5f33af7537d0eac3da91b263cf2378bcedd92390b43016,False,False
train,109,000510.jpg,1728,1152,5,444188,57ce3bf1eacf6f836a04f72bd43e3c6de41c369ae19a002d4ad7ecfbd435eddb,False,False
train,110,000509.jpg,1728,1152,5,491642,3fbdba7bd2496660908840b7005767e16460785799047bf27681ef7e74d2449d,False,False
train,111,000507.jpg,1728,1152,1,295610,d3570f0e490a89e9f740c10f1d5f5ce270deed1ae36a5b0595b547abce352c91,False,False
train,112,000506.jpg,2064,1548,15,635276,45268074e98c395c2351ad1d46ca62ad9b367af341c16aa153fc8b76048928a3,False,False
train,113,000503.jpg,2064,1548,4,563590,926e04f8e608af4c25e96b77af0179625d97af45cff058b91d50477fbc1791a0,False,False
train,114,000500.jpg,2304,1728,25,1062473,bd057494069e03d119c8f77869aa18597a596d33e415c252aa9bd0a90f7fcd63,False,False
train,115,000499.jpg,2304,1728,10,994682,0be8e34511c43b673e0754a20e2c07f3afdd4512ead82f0fe7d17540f08c8f06,False,False
train,116,000498.jpg,2064,1548,7,910578,baffad46b90a754ba554a0d39407a6f6c1557b5883fe4c4e97e67373490f7316,False,False
train,117,000430.jpg,1280,960,3,399782,05f53bd1a2f0d1c062a3afc2d88863a116ab215a62b924f6c2efe651168bfd25,False,False
train,118,000429.jpg,1616,1212,13,412152,8c63a73f486adfe1a00e4b4312e583cde6d2c611a811f8e2fed4b72f58157e4c,False,False
train,119,000426.jpg,1616,1212,4,407479,9081779a75230389e25aedb7c8871bf801a318da154dd85fc71c165618bd4e28,False,False
train,120,000425.jpg,1616,1212,8,390405,e5f54c402fd028a94807cb4d2a1cabed073e62be6cc4de3976a382efcf80dda3,False,False
train,121,000423.jpg,1616,1212,3,411113,25833327dc311311ad62befadb5d7b005258bc8b28237e40758a5f5652957806,False,False
train,122,000422.jpg,1616,1212,6,432591,7aa0f9e32d28d093f8b7e4d7ee8e629d273a8d65cec1300af682d2e699317dc3,False,False
train,123,000421.jpg,2304,1728,37,909809,bcde3ce758400392ee920ef29d48bbb0c3be058a3ea67821543309f4ece06f8c,False,False
train,124,000420.jpg,2304,1728,17,909205,52eea74d05ae253cf7f010033a64db8579c8ea580bc1791b8126b53dd14bb3e4,False,False
train,125,000419.jpg,2304,1728,67,916723,19222585b9ed2c9e527d67b17f41f9cec0b2effecc538287fb42c00144eee4b6,False,False
train,126,000417.jpg,1632,1224,9,413051,649f69ef8b19858032e33584de7923fe6f6449715ab5d07e8591831f2169591c,False,False
train,127,000416.jpg,1632,1224,4,424478,5e59ec5ed6c311078ec30509450dbfcdb8e34a3847a1e9372dea6b3d0f34ef32,False,False
train,128,000413.jpg,1280,960,20,443758,7bf4a1aa1e5e9be9e5e8c7a707db998f1682bd843ba21a84330e069b0ad94524,False,False
train,129,000412.jpg,1280,960,20,425207,6cef0ca9fbcf70b608d7049d9cecfb2bdd2d4678748e3e08c8b780c3210ce150,False,False
train,130,000410.jpg,1296,972,37,371125,008ee7a4cc7bbfb2f7635c444ed2b9e22f5675adacf749acccd78dbffcc0f60a,False,False
train,131,000409.jpg,1296,972,26,341133,b93df78bb12116807ae4411c7503c6465bd5f9140255e53dba179f3a87dfaf2f,False,False
train,132,000408.jpg,1296,972,37,387614,9da732e4d9348c1c6c9724b924147d56cc2e790a9ceb3af64f5604f47275b033,False,False
train,133,000405.jpg,1296,972,21,372721,2a0c210e93425d597b196d5a67afd114adb22663c38c9c749d75dc648c72415a,False,False
train,134,000404.jpg,1296,972,18,414196,337873e41f2b0ba8aad1f9c5f78c4eaf291f5b98251e523de924fe5aa29971a3,False,False
train,135,000402.jpg,1296,972,11,372883,1260b5e5c63b7857018711fc52eabd96bb271e7cab49ff0baf7478df61592770,False,False
train,136,000400.jpg,1296,972,1,389172,6e0ea329a4408cc20df89ba13f4307ca34ca33f0014ddd7d027d79fb120269ba,False,False
train,137,000397.jpg,1280,960,7,356469,dd0ef181b3c5022902cc07ba27e26ddd0cb1d99724f5d9e32e0a557abf97d63c,False,False
train,138,000396.jpg,1280,960,4,377714,f81c6d3568e25fd72df981a189b3f6937c45dc7ea09618e1edf91d6434a90b45,False,False
train,139,000395.jpg,1280,960,15,409958,4f68f05bd8b20b00273a05cfef286f9a31d4d5fedbc67e3224094e8613383349,False,False
train,140,000394.jpg,1280,960,13,420619,b2efd4fdd43d3aeec02da910c8d39765159d352483ed442245866766c103251d,False,False
train,141,000391.jpg,1296,972,23,452332,a7635e247a293a12e52b615dc0664b1beeadcac57cae9d40d0ee8681e677d20c,False,False
train,142,000390.jpg,1296,972,21,419301,5b56470573bd4faf6006b235f340ff40403d2a7d1e1236fa5f9b7d485e17c913,False,False
train,143,000386.jpg,1280,960,5,306516,4d6866ca40f225a97f7542c69d1e2a5d193e467de106728ba16f7fd1431b57dd,False,False
train,144,000384.jpg,1280,960,12,321407,553318c890402b750bb5508c00663720bf5211dcd40c11404f32809fb1f6b7cd,False,False
train,145,000383.jpg,1280,960,9,352683,833f09f161d8cd308c086ac0e4ac0b959d33562002ad9ae30ec7d8d5dd1f2431,False,False
train,146,000382.jpg,1280,960,1,352714,0f77045e1779d76fbb2322c161a845ee022399c94544cfc13edffb10c5a8db20,False,False
train,147,000381.jpg,2464,1632,18,805650,72fe9e274e6688995d52fed0f44863c56844986dece4ca898e4fa84aed5d9699,False,False
train,148,000378.jpg,2464,1632,48,769952,08547276485d54cd897ff0ebb9af29b97df6f243b3d6edc8cfe57ceb7c282700,False,False
train,149,000376.jpg,2016,1512,5,945704,1070fb012325fc1e88bd6b0b267c7e0db326ea64dc4e4bfbb47b359528bd19cc,False,False
train,150,000375.jpg,2016,1512,35,934740,8dcd4fdd8a9028651d440e69b1ddc132ca99736d7bf3c84b14678253a57b7cd2,False,False
train,151,000373.jpg,2464,1632,34,817868,a77af25b3f71b5795bba7333b7ecb07f23b5fd14034eee09a0979b94f0784ba2,False,False
train,152,000372.jpg,2464,1632,18,762819,6cd7979bc01512507feeb472860c510b8095343adb54838404851b5101433d31,False,False
train,153,000369.jpg,2464,1632,37,816970,c813a525819e1e2ccfc9c584dba1150f279bfd2c15f27ea7b6f8efd5f6ee2a12,False,False
train,154,000368.jpg,2464,1632,32,799689,a0e6dc993d773892f36aad14013a32505c513676b2252a7d1c421fdc3484f6f6,False,False
train,155,000365.jpg,2304,1728,1,1031659,6f14908f1f57f3833e7349b8c04d7b4e4a29df3fc7087c20c5d0bae38e54d80c,False,False
train,156,000364.jpg,2464,1632,36,569034,00d36c828ccb69b06d50d377b5fbaf55887de2ecf880c0750199eb29a2cce98a,False,False
train,157,000361.jpg,2464,1632,102,692018,99beda2da8e517b94cf341d6bc9081caecbeed5d1867b217a6c4f1b747f96749,False,False
train,158,000358.jpg,2464,1632,42,949046,4ba552c27b8070d62af75a9940d572569e987996abb1b0d2a68aeeb148caddee,False,False
train,159,000357.jpg,2464,1632,49,971635,f6da94f8e2262409e36102d162d5ed3db502c88b5e87bef60a6d27c57fc4a4f0,False,False
train,160,000356.jpg,2464,1632,16,697905,b0aafa60b59514f3faaf76a48185887b12c48250d1fd4aff4832fc898710a91c,False,False
train,161,000353.jpg,2464,1632,30,782091,a75bb3923fe8d4070203284e2675f041745c5d8882011f3f49f524a841fb220d,False,False
train,162,000352.jpg,2016,1512,3,374542,af9430b938cef6877769fd31b438b0bf8cd6008b3cd5efaa14870b4ef9583136,False,False
train,163,000351.jpg,2464,1632,23,703996,317e46b4ef9dcdd035877beba2a7baa3af15bd38264d26ebb5d2b2ce437b7b36,False,False
train,164,000349.jpg,2464,1632,46,702171,7e698c49920c383839e74a96a135d2a294850d4888c2102c9cfd35fb5c28e917,False,False
train,165,000346.jpg,1632,1224,16,550889,297448fa74293802d37e908c4c2993a3b9c5cac0a181af2881746da971811b16,False,False
train,166,000344.jpg,1632,1224,22,501829,643011d0474827b66eaf4432377135feb3e8e10e578897d3cb85c093127058ce,False,False
train,167,000343.jpg,1632,1224,8,444498,cfae911490bb211fc8613e433a397aa756c63bd02be33d49477079a272995554,False,False
train,168,000341.jpg,1632,1224,5,407429,1d5bcc1505ee7e46e6fa43d48ef8ee2bb9df7bdfeff33cce9008915c9f388d80,False,False
train,169,000337.jpg,1632,1224,19,477314,84255338d5d331fd8f3b6905c0a808a4ac69223ecb552d506f5b52d89c93ccd9,False,False
train,170,000336.jpg,1632,1224,6,537778,cb50b2d8293efed74f9bbf09953da3e961e3705dacc83f433ca44ceccaa8107f,False,False
train,171,000333.jpg,2304,1728,51,862177,bbd79e286c51634437adeef16ccb0177632066b80c4d6dec17b779f45e35da20,False,False
train,172,000332.jpg,2304,1728,83,973881,681505be3c4be370117fc2552eb9f275206e5f44eb46a0e228ac164b7e2339a2,False,False
train,173,000331.jpg,2120,1416,60,651062,bfd5cbf55340fd515844e3e9091aa6fd894838e4634c11ec5cdd135145e97895,False,False
train,174,000330.jpg,2120,1416,61,643374,ab63aa0337d45a09a7f831af8f921d4103b24dd0b2d03a7328f43bc3526d4702,False,False
train,175,000326.jpg,2016,1512,12,817315,03de7d9a6d15fcb09c9d677c29baca2b370f5aa453a19c78edba0268309b6b5b,False,False
train,176,000325.jpg,2016,1512,25,930999,45a18c96b5a4aa1584b691665d927c0f8523365108acab59a06d0a8211274298,False,False
train,177,000323.jpg,2120,1416,10,617210,9c2a1d32dcdda7569aa0913941577b221f80972f62d8615b166cb03da01a3467,False,False
train,178,000322.jpg,2120,1416,11,622595,b684544e27b00af400d99e8c26b0b72b78c8e5659c27381151e90848e0490649,False,False
train,179,000320.jpg,1824,1368,9,515909,dfa6169a362330ac523bf17fd4e639220487bd4f657b872d7990bd265cd05728,False,False
train,180,000319.jpg,1824,1368,5,570403,3dc34a1fed21b2f376de3830970619df96af1ae6664469394196029064775288,False,False
train,181,000318.jpg,1824,1368,2,555968,60323cf4c2d831cf017ae79f60ddd8c754e91d39b855ce170bb0aaee68a26a7f,False,False
train,182,000317.jpg,1824,1368,2,500897,c774b3f721bcf3bc136ed0d8759ad625304082bb24051be4e1dade48330a57e8,False,False
train,183,000315.jpg,1824,1368,4,576654,4d3e3943bc59bf4dd872c5b7cd9157f3c05b68b444fdf726e01db94b73bf2d7c,False,False
train,184,000314.jpg,1824,1368,27,526586,d32eb262332c8bfbe6353c56729a60f75f3efc6c9566ece872067351b5bf88aa,False,False
train,185,000312.jpg,1824,1368,41,574967,9563d82e42f75aa5b9a7a99ac38b4074e984771499f4c41952be0ba877bb6ca9,False,False
train,186,000310.jpg,2120,1416,40,735484,5fc96dae1ae3c570ebf45d14fd02df5dffb6518885927bd0c3cd160c8d854556,False,False
train,187,000308.jpg,2120,1416,20,751764,52b785024b77313c7f35f5e83e50536579dca0a29568b0cc12efe12f03eafc7f,False,False
train,188,000305.jpg,1824,1368,1,453339,6bf6acb3b8a84ad3f64c2245f46fd28e12240d79e2a327ad65d3a799b1747166,False,False
train,189,000304.jpg,1824,1368,5,521802,fd90b907257a9e4020c7fe7617d295b08dec4531e8fae5e328f6ebf75e064249,False,False
train,190,000302.jpg,1824,1368,26,556543,5d86212aad68d965c23a718fc91c6c000278c8e7396950bcc965f161e4fdc41f,False,False
train,191,000301.jpg,1824,1368,15,544048,032d05d96e17010d09b05278d6e2d6f31e1379227c2d30f8e1585b4226b03451,False,False
train,192,000296.jpg,2464,1632,14,894697,8695b4474ab4b2007221f06bd561c8f40facec22956fef8b39d95ce613839032,False,False
train,193,000295.jpg,2464,1632,10,936634,6b3662641c6c810e07be686470dc44929fae5670f36685353b758580e0a31582,False,False
train,194,000292.jpg,2304,1728,44,886656,a6c32bbd52a96f149e05d1841c9f51e362e8fece22e03e2e31b437d2b2722491,False,False
train,195,000291.jpg,2304,1728,23,880611,1aaaf141bfe4de42eac80014be976cfa3847411192718e84cff75deb0acc3484,False,False
train,196,000289.jpg,1824,1368,8,509343,8ef6c0698ac260307819d48ded8020fe17b5a5a65d0811da4ef0374c0a4e423f,False,False
train,197,000287.jpg,1824,1368,10,569397,41fbf84fe30774eaf5b30a04781ccc2d239ce3d2a7aa71fcb86945a83b245a94,False,False
train,198,000286.jpg,1824,1368,25,507587,a691bcd86c501409a6a5a86347fa83753a9e6c5470397c42d42d1d7d2c1e84a2,False,False
train,199,000283.jpg,1824,1368,88,597080,e1b52cc6efb71eba755111c9096444e16984c7082ae30dbb449ce44b76a50560,False,False
train,200,000282.jpg,1824,1368,15,494665,29de74c1a417bf76abb8c20c052e8ac13316fa8cb8806af59e535e23a4479291,False,False
train,201,000279.jpg,1824,1368,12,541200,8c2ba2fd95f4fdeb817a91468b3d704e401275ee2161a6bc3c332fdf72b53699,False,False
train,202,000278.jpg,1824,1368,16,519590,ef5668045937fa07393b9661e28354592cf9bc786d2a1a432d62c3d9303e88d2,False,False
train,203,000276.jpg,1824,1368,4,589380,e9b255dbf7806ea02e14b721c66b805c9fee25cfae95a058cf96b734fbc8e5c0,False,False
train,204,000273.jpg,2304,1728,33,908545,aa53e9a4bd861cb8df1314a681139e10ec25534075222a59663c7d8ccbe717b8,False,False
train,205,000272.jpg,2304,1728,90,1025641,8beefc94408b63517768b3f5fa07ed03e4b7acb2a4b965cd80320afda200f54a,False,False
train,206,000270.jpg,1632,1224,41,528581,96845f5531cd2baf83a99914aba0adb7a398eab0ba66dd00a1c7e7d0ab7f6beb,False,False
train,207,000267.jpg,1632,1224,17,568101,18ba54946e446564cc6c2f37849cb71499d5e490b961d63fdac16bb2049bc27b,False,False
train,208,000264.jpg,2304,1728,17,1115136,99351431c5a55de2591ee72316448c16ae2c2e71ee14922d18c81f0a210c7904,False,False
train,209,000263.jpg,2304,1728,28,1068567,873b4fce63434df37f912148ce30f1ec549ec74310acf87747bf397955e2a276,False,False
train,210,000261.jpg,2728,1816,2,634812,1c697d49303df500151f8ef05aafdd2bbdf56606947c77e60ac5486a2fdcb6cf,False,False
train,211,000260.jpg,2728,1816,2,645279,eb920613bb67c5d771460db5df70ae6bcbaaae7b063523f1ceaebbb7f9450718,False,False
train,212,000258.jpg,2728,1816,8,676387,d25c1919c23f9097988eac76acd5b7ed47824ca4b476e8099157415d1a9970fe,False,False
train,213,000256.jpg,2728,1816,3,822620,6139eca77bea4f104954895c67dbee23cda42bb009d4e44f039b7d4b89ad2634,False,False
train,214,000254.jpg,1824,1368,2,556261,21d32d9fe198c829bb2df63ccdfe3f49abedf184943680218ddb86a5e6845e01,False,False
train,215,000252.jpg,1824,1368,4,535829,89fca7e19b21ee19d73372b7e3d89728fb91c400be76f431fb63d7d9c40737d0,False,False
train,216,000250.jpg,1632,1224,39,546121,a72e0974d761f06eb9c24ed4f50a69e980a76152ee747cd0f7d7ad84b27fafe9,False,False
train,217,000249.jpg,1632,1224,10,651049,b044a119777c0a0d85a50be728364f6bf71058a488106d097c43a5e1d62e21d3,False,False
train,218,000248.jpg,1824,1368,12,546129,fb85c9a56dae4e22c517253ee76799679f2a6172a1c97a64769e12d8cdd6b036,False,False
train,219,000247.jpg,1824,1368,5,536216,e829e2ca72d37810764855ff49828700faf161536cd4e0375898aa8fa48409bd,False,False
train,220,000245.jpg,1824,1368,21,551264,1018d63f2fb92cf6969849e39c231c859e6afca45465fcdf5ddbeb52f25a77d2,False,False
train,221,000244.jpg,1824,1368,3,545000,8e68ef56a3bec03a49c66ebf16cebd340c68e13a480cbc53e62863213ead3b3b,False,False
train,222,000242.jpg,1824,1368,1,566878,8425bd9170b86438ccf79ba3257b6d378f01fad1e8e236f07210f27646aefb1b,False,False
train,223,000241.jpg,2160,1440,11,517593,9e42bbda529a7917a71f464d35d0a0cf12c05a713f0f7314644165ff9f5c1405,False,False
train,224,000239.jpg,2160,1440,17,535723,fa5f87f94e509972d841929e6d9b0c32f901f79e3aa368659dcff3edbcb7e1b7,False,False
train,225,000237.jpg,2160,1440,12,642579,2b6054e7bc6bf3c42fdcd811e73214ed624da4d5ea92bb8892a2d311b5d5a2a7,False,False
train,226,000236.jpg,2160,1440,11,654414,89cb5d200f13b70bb7570f8ed605da0a1a0d0fee80567f6cda90431c7292d37b,False,False
train,227,000234.jpg,2160,1440,14,567626,d3f8d5c0d02ab04404fb603aa895b5b631dbe9a0a9cb738711eb8218ab6a597f,False,False
train,228,000232.jpg,2160,1440,8,606091,5074781f1fd538391f8a132eb400e45088fb602fe6d5a3326e2626cd9a88c6e8,False,False
train,229,000231.jpg,2160,1440,2,619769,daebe776f230d5e40b91f9595bed9aa35e495ab1f57efc487c2b29c79138c473,False,False
train,230,000229.jpg,2160,1440,28,642390,092cb245de12f482a772efc11284fecb1b5013d13f1ae059cc4c0fadfc29877a,False,False
train,231,000228.jpg,2160,1440,9,569346,9a0037da412d6a5254dfcff4eec423847fc39318a97924b3e1da29e94fd3614c,False,False
train,232,000225.jpg,2160,1440,2,591055,3ed005bd21a7f7da89a57993bd0807233f5e96e558ac2c7988e6f1d1181096f7,False,False
train,233,000224.jpg,1152,768,11,166377,fc6ee4040bd61bac70edc98b993ca81ace7538d362c0ffdab8bca7c45cc88612,False,False
train,234,000223.jpg,1152,768,11,158969,f469efd5cdebfe2b6dbd950f2eaadef1a9c55ea3913bf76533b1767be3f2bc39,False,False
train,235,000218.jpg,360,240,23,28225,9475b61fa35f5bafca5b09674f104d4c51098f0abbb60c90e581e5be19656f0b,False,False
train,236,000217.jpg,360,240,49,27996,9735f511824bc43522d5fb553b65971eff55787b523d791dd6b37b61cc8d06ef,False,False
train,237,000216.jpg,1152,768,2,294635,bfd11a8c770ba9930938358d5c8e41fc8b314141a20293757475f0a159a64ab2,False,False
train,238,000214.jpg,1152,768,3,297758,d46134cefdbaedefe8241abfc0f8d4f4ea2f2544f78f82c332d84736b4b3d993,False,False
train,239,000212.jpg,1152,768,5,309088,bee3c3e24fb731ff75a0cbdbedd3ec54827eca93401acd150b48e67dfed2537b,False,False
train,240,000211.jpg,1152,768,6,285361,3486265d7dfb7e9cef21b77b0884b3b7a21b72692f53184e2dff011b88272719,False,False
train,241,000210.jpg,1152,768,2,298513,50bfd03e2a2a3c89f353e178bb3ff486a9133adaa0f6bddb49793ec5031bd205,False,False
train,242,000208.jpg,1152,768,20,201047,7448eda7d62ec24feab8829abfd97f5e43f0e1d3f0ad22f3f36d0ae919a256f7,False,False
train,243,000206.jpg,1152,768,27,211908,f6ff75cd6b49ffd50cc24eaaa5a8d87385f0515c595a6bbbfadf51601ab12bac,False,False
train,244,000205.jpg,1152,768,15,256593,407730e03012379bc9a53be2fffd9a85b625670e592a11ef350c65e7e06b37a5,False,False
train,245,000202.jpg,1152,768,28,246675,3940ec274063e3ae84ea52202b135edbefda0a20b7e9e94791fc5a0656578d8b,False,False
train,246,000201.jpg,1152,768,2,311303,d305b905f66e2a12fd5935e42a5cd7e41ac92595a73490520d36e8834538b93d,False,False
train,247,000200.jpg,1152,768,2,286563,6a6844def1e9d020051ec64abe7e05676efa20345d537fc369e0223b661890fa,False,False
train,248,000198.jpg,1560,2080,6,779272,06cc9abaa42eaf4fb543d3270406c4cadfe3cc1d2f071aa8e006fd4eb0719ec8,False,False
train,249,000197.jpg,1560,2080,3,654439,775cea254b6870c3e7a649d7bcbe355988ac0c2d25b45044cedd736535f86aea,False,False
train,250,000194.jpg,1560,2080,11,953969,8d80d84ac3a610adcdc021180b87e3b158518e7f277d3c4045e44bd4452a129b,False,False
train,251,000193.jpg,1560,2080,6,975049,e0e7528c7f35b4ff440a550fea1ef690911be32f348fd15a0d8f5712caefe1da,False,False
train,252,000192.jpg,2080,1560,2,876857,abc9b98257a49b52d3d3d00e57d893890556a507363b2995dd8468dadf8a7c88,False,False
train,253,000190.jpg,2080,1560,5,937189,8b5adb6fad84faa6651c7fc03ac811322427d137bdb5e406ff82fd52df946289,False,False
train,254,000189.jpg,2080,1560,6,977483,ce5086b8e52bdc6b30c53ea833e841f4572e11b7a0373a8f22e5239027da0479,False,False
train,255,000188.jpg,2080,1560,7,940185,64a48bbe0c28254a87fdf246e27b18d9aabf4468d049126fd5619d7aeef8e1b6,False,False
train,256,000187.jpg,1560,2080,12,857040,9794992146523ee3f7d670ab6b75edaa12a0d3d285db2901e6aeb0a05ecd9792,False,False
train,257,000186.jpg,1560,2080,3,808034,d938b40cc743de9dc6e54fa110668a2ddc482e98596c1820a4d204b5431fd4d6,False,False
train,258,000185.jpg,1560,2080,2,903550,39f25dcee8f12b2d4c06ad395ce44bd97c97c5f0671357e0776b546368614866,False,False
train,259,000182.jpg,800,600,10,188740,70a0fb9d67225db9f442a7b3436bb1221d6c4030730b41328036ad5139e41822,False,False
train,260,000181.jpg,800,600,15,190194,3b9074a4fce13eb51c61bcbb1beb9a8deb91c828c190f1b63dabd5d5eb2c41ef,False,False
train,261,000180.jpg,1560,2080,37,890451,2775eadfbc759a260fd95167c783d922cc434f227238d49245b9d92fda640049,False,False
train,262,000179.jpg,1560,2080,7,969112,6145a48b7fe33af18c79427829965ae6dde4683caf78dc2d991a89020a25d385,False,False
train,263,000175.jpg,600,398,30,67970,96de27d9e1a0619d8a9f9d6abc9d1027f3d259df4f60a4ce53f322dc449267f6,False,False
train,264,000174.jpg,600,398,11,53540,a2245c2816e2e8fcfe99665ad8106f62f44c4b5bd8dbb1e2fd172e3590ab49ab,False,False
train,265,000172.jpg,1560,2080,3,813265,378f2f6026da0dbfccce0e7012222864a0baa9fd1492a09ee55903240c9e3efd,False,False
train,266,000171.jpg,1560,2080,10,729050,a867581752c3e53793f8bf9491bda776f545d24c2c9db98e7d80a766d3bfa198,False,False
train,267,000168.jpg,1560,2080,19,815151,9fd245b9e2a5973a02163bd35df192156fd2954b527a7650d4a462cbcbfc93fe,False,False
train,268,000166.jpg,1560,2080,18,830734,1e70a1a9248d9464594fc32cac7d43641bf0aa2a8e88e99f0e5a85dfc98c6951,False,False
train,269,000164.jpg,2000,1500,9,910213,afc8e3ad50c66becdc5c3d5cdf0ab9f788d661adcc8888d8aec9cb6ea60f5880,False,False
train,270,000162.jpg,2000,1500,10,935655,720f0ee46999f7f46153778c5ce5454863200f0fbe3bd5940c842b5dc260aac1,False,False
train,271,000161.jpg,1560,2080,8,835120,0f5f5c0fa6ed6241fb821091d30f66bbc10efe18bb50bba5fe244eba55844bfc,False,False
train,272,000159.jpg,600,398,12,83968,896c5c6345610ae2a8446995e59f01c5e34594a1ec90821239d2d258e6612507,False,False
train,273,000158.jpg,600,398,7,76995,412e1879aaa5480601021fb666f34deb15eb1877d54d6e3cf6efeee03c868693,False,False
train,274,000157.jpg,800,600,7,193208,285a19883fa6a53643c343c86aaaa15f695e6d9bc6a7533cd9682e32b44cc87a,False,False
train,275,000156.jpg,800,600,2,198783,72ff9530dde57d1bd8e970492d46c577a65f9367acb34b1dcaf75ea4144d2b83,False,False
train,276,000154.jpg,600,398,13,93583,4fe8245986d96d3f80f030d5d1974641fc451aa2b673354602b1cf0228902039,False,False
train,277,000153.jpg,600,398,8,92368,2f057b699b521c8f3f185dd432381efb63818e85e359dbab1860574920c861d8,False,False
train,278,000150.jpg,2144,1424,15,726013,5173504c8b6e1c03f45cfd92a820571961fd08926e18a28899d6678862cf5f5b,False,False
train,279,000149.jpg,2144,1424,6,643579,699d2d8482033791a76e0674eb2e9132dbff99c8eff932e8d7714325c860c0aa,False,False
train,280,000146.jpg,600,398,16,73180,1c4033fe65198c686529126ada1077c93f41ed9969d49a8fa67b607e8fc4d8e5,False,False
train,281,000145.jpg,600,398,1,73504,85bf3e4a1131523c831036ecd73f82d37a98c2fc9818dc40aa45ba5289928355,False,False
train,282,000144.jpg,2448,1836,9,938006,a32e8b3033d5bf9c12280400cd0b8f86b717dc6e08ac40f592d06726aeb36e50,False,False
train,283,000143.jpg,2448,1836,6,961643,dd61306d9823587254e59a7da1e68bfe30e88f56bd4ac2fe6b2245147d17244d,False,False
train,284,000142.jpg,600,398,1,78896,bb8902c0a6ce91a71ce078be45a670201f67ac32684b9e9a414c67baed1aa42e,False,False
train,285,000141.jpg,600,398,1,81368,638485940580db51b89a68e9e98fe2a471672b3227d0aa3fb77c3f1d65f145dc,False,False
train,286,000139.jpg,600,398,2,80222,11de8a1173c4dca51849f80f411e54d1e1edc4867af4985717b51b07f602d461,False,False
train,287,000138.jpg,600,398,1,75130,74e42dc64ea511fbe491d6bff25aa05101fa9cd428b6f79be246dea198ffdaaf,False,False
train,288,000137.jpg,1008,756,7,235623,1823bec3e3e2c66d77b0cb208cfda206f12edb6425b1ec7ca8ee4225e42661da,False,False
train,289,000135.jpg,1008,756,16,252927,8fe384cdeff9b21500cdd7a747665e1fcb9222cf96fbbf2fc0dc911744aee782,False,False
train,290,000133.jpg,1008,756,13,311784,0eec918fca9e80effdd1ccde2c43b2ad8e963cf98616c69472183e98bb2529a7,False,False
train,291,000132.jpg,1008,756,12,345879,9397ad64a3b181683269f785dda60213c054386d45fb9b7351e23827b108035d,False,False
train,292,000131.jpg,1008,756,14,320220,af0161ec19f59b4c356ef012a871a02401b431e066e6c3239e5cef9462e3b8ba,False,False
train,293,000130.jpg,2304,1728,2,789998,3e32267f3dbad7368ada13165d5f70760da5e690df4911b6c4d60c219e8110a0,False,False
train,294,000128.jpg,2016,1512,8,1068757,0ada1c9c0b56e359cfb2879ad79dfd611d70fa823029733989c5413960001ba2,False,False
train,295,000127.jpg,2016,1512,4,986959,a8054896b57f7628caf7e9f0c6345e83d58464dfd8dc2307da0fdfa65546e58e,False,False
train,296,000125.jpg,2016,1512,33,1073260,5541aa3edb75a2c3e551e2d0a38e3332e4f66a11b76b06bff7fb5dead6a30cd0,False,False
train,297,000123.jpg,2016,1512,64,1164396,dfb3e39b35728d9900c8d19e08b3ea2bcbd7260a48db2749fb90f6f635016115,False,False
train,298,000119.jpg,1008,756,1,293248,8504ba72746f59ce253eb9796663f55fce8508e0f7b378560e085e0f716c3c8a,False,False
train,299,000118.jpg,1008,756,6,270435,08b88c300f5d28cc9f02502970a78b125dac5cc026c003ca4245b58924866302,False,False
train,300,000117.jpg,2016,1512,8,1124552,1fa3455876987d2f6fc43003c73ca803eab4f681eb2d241b853b6b456990f99a,False,False
train,301,000116.jpg,2016,1512,2,1134362,760192f7779805d9dd9121348290bd2a0556c618c4462596c2c2f1b048686b62,False,False
train,302,000114.jpg,2016,1512,4,706518,e81c3177300f473711d202fb77afaab38f444bda416632feb04d0e1e3f91374e,False,False
train,303,000112.jpg,2016,1512,10,857564,ef692a1612fb6a290617969d6fd0e1a5ac95d860859c395a9603c0064ea0a72b,False,False
train,304,000111.jpg,1008,756,1,256296,cc21161b278bee0e5e749876f5928e5c65f000f822fef3946f1f98d1e9add090,False,False
train,305,000110.jpg,1008,756,5,231712,715b484f71ce145ead294f81bdc4791ba54039440294999949b82ee664086fe6,False,False
train,306,000105.jpg,1500,1000,61,407195,96ba0cc09d80b5ddd99fa507d9f65d334bb9d2954702fc72a0e6fb2a8c942786,False,False
train,307,000104.jpg,1500,1000,44,354163,250a99225860e88500806d389a7cdc19800c736f2530c646f928c0682ef096d5,False,False
train,308,000103.jpg,2304,1728,41,732506,7047309c7c09b4365f91144115656c007d8ad4e3285ef41ed7bd51645bc89fb4,False,False
train,309,000100.jpg,2304,1728,35,668426,5fb0336e3a084442dd156aed34825621e0a1308097b516714142e3cdbf47102b,False,False
train,310,000099.jpg,2304,1728,26,939491,ebd98af6190d27423a8a35df749d744d1053d2aa8d10c8399e03313bae1a1d51,False,False
train,311,000098.jpg,2304,1728,12,951372,cfd2c93094364b5b8ee06f2a8bb4dfe17249132dda34986a87ee34297916182c,False,False
train,312,000095.jpg,2304,1728,17,902510,450125fa97de13c87fb774e5dcf62decf7cb15987d6df9567113fbbac418eadb,False,False
train,313,000094.jpg,2304,1728,15,840973,9a2a7d188205ab0542419ee48235a47bc05bf98e70d2fdd4af2c1efd68ca7e93,False,False
train,314,000091.jpg,1500,1000,14,478995,942ed0209e72e59d09d73106d51265dc27e376861ba33816c7e10d20cacfff8a,False,False
train,315,000088.jpg,1500,1000,24,419460,970c36b1a6548a6c2f8d5866d332cb3228110e638757dac420b5ee75efd258b3,False,False
train,316,000086.jpg,2304,1728,49,583043,d1d3e3f9c2948e3e85a216aefb9c897e2470cd026e290efdf5c5d1143336cf90,False,False
train,317,000084.jpg,2304,1728,50,593742,c29f008fb4b26cd7a9e9ad199a367ad6602033d27932a3b1ed7a5971bb10d6d7,False,False
train,318,000082.jpg,2304,1728,14,985652,98dba9441ef930d32b688224c66de17af1bc68bf2c422e919e7a6965a789674c,False,False
train,319,000081.jpg,2304,1728,6,1042797,d53a523e73a4578f9f6423e3da95cff1967d22aef9af1ac38931d2a020cae639,False,False
train,320,000079.jpg,2560,1920,154,1140240,f48581046f1024aa8bb931f552ba599dae981f02e62195f791431169412296c6,False,False
train,321,000077.jpg,2560,1920,134,1396924,ffdc849fdeabf79493a2d192644b0534fd6c706cb58e30eb6c8c105763980078,False,False
train,322,000497.jpg,2064,1548,5,899234,12324bb0541c55912b297e25e767011e24b475f4d52080e6ff71934d9b7f62e8,False,False
train,323,000494.jpg,2064,1548,32,958320,65d4d43fb589456ee89257c82b893c9ba55da620d1190fe848ef14c51c8a6f97,False,False
train,324,000491.jpg,2064,1548,35,916047,04c06d295a7a66561d55695e03d2728841af8efa2fbd6119d51a61a898e76288,False,False
train,325,000488.jpg,2064,1548,1,704626,477b04acb067028ab6ee21d572b4098b7d51ec43d12cf5e1adc02bdfc1a439ce,False,False
train,326,000487.jpg,2064,1548,4,718264,144cd15ed267392d4677988fd47728604763143b2c1b5da931b3e42d66f31dcb,False,False
train,327,000486.jpg,2064,1548,6,909562,b05e2fe3d604f0d6c9628bb36751c9499c1c60f6f8110a62ee3be7d2571f9beb,False,False
train,328,000484.jpg,2064,1548,2,929220,37af24ba74eaa7f8aacd1fdf1fd418d69b704471c2290b8c36dd2d064eb5250d,False,False
train,329,000483.jpg,1728,1152,26,214456,4d19df0545e2fbe8d820404dcdc1d4af527d017d7e49c93197b9d2536d8cdf93,False,False
train,330,000481.jpg,1728,1152,69,224915,cc164fc2e12a8189b9d1ddff72a121e022afb3da2e859dd95be053f252ba52d7,False,False
train,331,000478.jpg,2000,1500,17,700904,08676b792a12a6c210932aa6ea391685132cb13ef65f1987902f63608e875533,False,False
train,332,000476.jpg,2000,1500,13,738698,2887bfa697d13206c5fa484be4c4c9e0dce205bd1dd1b23dfa84b1ebb80976c2,False,False
train,333,000475.jpg,2000,1500,40,547439,fcef7f6a0edf9ac01fb0c3697e12300cbcf5d89f342a74c35f468d6246230463,False,False
train,334,000472.jpg,2000,1500,34,542506,c98f9aa33ce15dcb420c72753c6c6eae66f944e73cef1e4d9bd79bbe1ca52041,False,False
train,335,000469.jpg,2000,1500,39,592288,af89628d1bcf3d92338fd2ffa4bb0b51e9fc1e2afa954cf2482165237cf7aedb,False,False
train,336,000468.jpg,2000,1500,60,601678,cebde9e9228d6ad5a710cb4c840df584798dbe94129421e344213a29a4f1078e,False,False
train,337,000465.jpg,1616,1212,5,590554,e1b4661fb8550b47a22c89ae090b72cd8390a27a103abc55459d76682b308c67,False,False
train,338,000464.jpg,1616,1212,4,592203,179290b169599a2125db9d9c6f6a7d9c580c4a45f963ec6ddd10f231601d865e,False,False
train,339,000463.jpg,2000,1500,1,582960,5339e8b83050312769087d33eaf39b5fe6e6c3ce96c9be2e8d2eb862e0be70d3,False,False
train,340,000462.jpg,2000,1500,13,592991,9f9dee3e173d1e6c1da3a15703a3b73045481b2f84b3b29d81112085c7920c57,False,False
train,341,000461.jpg,2000,1500,13,603636,a6aba7f2d233a5b0afbd5e05764e2c1bda16476f81cfc92bf9701e8640bf7caf,False,False
train,342,000457.jpg,2304,1728,5,1038822,8f1b26d0559d7b22a939fd9c514333b3904eef13b9dfe36a03c1d25f2a3f16b1,False,False
train,343,000455.jpg,2304,1728,3,1000918,d2ad77cc0986a460e2cf14fda325543a9ce5ea84edefcac2e676d9926d1fad54,False,False
train,344,000453.jpg,1280,960,7,419251,cbe1737f7b0edd7d6de82f862a26eabe68dcb228fec9057e06275537ff3aea6e,False,False
train,345,000451.jpg,1280,960,5,435588,729b5f9fbd40b9d7b9b0ec691fb21212ce280f0a5fb7a4d6e56e3ac43c091529,False,False
train,346,000449.jpg,1616,1212,2,477157,c223ba3ef4cbd99a52b0e9980b280dfb9cf9665d30cc7f704c9da91520592848,False,False
train,347,000448.jpg,1616,1212,1,444760,5b558bb9322c6c7f6e735954b2a8c401b1c5827dc79bacd38f119c88f7ee0bfa,False,False
train,348,000447.jpg,1616,1212,6,403221,87e7903ce48737d63e6142d7a109347150d447944cd24a45e1aada58720346c6,False,False
train,349,000445.jpg,1616,1212,10,431036,00c27f4e79e72a4fafde0a278241a1d8f86fe263fb72c6be9584e44ab34b944e,False,False
train,350,000444.jpg,1280,960,3,309235,581a7f8d7a31335f9002c55b38272ef70571b345ec0468155bdb95d9486030e8,False,False
train,351,000441.jpg,1280,960,14,339359,3bb2a9b30930bbc024d09d8a199e0b51bbbe27476503d575fabfac92b50a9e55,False,False
train,352,000440.jpg,2000,1500,2,650631,c2eac837b9e4a3a7a7d0c1bb256e0ed41398776ea31fd45a222646bd920d655d,False,False
train,353,000439.jpg,2000,1500,1,658969,f8f62736aaac9cbbfed952fce446e920101eeb3dca741b7050e0bf5cbf9b12a5,False,False
train,354,000438.jpg,2000,1500,1,675555,0e78110ada24c481acfb62154f269f4370a10bbe34b8d61d54552c38dade7abb,False,False
train,355,000436.jpg,2000,1500,1,716611,40f232218886e1eba55ed036776338a9832be0fb1670b908cc102392ca4a4755,False,False
train,356,000434.jpg,1616,1212,12,444467,e7c953ffe30bafd84db15760fa55194d3e8afcd1b0424db83908468881d44735,False,False
train,357,000433.jpg,1616,1212,22,442828,7c91bbce1d19bc37df6e7f9c8bc0f3f560c892819151b0994653c611d33ecd5b,False,False
train,358,000431.jpg,1280,960,5,352635,62bd875fb388e7758c824e6d08e2a36f6f92ca1562415a2c331e7e1f8b9811b8,False,False
train,359,000074.jpg,1984,1488,72,926889,8e0c9f7acb4015a286fad230ab9beeab059a1b539eda8d6fa70270d18d7383ad,False,False
train,360,000073.jpg,1984,1488,88,852971,e7f6044e6bda5f4e6203d889f94aa8f26fd2fb820e385347b14a0042d3a0425a,False,False
train,361,000072.jpg,2736,1824,41,905468,a390577a68b545c20829e61579f48f49e0baa4ae447d0d5f8f599c1adf79bcd0,False,False
train,362,000069.jpg,2736,1824,54,981280,6b8209de1f190ba3289b1d66663b9dbc5506bbb24159209402ec9c8a029d461f,False,False
train,363,000066.jpg,2304,1728,21,615303,fbf3434a248cd4153a7aadcc6b7a2c2b4cf7c4871fee18664d36c5e21f7ab317,False,False
train,364,000065.jpg,2304,1728,42,635983,c8f9791b76e853d3998dc335f0c68792f54c9cb503b4f95e328c5d345e364f89,False,False
train,365,000064.jpg,2736,1824,50,1018687,b6bfd359ba6ee7cb7b554dbe90fc9bc213440be50a97e85b04be4c25f1b40d0e,False,False
train,366,000063.jpg,2736,1824,22,1028800,2cf3ca691e587e8e9c1dd907e11f63f5a93531d53501bdf32cacd46e4597c32d,False,False
train,367,000060.jpg,2736,1824,37,842214,2423ccfeefae959c63567f84b8d93765cfb71fd77d99fcbad571c25ec74d2373,False,False
train,368,000057.jpg,2736,1824,29,791642,d5966ffd06954f4861f2b5d93ee8abd75cb2d3e52430962717f67e03be26810c,False,False
train,369,000054.jpg,1944,1296,16,184688,c79655e4638e789968a9db4bdfeeba7b46db5eea6f4782620be55c53717cde1a,False,False
train,370,000053.jpg,1944,1296,18,168008,9adf69f7daf2df275a7ee45d7d08baabb49f618df99edfc3ae08e47c05759e2e,False,False
train,371,000050.jpg,1944,1296,23,216072,a6adb0ffda8cbbfd70c2ce737f7c82423cb29ab4e4161f1a9a3546185cda8c77,False,False
train,372,000049.jpg,1944,1296,28,205602,b3926f7ff4fec2b61c10bae1a431b5e93461f6a7715a0cd44db6783f697cd731,False,False
train,373,000048.jpg,2592,1728,14,535403,6f93d99e23dbe15d2eedc735134395573baf8c53cd82e9e0f1981580e429df7d,False,False
train,374,000045.jpg,2592,1728,14,552816,15c4cef87c4bd08dba38585e096e7cf35ebd31b3d3c409a040b788d036fbb768,False,False
train,375,000044.jpg,2592,1728,2,555235,031a9b6ddd9d3de2fff6e8073f266b33098e74229800f879e6a3b02d7781b158,False,False
train,376,000043.jpg,2592,1728,20,534565,a6ba49668f93efdcff27008c9c94f8d0b1b5a4145d471867d22cf309a7fac70a,False,False
train,377,000039.jpg,2592,1728,22,581146,6b64fee3542e1866025ef470e3c3a26543a2d5f27d641effc31d0c7b04aa5521,False,False
train,378,000038.jpg,2592,1728,14,703687,8169cc21e097b9862c556cbfe2ea2bbaed714db2ce6046516636c0983d70d144,False,False
train,379,000036.jpg,2592,1728,3,753111,b18da1bf16bff0444490ef166c4fcc440943b35a60b7526f61b14eb9656d6f2d,False,False
train,380,000035.jpg,2592,1728,3,828158,1de2f7bafdc0827011c4c1221bc01f20f827cb178f22e6183089daeb18a6c424,False,False
train,381,000033.jpg,2592,1728,4,975454,f6fb51aabf871eecf3a32705382e50e52ec2b662cd836283b2177b3daa9d15c6,False,False
train,382,000032.jpg,2592,1728,2,639603,2604ce5b3ef48f238baeeb56b4fcdf4e42e2d0050f12bd95edb1b7082f29e365,False,False
train,383,000031.jpg,2592,1728,2,694293,e93b501df26a87589ee8cf6a9c51d63f11f110c8c2749660f3b6936ec3a691a2,False,False
train,384,000030.jpg,2592,1728,3,698900,a2f6bba3ce4779fa56f05a777c76555912d545046728b5b772971aa243c96f8a,False,False
train,385,000029.jpg,2592,1728,1,912350,3e3aa6ad0aae1f4e04cb33f7348d8a7e011f31c085378a064294d44dbd2f4f7e,False,False
train,386,000028.jpg,1512,1512,34,595821,244ba532ea392b07a8db5518427c56efe356210ab0ad5804d690fc6f2d6b687f,False,False
train,387,000027.jpg,1512,1512,7,653458,00d0a9cb4ef5cb352c4abd10c7c1db484a13c132ded03b2fc459d898b2b0c041,False,False
train,388,000025.jpg,1512,1512,34,645375,4849cfabd863063120d346f7a62c6e084347ae3bed412eadad34e3a86497e7dc,False,False
train,389,000024.jpg,1512,2016,48,832595,1f64e45e5a68eb189017c2fc492984347b35830fc780c56a63ece4d3b181d66d,False,False
train,390,000023.jpg,1512,2016,22,710727,daa21596a40a725dd9cf5ad4ab39aa75f9ea5fbf18aa1858f64644dff198ce7d,False,False
train,391,000019.jpg,1512,2016,10,1017457,c796b75bfe7ca99dd33af2b70710e9bb2ac592994bd82aa0b43ca55e880d1110,False,False
train,392,000017.jpg,1512,2016,11,735311,eafbb2f311f2ec8ab2a180af41f5a25fe2b532114ad5b0d726ef4f937a4e6ebb,False,False
train,393,000016.jpg,2592,1728,8,799931,bf7d7466364bd855f131a6490a77b0c6bfa11100405b485b8074942d48db0d0f,False,False
train,394,000013.jpg,2592,1728,17,695354,286e82cf7d4fd91edaf11288751853d11f2f0823e2d054a7ff7836cf47c345e7,False,False
train,395,000010.jpg,2016,1512,16,880617,a4b84781c7badba82291f6d21d2a585706a2011a27bf865b53978048d44a520a,False,False
train,396,000009.jpg,2016,1512,26,861851,8b2730642b90a99c17271231ae1b2f7724b9c705f4af0670d4b42e80d6642845,False,False
train,397,000007.jpg,800,600,18,197801,1c406c16c4f7f9f214911f31a5e52f41dd35df6a5e55b7e93839775b4ba74f2d,False,False
train,398,000006.jpg,800,600,16,195150,a32d841c2d6e83808e90d4044052687d4f5e9ba2089a908045d90669180fe6f1,False,False
train,399,000004.jpg,2016,1512,21,507441,f270a2e376c18e4b764bd12119cfbf7b35a01f9da1789f76fe65cea68d0bbc0e,False,False
train,400,000002.jpg,2016,1512,3,481420,62b6c1400cb887aada9b4a02cd3210fc16ace84c8b00c62d4c71394733f7fb81,False,False
test,1,000181.jpg,1024,768,4,278486,2baef2e488854f13b6a303ce8ca40f42ab0c4aed37012dbc57a5065d41f215ea,False,False
test,2,000178.jpg,2296,1288,21,723448,73d3ea590b7d66f439c1828e023a49ab4690e2fa6dacd30636e41693a30321c6,False,False
test,3,000177.jpg,2296,1288,51,726718,25492973128fb7e549fb2eaf0046d9cd561c8675f5dddcdccaafb5bbc941a099,False,False
test,4,000176.jpg,1920,1080,6,752233,d8d7112d9c535ccfa10cc66a276bd0313b69011398b8da1cc101e27d250be582,False,False
test,5,000174.jpg,1920,1080,10,746651,8bb531c67f0c9541722a719d4f3851aee4321cdd00c0c37237c777ea809bffae,False,False
test,6,000171.jpg,2000,1500,6,953348,aed9feb4599e7bbc9c28a6a7c8ff0784fcfc46dddeb2f16b0951c856e2190f38,False,False
test,7,000170.jpg,2000,1500,11,939971,965f6cfb8c3cfc731b07fc80b9e8e4d6f63a27fa42c45c9eefe2d3855fa64402,False,False
test,8,000168.jpg,2000,1500,3,745802,fad8045743b53e7a6d11793e22cfb22e3c526cc642a74dae13ce77b6d4b7544d,False,False
test,9,000165.jpg,2000,1500,40,670784,11cb1ade3226ea396bcbd84cfaeae40b32078313f06608ea179a822c0fbdd0b6,False,False
test,10,000163.jpg,2304,1728,4,815293,f6a9e435f52930dc66c68d5a0fe96bcbfcde07cec91a803c9c3bb952ea6fb08b,False,False
test,11,000162.jpg,2304,1728,4,797335,4213be64d6803bc13f9981b9ee77d620a4354fd95f31a292de0ecf65a77d1dcf,False,False
test,12,000161.jpg,2160,1620,7,705557,7ee72cda748ddfc0deaceb03bb8c96639881ddbd18fb7c033997304ca6b95396,False,False
test,13,000159.jpg,2160,1620,2,715235,3126b0e78f78fec2c9fc32f38052ba67c6380b467f14e4fb63a294a0a9ccea21,False,False
test,14,000157.jpg,2160,1620,24,827139,61a51548f134160dc99f57070d8a9c3a3b45d83cd602c320919c5afce4fe4565,False,False
test,15,000155.jpg,2160,1620,29,863235,02e2ed91e59d3abe709b1eef9c548a4a3cd531f0806c37b02998c1243e25b5a0,False,False
test,16,000154.jpg,1824,1368,49,586868,e83612cc9dd47bf39a3515a40068510c04838cf091883f8b60d1567fdb387814,False,False
test,17,000153.jpg,1824,1368,44,596918,a7a220dd08105d093b9cfb4c6b1cc4997c7120f118dbd17e039c89e7636134ec,False,False
test,18,000149.jpg,2000,1500,28,929871,ba9676e15206882036b47c3de45223e3fec50da89c65c604718a0a1a2b427e5f,False,False
test,19,000148.jpg,2000,1500,13,878078,544cf2435c7437502696b25ccb49fa32388aca4f8dc5e6f5e4cee3c7571f157c,False,False
test,20,000146.jpg,2000,1500,8,1002727,d4b52f3eb0448d0209ba2e6f74016d1acd796fe11e24374271a494b026b5da16,False,False
test,21,000145.jpg,2000,1500,8,984588,ea5bbd09c7ad4729ffd063f13faa412103df5a2ff31948f26633f687d11d75ff,False,False
test,22,000144.jpg,2000,1500,13,587492,49b46289f0563a0a833ff3e1e746c0cb777207d5acde2cbe4e0851de416ae7bf,False,False
test,23,000143.jpg,2000,1500,17,599447,6ecf28bc8817b0cf82f55716268a9296e5bd22414e483589e3a6fcc57f60c832,False,False
test,24,000139.jpg,2304,1728,4,903843,315e3a5932d8a281067f5b8beb31881fd0fdc0215fca5c93ba5e856bb470c0e8,False,False
test,25,000137.jpg,2304,1728,2,866877,7ef04b8af76de1f28d086b63d2c5df4dac32f41f8b4015bef6cee8486a5a2f14,False,False
test,26,000135.jpg,2000,1500,9,877162,c7d8b45c15f3b49ed33fb949ad72a19a35acd5b874bf15222f8dd9bfdfd35257,False,False
test,27,000133.jpg,2000,1500,10,862280,31c2949b533e0ed1f845a34704becdf18ca4d30776e4ffc5be588ec6b86455b2,False,False
test,28,000132.jpg,2064,1548,69,896707,f858e804056e14ae8833b07c03b76381d54ce650e9750fd072ea87b5d6eec76e,False,False
test,29,000131.jpg,2064,1548,46,875345,03564c44f2612f2035ecc388a11a12cc30d4afada20f005354ab8d241ec8495f,False,False
test,30,000128.jpg,1728,1152,1,409169,9e8cee97066f06c8212e83f83bc29e611727bd9a499923553e895d8800f4d5cd,False,False
test,31,000127.jpg,1728,1152,5,442174,f5eea579c1c8f38bc58938223f192558e51ade8b2b702aa1478ebe230e07c554,False,False
test,32,000125.jpg,1728,1152,7,214812,f039964a921b7101c344a85d61f0832cd3c9152e84d15d7bd3d2e23ee5debce9,False,False
test,33,000124.jpg,1728,1152,4,212177,40a88391aae44ee32c751575ace0d2f3614401b5e59cfb280bc676d1af3039c0,False,False
test,34,000122.jpg,2064,1548,44,971653,87f2f8130717cf032041b01b569567bdc092d8e41ebe42fcd7a6257c24f43c93,False,False
test,35,000119.jpg,2064,1548,51,967119,a694010b52d7b86c58d662f2c53a7913c023af5040174955b2013e94e43b1001,False,False
test,36,000118.jpg,2000,1500,7,571883,a7563d989d955414da8001573756bd7e138772e70a15ed4a81d636eec606903e,False,False
test,37,000116.jpg,2304,1728,3,969154,6d04e62bdf76c971ce0935d56cad2143cce70a5d239097fecda0c7e5ca6be92d,False,False
test,38,000115.jpg,2304,1728,1,1032003,48ab79315238229be0788cecc2782cca30c38efda468472d2fc36cfee9d28461,False,False
test,39,000113.jpg,2304,1728,18,830698,7f4cb22709c3834df71c0d69a7c0415659c3351b056160e760a57490e866b1ad,False,False
test,40,000111.jpg,2304,1728,40,867830,961f759b04e20c21d8853bc2f9ab138198fedb07dab1d4a9e69c37159dad8c4f,False,False
test,41,000108.jpg,2464,1632,16,646731,76093be1d42642b06654486d1d7f9895ca7c9d139c00e1f51775e76cb4355e49,False,False
test,42,000107.jpg,2464,1632,14,665472,583825e8bd6036afe39d5c958fd4c18c1eb8df625487596dc68aabe2134bec78,False,False
test,43,000103.jpg,1024,576,17,187702,b58ccdc20a3051e8c7f17ebc10053f46598d01938a8bf9846a2c68366af9a343,False,False
test,44,000102.jpg,1024,576,39,194956,73a475dfee5181725123a32a0c3fb109a67019f141d37fb7aaab253b2583b888,False,False
test,45,000101.jpg,2464,1632,8,712536,122f97cb636557cf24d33bcf452ca9a6f7d0ded0543ddde817c5c3293b827553,False,False
test,46,000100.jpg,2464,1632,15,749284,4355aa4f8a4f4061e70027665b6b40dcdbafaf2034d0779f29b5fa52e4651e4f,False,False
test,47,000097.jpg,1824,1368,55,549982,d439998726a5358f740702507b839dafd1de9c8b515b0a2ecf632c0dcb4d02eb,False,False
test,48,000096.jpg,1824,1368,22,529089,45403172a53b08421a50f7a599ecbb49aae74d8479aad47b6712413fd7b4523d,False,False
test,49,000093.jpg,2304,1728,16,932005,e18a4f3d300dbaa2347af30d4ba87d3c4e2335c055434474b2b40caa5c87982d,False,False
test,50,000091.jpg,2304,1728,12,997738,6741eceea12b0b440d04a46f15c8d05384b608caa2d91906d8800c813b3fe98d,False,False
test,51,000090.jpg,2304,1728,30,1057315,ccc53925012c26eee3b43f08e1db32f0172c54233cb9be9088a1d1df50ffb1a9,False,False
test,52,000089.jpg,2304,1728,8,1040022,cd59f507c33d3cfeaf86c98cb86f2574483da0ca594db83a397d112018fc15ad,False,False
test,53,000088.jpg,2304,1728,18,1012471,5658133430e63245e0451f83fd7dc228855042bd11c96825aba4db64e51e4f1c,False,False
test,54,000085.jpg,2304,1728,7,1037229,b90db93983e1e132cee9cac550046809fc1e9080704f1ca4b425e81e778f456e,False,False
test,55,000084.jpg,2304,1728,9,846046,738f2fee00d18a6e9bc47b202160467b28233dfc11490e5d6040be702e0f9e03,False,False
test,56,000083.jpg,2304,1728,17,1037945,1e8e0941d498f9eeae62d5eef8232618ab798b31bd156882f6684f152df0f651,False,False
test,57,000081.jpg,1632,1224,14,579062,057ab6f93831a02250e3ba0d172c9bc4400676546c2a2072ca6d2929b0336a15,False,False
test,58,000080.jpg,1632,1224,52,553141,0520b064f495623aebd72664be9f386b64e072802fa57dc4ebc2ec7ba308578c,False,False
test,59,000075.jpg,2160,1440,44,556384,1029b54f3ffdc370f4d2cc421417866473ed1dc698b63f7cd531c4a5de2d0572,False,False
test,60,000074.jpg,2160,1440,32,644149,654da0f1fe0e3529d098d9df24ec2b83b2c70ac89cb9a9c99b1446ad6555bfea,False,False
test,61,000073.jpg,2160,1440,39,812738,c7a0917d5f8339240ec55c1dafd097ff8fb9b67dbf2ff6045496bc426c5f8a4d,False,False
test,62,000070.jpg,2160,1440,41,813080,e0f857f2e1c347d9dd7e1a7ab99fd9c20637911c340eda591588de670c357cce,False,False
test,63,000069.jpg,550,365,4,76105,bdae510d0c2f4ad8147c6f685ed72fec3efff8b38b987577de52b95f2280599d,False,False
test,64,000068.jpg,2448,1836,26,926826,0c73ee9ae742b9b4c5ddeb27781fef223e30f99fae4cbfb1e41fd0f9c2c785d2,False,False
test,65,000067.jpg,2448,1836,43,916504,1a4861e2ddab72748f18042e939956f1e35f97b6d5485883a87208c0bad3ea42,False,False
test,66,000065.jpg,2448,1836,20,668103,eb1e5fd997cdd65dedbaa100ccaf612f2bd2ada12e249606b276585cdf68072d,False,False
test,67,000064.jpg,2448,1836,5,675526,093c5316187ffad20d68472c236fe0698c3fc7fcbf7e2af0369f786c6b36388c,False,False
test,68,000062.jpg,600,398,10,93672,d002e84bdfd0dc7c9fbc1326b2e886923d7004aa50e831f8e81f1c94ede0159b,False,False
test,69,000061.jpg,600,398,4,95997,5bb3e76b6e5fa9e2b7ec150845a3019af807300aaf36dadc8f53517b15ef7473,False,False
test,70,000059.jpg,2016,1512,3,1115343,1bcc3500e0b63611c5ba5994ea821d47e4657797b6d6b4b6fa82790d25addb36,False,False
test,71,000058.jpg,2016,1512,3,1232875,647bf11e156f8d2945c7e70cb0219eb4679bf0c0cdb3e7102f46251925d22ec8,False,False
test,72,000057.jpg,2016,1512,11,1148950,0caf2866fa46e10968cc05c310c12782c9a3f585fe9390a39178eed5751923b8,False,False
test,73,000055.jpg,2016,1512,7,1276757,2d40bcf0939dc3ca07f08aee99dd822b295a1e2776e139a9794393d0a0fa0f27,False,False
test,74,000053.jpg,1008,756,8,275782,a73a3ba3de630e0990173079ec71a5a41e9704748f4e71a8c276acdba8f62191,False,False
test,75,000052.jpg,1008,756,6,327985,724ef7d9cae5b7e65e2e08681fed93dd26530abfc42d56db8e275aa0fdadc115,False,False
test,76,000051.jpg,2016,1512,46,1026540,c5bf851a2ae7f3d5e125e7ae5cc90c9fb83ae8805f8d78d380b65cc59606f503,False,False
test,77,000049.jpg,2016,1512,78,1145663,1e752a72bafa4409ab786304fbdb4d3f2562d9aeaf9a1ab7be040fce29fa69a6,False,False
test,78,000046.jpg,1500,1000,7,368499,baabf529d1cc9e0f705165772e3b8a2f51c7f9b074a48b7bb1199134a105c83f,False,False
test,79,000045.jpg,1500,1000,28,362690,6b3da790daccb3c08cc75591fb5af807e2c27aa7018bcf4c1b8b74e8d404615d,False,False
test,80,000043.jpg,2016,1512,58,965085,e13de8d064e7259b66b93411de634bdba50791b25885ef545c351c35c05e336c,False,False
test,81,000042.jpg,2016,1512,60,980029,3346c7e9c11dc9a7741b3c04c98f9ed987cf5c22b742f0d7acaf97abd420a129,False,False
test,82,000039.jpg,2304,1728,1,947627,c5beb00f0eceaae1d1309e6cd91c509cfeab4d3c360b67ba079b52b176a8136b,False,False
test,83,000036.jpg,2304,1728,3,990530,d133f77d6d828699f5664d40344bb981a3ca16fb98582ff91d30f4b5e4782202,False,False
test,84,000035.jpg,2592,1728,9,615898,1ef776e85cec3b8caea1d4438b3a243bea9127f82bede5fb3480158128a5a94a,False,False
test,85,000032.jpg,2592,1728,11,721837,614593373f73633c043c705d752da497e525b7068a01d4f8c14c3c7fb29bc751,False,False
test,86,000030.jpg,1512,2016,170,874321,745af1642fa86e458a1a57c8d21537cfc2addc9e1efdc200bfc9711497877dbe,False,False
test,87,000028.jpg,1512,2016,136,813562,54f9037139e6727279c54f6b27562e423951937df26b1fdd816678628784b5bf,False,False
test,88,000027.jpg,1512,2016,11,802345,50f8eb240295ad2a241f9f200116620b65bd0753ded9a8e70b1f3e82f60d96c0,False,False
test,89,000025.jpg,1512,2016,24,920851,b9204142dfd16527ab645c2493e6d6c54c86c5876428423fca8cc6fc5c09f2e7,False,False
test,90,000023.jpg,2592,1728,11,947665,cc6f3f77ae3fdddcbecf38ceb12c5c6a9c9f600179a8e7add4f257af36f1af99,False,False
test,91,000022.jpg,2592,1728,5,1002758,94f84b4688131ad20a377e3e36cb4de97c2c38a2c4cdd36aae74155b32862968,False,False
test,92,000019.jpg,1512,2016,119,735065,75c8466ee05aa2cfb6c0dd298766610eee49d903fa3ec9fc2f3dd4d7c3ba7377,False,False
test,93,000017.jpg,1512,2016,99,742897,200dc17357157e4eaf1f6bd940065e013b7363b195f0ef5a261e73b65676269a,False,False
test,94,000016.jpg,1512,2016,28,891568,c94bdd8da2afefb434cb233b89ba3cf0577ac5799fd048900ea36054264dee12,False,False
test,95,000013.jpg,1512,2016,134,826003,1e77382fec3d318a538f7b500589dd3c8f6e0accb993ecf9a691c8bdd769d8d4,False,False
test,96,000011.jpg,1512,2016,34,829567,d5208cfcc6bd52cc819e3e7442c5a98616bcacadbf85116b0f6b6e8bfaeb7ce3,False,False
test,97,000009.jpg,1512,2016,29,909060,b4b2445a7f562ddccb451136244ab043f424cc285469827d33f25f2b227b0175,False,False
test,98,000004.jpg,2016,1512,2,614894,3c31a4fa83b299044247fceed3fe8da6510d5f18a4064e7b481f22851676a8a9,False,False
test,99,000002.jpg,2016,1512,10,575647,149e4a4f388d8d497e660200c71a82079625a6c32266c9ce9a032fc42fdeb91c,False,False
test,100,000001.jpg,2016,1512,13,638771,72d38119f3176205f53d3c460b97c15791e75f29b7d7f6ab2526506287ce96d5,False,False
