datasetKey,record_count
50c9509d-22c7-4a22-a47d-8c48425ef4a7,43974
8a863029-f435-446a-821e-275f4f641165,3600
7f5e4129-0717-428e-876a-464fbd5d9a47,1950
38b4c89f-584c-41bb-bd8f-cd1def33e92f,1036
14d5676a-2c54-4f94-9023-1e8dcd822aa0,910
7a3679ef-5582-4aaa-81f0-8c2545cafc81,837
b124e1e0-4755-430f-9eab-894f25a9b59c,485
4515e736-fa02-44ee-9808-bf89445104fe,431
95e635d4-f762-11e1-a439-00145eb45e9a,306
7fe3eb5c-42bd-49d7-a30b-82c353ef6575,226
ba51e01f-4ab0-4b17-9e80-27d6ea5a426b,152
6c29e5a3-20d5-4f76-a7e3-0c12482e59c6,150
4fa7b334-ce0d-4e88-aaae-2e0c138d049e,136
a246ef6a-82ca-4f1f-bd9a-0b446643ed0e,118
0f8d0a50-0936-4e35-88b7-0ddfba3ca94d,100
94a9c0ff-4c4d-4d75-9aef-70a2b6f3b0ba,92
2d59e5db-57ad-41ff-97d6-11f5fb264527,72
d61e50eb-6cfb-4e53-8b58-b1f6e1e7d5e9,72
b1f8de14-6f89-4d6b-9a2e-d2ee71d522fb,71
8e1a2bb2-57cb-4b4a-a7e8-69f0ed61f0a5,69
6584f86d-9d8b-4b9f-b589-b0eb45631df7,67
f990f732-8f35-4a2c-a3f4-8b578c8f78d3,59
d8cd16ba-bb74-4420-821e-083f2bac17c2,56
8dfbcb0a-1d56-4c7b-9d9f-74c6531dfd3d,54
6db5f821-7bc7-4f28-b0d2-6ef922f983f0,50
3f8f0b3f-4f31-4a35-8f5a-a8ec65cc394e,46
cb6eebec-356a-4cb8-95ae-6b0e6ce49b35,42
a5e83a67-2b35-4bbb-8650-d95d1e1fbec7,39
1ef8f70b-d06e-44f1-9984-85f0d3f7c3b4,38
793d44a8-419b-4dec-a6ef-c7e01239d14f,38
63d09dd6-4f94-4f58-9354-6e96424decb7,37
a14f2ea0-e6e8-47b9-a764-cf051e4b8f7e,35
66f6192f-6cc0-4e88-b36e-7c74719577c2,33
3d0b1a96-65c3-4249-b30f-707bf5a9f9bb,31
9f2e9e21-9c2e-48b5-bd61-247f04a9c365,31
1797d32e-b28c-4c60-bc5f-7428f33f274d,29
63b0c28c-38df-4b61-b0c6-6e48f64df313,29
25c75979-1d22-4ba1-a015-bc5a97e5cd0b,28
2fbb5a6d-7b21-44ef-9e0e-f6afc95a670e,27
5e24e3b4-9dd5-40e4-b41a-1a474945eae8,27
70f95d32-8b09-4d50-bdad-fb420f44cfc6,26
c8f874df-7bbc-4d6a-a4e0-25a3715ed7cb,25
084a9a01-f5d1-4d5e-80c3-c4472869e66c,24
8640f95f-6492-4a4e-9e9c-dcf95fa390bb,24
09b2f64f-3fbf-4b4d-9ae6-398a462568cb,23
19002e12-6479-46a1-997d-5ba20df0f0e0,22
58d95f28-8c74-4b12-88ab-3bbf87be97d0,22
9a0c07be-4719-4e36-9f25-f6ad763c0b80,22
205a4ba7-49aa-4abf-b0c1-1fead703f455,21
33a863e1-fd7c-4bd6-a9e6-2f1bb39c30b9,21
500dc57e-ae7b-4f0e-b7c8-371c631c1509,21
590a4b6a-9c37-4c6e-9619-bf0d74422b1e,21
1f5b5029-4ee0-45e7-8b03-74d3e54c15c6,20
38a6b1d4-c16f-4a3c-b02c-b8396d96e59e,20
43347a81-bb1d-4e61-b2aa-e89d9e6b0fdc,20
5c1da0fb-6da3-4ca8-b60a-cb12ce95f1c1,20
60738ce7-42c6-4f94-81aa-e6ca19c1dfd4,20
f66c7dd4-d511-43d8-8e90-5b9bfc77b9bf,20
46f8b0fc-7729-46a0-bc33-3d37055fac3e,19
604fe54e-1912-4c9c-9d73-852efb3d3334,19
73391fd7-1b53-4d9f-9d11-c0de1be2f32b,19
9bddaa4f-cb5f-4ce2-91fb-8b231db4c4cb,19
1cb375a3-7114-4a3c-b5d9-c257f8e8b790,18
266e02bb-9c5f-41dd-a802-09ef273481df,18
2f9a4e54-fae8-42c3-a6dc-7fa31bdbf865,18
54e4ce7a-307c-42ac-8875-a435892a2685,18
5c5a7fe0-23e8-431c-aee1-14261b8f146e,18
8376d597-f87b-4d4c-b4ae-dbf2e4b6ccf5,18
891db502-b692-4b67-a13c-b4f8d4cfd00b,18
9a1cd3d5-2e2d-4da2-9d47-e9d7f4e2da13,18
0d7e9211-e915-4b3f-88dc-ae7d55ca7a8f,17
1447f32b-af4e-4a3c-95bd-c3daf2ea7254,17
536dfe12-6912-4998-b4cb-283e8cc5626e,17
7f8c4c48-1905-42e5-b10a-4e6e102c87b4,17
8664b623-2f37-4b57-a681-b06b001c8308,17
a00f8e1d-ad81-4a79-95e9-19c20137eed2,17
bd0e7c70-144b-4b06-a396-76eea429b147,17
d2793dcb-6401-47ad-8ff3-5126697cc8ab,17
0e3fcb5d-f1d5-46b9-9d6b-a8e332bffcec,16
123cc7dd-a9aa-4f62-a0f1-1c1c81e1c5c6,16
2bc2551d-d1d0-4caf-b53e-7ed61b64c9d7,16
36e1a4f4-9ebf-4c1f-b20c-e0a7ce40dcc0,16
483c38cc-d96e-4b8c-b04a-d881ab46c70a,16
592640e6-36c8-4c72-aee5-45acd0a1a82a,16
670d49b5-f8b2-4df1-8d0f-0714655e60d8,16
b1de06ae-bf97-4616-b2e0-eaf043aa8d76,16
c065b4b1-01aa-4e30-95ab-459c57d8f1ed,16
d82ea6df-9d40-4877-8f30-50a8add0736b,16
0a482e76-3bb5-43e5-9294-472b9d4af7af,15
1e5db62a-df1f-4e5a-9d08-0895ea2d6d7e,15
6b11eeb6-9dc0-4fbc-9061-172824762b35,15
7e380070-f762-11e1-a439-00145eb45e9a,15
8db970a5-1a1b-4374-8c0e-f5e3e5aa9c71,15
c0ffc898-d0a0-4ed4-bb4d-88a33bb36c6a,15
cbe4f0e5-2a3d-4e19-a738-b0b53586d4de,15
d2e69418-10c6-4b61-9acd-44aa30a77e71,15
f6f0d1a4-c75c-4e6d-b6c0-ec8eb6ccb2da,15
12e4f6bb-919e-4eb8-bb03-eafdfad14ee0,14
207d5f7d-2a19-49b0-b9d0-e240e39b495a,14
27c4d4d3-7f92-4b0d-9637-3f02e62a3c6b,14
69c0c266-76d8-48f6-b552-51b9d4852181,14
9dd2ea1e-a7d3-4b2a-a826-d92fa26b6823,14
a8a4eeb4-6cbf-4459-9820-54f97bc03fac,14
c21aeb6f-6f5a-4c51-877d-5ee44544571c,14
f776e79a-60b9-4b91-8c7c-af33cd0fcf1a,14
046b7ebc-7c09-42d7-bbaa-21a88c0c5355,13
42f0c6e3-df47-471e-8592-10bd7cdb7d73,13
9c9f22cf-b247-464d-a44e-68ff70a9ef49,13
b48ad2f3-5a84-47a3-870e-af69af5f4ac6,13
0e8f62c5-d552-4e81-b211-38b1c8f9b42f,12
0eb95966-5736-4cc5-8e90-49bf2b94a3a7,12
1521aa27-6ee8-4bab-85d6-3fbeee1a4742,12
1df6a593-d27f-4fc9-bd58-f53bde21d19a,12
2d8ec3bd-fb0d-4b74-a0ce-ef4789a58727,12
49fecc32-103c-4b96-8f5d-a9aee0b4ac11,12
656c46af-3428-4f6a-ae59-9b39d51c9e14,12
689b7c25-20bd-4aa7-94d3-684e79012fbc,12
8762c707-8072-4e07-8119-2773b78e2770,12
9f2e9e21-9c2e-48b5-bd61-247f04a9c365,12
c15ce506-cbd3-4c41-9a3c-348d2a536391,12
cc43b410-2da8-4492-a35d-c92079b76c53,12
d672d50e-7162-4b8f-ae91-40521c6b887c,12
e4b362bd-1779-4ad1-b37d-ff9b3d868a10,12
1b8a2276-76ef-4b9b-b194-88b0342c121d,11
405fca7b-8f4a-4f4d-9918-814df127ea1b,11
45da0ad0-a505-4c42-8566-08a2771033d4,11
4605c458-d7d7-4d37-b53f-2be2e7943e17,11
74e72ea8-df8d-4b25-8822-4e49a9ded403,11
801a8dbd-5786-4a04-9201-930d811de2b9,11
9789535f-b5f3-4d20-9a65-881c39b95de0,11
a8203052-32aa-4d0d-a8c5-b918a1f1c94d,11
c9dbf597-f186-4dbb-b4c6-3954f9073ad6,11
02ae7142-1741-4f58-a707-2146ccb0a092,10
111377bb-a52b-4be7-8986-0cc744e2d94d,10
1617effe-9c28-4c86-96d9-c49a8abfa50c,10
48e487cf-093a-47f9-bf23-9c2c2becc718,10
4d2429d5-78df-4021-a451-0b0661b2e3d0,10
530fa0f3-0ca9-4e7c-9c61-17ca8b44a85a,10
612fa4e2-4bf4-4d0c-8347-3f64ab7ef088,10
824bb7fb-4e56-4601-bf99-726302f72a15,10
87f823a5-5a6c-4c2c-b578-847d857be46b,10
8addd954-105f-463f-b324-45120236f17a,10
9abf78f2-7183-4f82-9e66-1051bf3b65b2,10
9c13f05e-7826-49a3-9b62-b3b0d5f84ad4,10
a047a47e-7521-4743-a65b-08b812928192,10
a5d9da3c-0bd0-4b58-84d4-b46f8ec595a5,10
b538ff4a-86c4-4ce4-9f06-749e5fca3bb1,10
c69eb4a3-2940-4a04-89c1-8db48b063598,10
df83d7d1-3d8b-4aa4-9f32-9a0c3131ca05,10
068e0ed3-1205-4c8b-9cd1-d2b4700c954b,9
10f11e2e-2f5c-4526-bf8a-384d9a93e4cb,9
225feebd-6c52-49f3-83ae-8d842cf3fc3e,9
3a818ebf-ed4b-4a3a-8118-e0095c16c1d5,9
3de848b5-2a94-4fc6-92f0-1dfb53d4df25,9
4f57d71a-33f3-4a8a-accc-fcb1e5e93093,9
6804f42d-9ec6-4314-9729-09be7d0b2b9d,9
8287cd5a-edfa-4e27-a707-2b0ba29de804,9
857fc813-f762-11e1-a439-00145eb45e9a,9
9a4ce75f-2360-4208-9b2d-59e2db377f2a,9
9e6a0b5e-f6c7-4fd2-b75e-1d0b2ce110a5,9
a295b078-47aa-4296-b4bd-d6aa913dc079,9
b7d6fe31-56c2-4afa-b38b-47c2b244b245,9
c191ec8a-5177-4f49-acd4-330caf69e1e2,9
dd30536f-4a22-4e79-a475-18d84118f72a,9
eeb99846-00ca-4584-813f-f5d97b6ba9cd,9
0bd174dc-b53e-4c1d-9f57-ee853cad4492,8
1455fa27-f25a-4f6c-947b-4de66e2c7a44,8
1c1ce8e8-dc2f-4b3c-8e8d-09d5553f4408,8
251c9543-4c12-4e57-bd4f-c9b3908754e0,8
27bcc8ea-3640-4639-9534-1871cd7eecb8,8
31906b45-c0f4-4fa9-92c8-c5bd1f771666,8
320d8d87-3762-46d5-b7d0-2b74d4be9dce,8
40a66680-9cf0-4f2b-97b2-f826f91b0f51,8
480597a5-e5f2-4c3f-b828-96ec0092942a,8
56447535-501b-4f76-a96a-08309847f7fe,8
5f4c4c99-4d5d-49e0-a926-8d18adf036f7,8
69864a91-2e6a-4d83-85f3-97f784f60a32,8
76770e46-e81b-4cf8-b0bc-9e0c3806e8a0,8
8019a675-4a68-4d01-8a45-9f0c7ea93e7d,8
885b6fa5-a16d-40e6-aacb-5783990be5dd,8
8a2344d0-cc14-4b17-9a25-923ec8bc1732,8
9086d658-b1fd-41ee-bba3-f3c1a3f2168e,8
a172ec56-e183-4bb6-b2c4-68632ed1f0d6,8
a49d5909-2d44-4b2a-a778-f6a9c8b0c38a,8
b048d7da-57ea-4f6f-9275-c6b6d56680de,8
c3dd4a14-3443-4d29-a0f7-b7b539356843,8
d8ac1994-15b6-4805-8c7e-fdf38f46b7dd,8
e3e54028-1b5f-4450-a3cd-2e43c77b3f1d,8
f1c8464f-4c41-4cc9-8fdc-7519d06a0b16,8
043efcb0-d076-4b3b-ae96-44a5d7f4ed77,7
12c4350e-2a98-4f4e-b58b-40ce9e3054d2,7
16b05be6-3a02-4ab8-a88d-8c9d45ae809f,7
186f0f6b-82a8-489b-a415-8602a4552d7f,7
196f1655-9913-4c67-a433-5c09d8e80557,7
32f53b57-3f2f-4f7a-98d4-1b5b65a934f4,7
3b22371e-2ac7-4725-9b3e-12a78d858f49,7
407503b3-0cdf-4a62-b830-ac13e4b6c613,7
4b0c9585-4221-4d2e-a9d9-b0e744250e69,7
5a1eb1e6-1816-4f34-92fc-d12ebdb3302b,7
5e917682-70a2-4203-9848-3ce64e977e3e,7
6e1bf7c9-8b84-4c40-a9b2-92a19b7bbf07,7
6ebebd2d-4bc3-4eca-a53e-cfd4bbb13d78,7
7030ee6e-69b2-4c3f-ae04-c0e09cb202e9,7
7a2592c8-cc14-4c04-a4ee-3f3f5567f865,7
7cb27e2f-b995-40ec-abc3-ec971e1f3775,7
8649db70-327c-4c80-891e-ac7a6b0a9a84,7
8ac51ef0-2a01-4ed6-a5ee-73354852ba62,7
8cac101a-9950-4bab-a907-14edb296cebd,7
8e36a791-3657-4476-8763-b88029c7e3a5,7
90c8535b-1b7f-4ea7-a533-2c666356114c,7
9a0d47fd-6d86-43a9-af6d-b0ab0fdb64f2,7
b8754df5-77dd-43b2-a45d-d30cb196e50c,7
bcae2ca3-1f9c-4b0b-a7dd-07ad119f2d8d,7
c559e66d-10c0-46e9-8c50-27905e04a011,7
d5201b1d-3cb7-40d9-a597-8b47841551ec,7
dc73f92d-2544-4b65-8ca7-b565a6f2ce96,7
e1fca38f-a6d9-47f4-bc20-2932f3882c4c,7
e5ff823c-93f8-4677-b9cc-56eb24d8fa5b,7
f6c8bbd4-a596-46fd-95a4-a1e4fbc17a25,7
08a4e2c0-9d1c-4293-b268-7d86d83201e6,6
15de3ec0-3096-49f5-9a5e-ef5842ed913f,6
1696efa5-bf91-49c5-bf33-cda894554a95,6
1c6e29f1-aa14-4d34-861d-152a04a98a45,6
2e3585e5-3732-46ed-92d4-3261a51c1f33,6
3990c49f-72f4-4ad6-b7ff-55386f9e1d10,6
3c31f84d-c147-4d50-84a4-c276f7a4cb7a,6
403669e8-9958-47fb-9e5a-411ff2920930,6
4c93b398-6212-4516-b685-8f6d8c598dac,6
4f92d74e-10bf-4c1c-a44e-6209ad197527,6
59c09b8e-bd62-42c5-a341-69788c3ee885,6
5c9a1c32-1db1-4aa1-8e26-346e2d8932d7,6
65515b85-a3e9-4481-8ad0-e62f1c86f28f,6
6d3355f9-21ba-4d7b-9f54-2e4bde626f14,6
71d6eb66-a808-4eb9-8796-22a812a7d9b2,6
7482ac0b-0b08-4273-8671-13fda8d5a63f,6
7fbd5e47-757d-4b44-a6a0-4fb064d6ce9a,6
82d599ef-bdc4-4490-87c5-b077b1db7a21,6
85db3e1e-4e3e-43f9-92cc-2d1ab57ed665,6
8a8d4de8-e0c9-4b22-a506-c0c20c0be542,6
8b037ffb-cc1c-48ca-8f12-8480b6054e19,6
8bd0d7c3-3329-42f7-b3bd-8f232ca16db3,6
8e6a0f2a-4b6f-4df1-86ce-b2333d8f887a,6
91ff60e4-571a-4afb-86a3-fc712bdde0f5,6
947a7fe0-9cb4-41e2-bf27-79fce3e04cf2,6
970ee42f-ddf3-43dc-8ee5-b11692e39816,6
9dcbff88-7de4-4309-8e54-e0f63b1a8065,6
a9508943-5a3d-4c8d-8210-7561d5eeccbd,6
b2c0104a-c803-41a1-953f-76f791709adc,6
b77e678b-b07b-4d5c-9eb5-03351b657bd9,6
ba3f1a26-c41b-4df4-ad5e-c7b4e145e67b,6
bde62225-3f08-43c9-9833-33d65545507b,6
c22da4ed-8775-4cae-9a33-36112d424d2f,6
cf2f0f87-7d39-4a4c-93e4-11cf9d8a256d,6
d3aedf53-b6de-4855-a0b6-8f1879d528f9,6
dd4f20fe-7c39-4fa7-a1cc-2cbb76af2cf3,6
e2ac7047-c85e-4aec-a080-fc065658c506,6
e2c5eab5-3b9d-4ebf-9967-21f134c36b54,6
ed255f74-77a1-4a20-9b73-20fa16268002,6
f10b89b3-b03d-4f7c-bc63-d745b3e25fc2,6
fdb786c6-9c18-4d0c-aaca-2f88c5db953c,6
017d0e1d-2b62-4f5e-8ad9-a17c44baac86,5
02b24fdb-006a-4a33-a8c2-32b83513cbdb,5
0b9ab990-989d-4d18-a090-d7f2e73fc5a2,5
102a32d7-1e5a-48d0-93ce-706f78ce3d9a,5
10f31f4d-43ef-4d6f-a61f-d08191d76c06,5
162764f8-7df6-4e43-b1f1-f0f8eef09d96,5
190a3ef4-8064-4900-9fe3-45461857d317,5
2753b0ef-4d8d-48cc-8b44-55ec04a2a986,5
2ed1e7db-d39e-4d1b-a20f-c0a5228c76f7,5
352be773-2d20-4ad5-a86f-cc41edb3d0ef,5
406b0e95-c1c6-446c-89dd-0122527c6cba,5
495fbc19-1876-42d6-9509-70800bb9e780,5
4bdc86d4-6713-47b6-835d-8ce3c91c8395,5
4c421ef4-162b-4bba-a90f-b7c6372e8041,5
4e75a480-033b-4bdd-8615-d7a3c8c131b1,5
5a6da1b6-758e-4eef-a7c3-cad9f44d260f,5
6bb7f776-009a-4126-aac3-7e36adfe2964,5
6c44dca2-b7c4-4d74-ad6b-9bac3b92268d,5
70597b8d-da21-44bf-83df-6815deae71d6,5
77e35fd8-02ab-4552-9b3d-aedee22ca705,5
7e1fca59-788a-4b5f-bfa7-984e84054e24,5
833af9e9-25e3-4e22-8e76-29a0d2265556,5
84735014-d484-4f44-93b1-18d2ad798ffe,5
86f0bf4d-39ce-4ee5-a856-d98ea58d535e,5
8e4ec08b-9c9d-4e62-8ed3-0327662668f5,5
93367471-80ed-4418-88be-733c292c6b12,5
9500032b-8a94-473b-8f8f-b3a7fbc17475,5
9a31e099-87d5-40d2-984b-534b85d86286,5
a0152c48-3666-4c20-87e8-a0805bbf3152,5
a0d02a7f-5eda-4f71-bb45-3a1133d5e4d8,5
a13fb197-b142-4386-9b9a-9208cad5ad35,5
a371427f-bc06-4f16-9d0e-f21b8dbef094,5
a52e0f6c-1e7c-4e65-8b37-059bfd2eb64b,5
ac6bb549-bb8b-4776-bf95-7a4d3b859307,5
b37c56ef-6715-48c5-9d15-a5ca3b8e4f7f,5
b6329649-7e9d-41ba-9c33-0d40681c4a2a,5
b72c4468-86db-4e81-a7d4-7ce7ace37a5f,5
bc6aa729-8d3c-44c1-b41e-3b4bbb2179a6,5
c0f0f32c-c4f2-4a6f-9d43-ae39f43e701f,5
c8ea2f75-ae2b-4766-b1fb-bcf6ab2f3ee2,5
cce6f7c0-b8ad-410b-8d75-68c1f36370ae,5
dfefbf23-27e8-4055-a304-3c24b24628ab,5
e0d8a2bf-e630-46bf-aaec-235e8e7e7ca0,5
e6d89141-e042-4ec7-b0e5-6a9d7061f68f,5
ea6ff18a-c268-455d-953a-19d7af3e302a,5
f26a0f42-573d-406e-aad7-2567ebba68a7,5
f410b7b6-9e99-40c6-9330-f5d86b6ad505,5
01187445-3f45-4269-9561-7b41d46b6732,4
020b9757-1887-4a56-8c63-d3a6a967f93f,4
0648b0c5-42a7-4a60-bc91-86c93f2708a2,4
06f43975-d7b3-4d37-bfd8-03198eb68c34,4
0b9ef93e-a5b2-4e7e-8dc4-15c7023643cc,4
0db85ed0-f736-440c-8775-65d25875f36a,4
10b91cf0-a719-41f5-a083-ee3363b49d98,4
1549c5f5-d30a-4b3f-ac8a-d305d413f55b,4
17147626-732a-41f0-909b-946dd8776379,4
187f6d0b-44a8-473b-81d8-2553118944fb,4
25b654f4-e685-4e7e-b0d0-37f698f94022,4
290c17f4-8381-4b11-91b5-989ab6ec0060,4
35ca359f-b141-4396-a50b-bc6c8a23391d,4
3e9cbf8f-a6d9-4d18-88a3-dc698c454b47,4
40f9eb80-800f-4be5-a278-3f91c5159c1b,4
4c43407c-6e0f-4b31-a6ee-a93fb1c78ca5,4
4ff9984b-9442-49c4-92d7-bfdb93f16827,4
54b39d3b-20f7-45df-a70e-62412f25fbe3,4
5a9b7b11-8f2b-4aae-befa-487ef31d3ca1,4
5b3ed9aa-1a95-4e5d-81f2-747387c93d48,4
5e1dd37e-1537-4d91-b94f-7aaa72d39293,4
6446cc58-df00-4d9c-a0c1-af3052c50356,4
677d2268-17c0-4af1-964f-bcfb33bea1ce,4
67ddb88c-0ff9-4b7c-bd67-c82dbf650045,4
6b4925a5-d660-4ba7-8fde-ae7c380c5e59,4
6c0f34d6-1bf7-44b0-b98f-e19309be8f83,4
71168e1f-3c54-4a5a-b398-941696e499e7,4
7c3fcfc4-87fe-40d3-b42d-f80491ad351e,4
7c508bab-2778-4afc-a59c-55280d2e80f0,4
7c9f11c9-b1b1-4f44-ad68-7e9f8cad8986,4
7e99b235-e72f-44fd-8216-08a16a0854d0,4
823b5726-b20f-4c35-a226-8f979d4faed1,4
8285713f-1a4f-4f5e-9e50-dc6f64fd3150,4
86e1b5c0-4c09-4e43-9d09-0801077902f3,4
8ff0199c-887f-4e1d-9ac3-80eb764f952f,4
9d4c2459-0201-46b4-ab21-f7a2ec53c34c,4
9f690a99-99db-4cb5-a694-f8e49674d320,4
a0a0d1be-233a-4dd4-9e28-777e4032130e,4
a39e90d2-3191-4b5c-bc44-f2886a750793,4
a562a8b4-39b5-4afc-a2ae-6f2181c1f6a7,4
a692f284-4af4-48ec-a828-fbda30dc99b1,4
ab5c49e9-1faf-456e-b937-5073eed7ac1e,4
ac5d56cb-4192-4bc5-8c66-58ca7b9df83a,4
b12e90b5-4e97-4788-b2f3-278f0504603a,4
b3464c7f-3f07-4986-b45f-dd3a39887328,4
b57f85a8-9de3-4cd5-89a9-4bd5697924b8,4
b5c743a0-b303-45ea-8579-fa334ceea515,4
b8bb5d88-72a2-4b4b-8984-553e9df24c93,4
c58047d2-60e1-4dae-9a9c-45db1c8c3ac4,4
c6e2f0d2-a60f-4d60-9013-00f877949663,4
c84851fd-f762-11e1-a439-00145eb45e9a,4
c8dd7b8f-a2c6-46f6-8fa8-25dbdc9974c4,4
cece4fc2-c0b5-4a8e-a2fe-747e94197e09,4
d146565b-dd83-4a68-9c60-02d3543b75da,4
dff5b24e-9c39-4ec7-a348-1dd0c4c6f816,4
e2c697ff-14d0-47dc-92f8-b39c7503adf6,4
e31b43b2-84fe-4bd5-a2bf-5e8f05df3123,4
e4188b46-2c47-4f2a-a2b5-d27795ea4aa4,4
f1059a3d-a033-4e9d-aa31-c0768e6ff47e,4
f30e36a6-f061-4515-bc25-3e01bb71f567,4
f60a204d-4c1c-4d83-a97d-69f1d4e9664c,4
03b74677-c4b3-4bbb-9431-3f3eb557c3a4,3
05d5a20a-1579-4d9c-b4c3-cc60d55fc18f,3
0e4ce766-3b1a-4b80-905d-7594cc8b882e,3
11908733-d88f-4a27-a2ee-31efef515c9f,3
1458d531-22c7-4e1e-80ae-9b555841d247,3
16c1da8f-5dea-4133-bacc-a56346b1bf1b,3
1936b571-2d75-4dcc-8ddc-8a76e97bc342,3
1c2fcd68-a839-4b89-b3ed-e149ef4e0d46,3
1cac716b-1e86-462d-8674-3f2600a9f45b,3
22a7f47a-7cbc-4c5f-b623-63ae5397f913,3
254e2bc6-57d2-4dc6-a37f-1434317e3bb2,3
28545828-5934-4bec-9e7c-2b96b36870a1,3
2dc0c816-b337-48e8-823b-8d5145eecc4e,3
329d6da8-6c07-4c52-91d2-3240c62347be,3
32e5efd5-cc7b-44b4-a2a4-54607e926e09,3
34f42ae5-d053-4b3e-b8ec-d09e3b87d6f7,3
37398b62-9f99-4b01-ac7b-da33541e43c1,3
3ec8c4e3-dbe9-4176-b47e-d2779fdd47dd,3
4079c02b-f762-11e1-a439-00145eb45e9a,3
40ab2f1d-9fc7-4f90-a299-b607c06beed8,3
4c7d9c80-e4dd-4812-b417-5696b6e929d6,3
4d4ec729-28f9-41f5-90b8-89e12f2fcd89,3
5d3687a4-8850-4cba-926c-45c8efe1dd12,3
5ea36144-6057-4d26-a0f2-1dbc01ba9b6f,3
5ef83f1b-743e-4c7f-b0e1-481b9d1dc98c,3
60a91e1e-157e-47d1-9920-3a69db3293fe,3
6b4f6765-550c-4fa0-a07f-03f0e957b777,3
6f6accd3-cf94-4071-9a3e-d46da1b61714,3
70ea9029-388a-4791-8974-439f1185f642,3
743f5c08-9e42-43fb-807c-62afe219bcc7,3
76f6ea7a-f762-11e1-a439-00145eb45e9a,3
78cfece0-7524-4d6a-a8ad-b66c9382c71a,3
7e640bb5-738c-432b-84e6-d7625216622d,3
8144706e-f762-11e1-a439-00145eb45e9a,3
84ed4b5f-b017-4171-a50d-505996dc37c5,3
8b22fe6b-9f62-4021-b904-53ff24ba99a0,3
8c4a5fb7-4893-471e-ad78-caaa16c60496,3
8e932f15-7bc5-4c2d-a73c-4ed4fc843e32,3
8f3e4694-61e2-452a-9b6d-858485ac1a4c,3
92b901e0-929f-4c80-9db6-5fe110ab1a9d,3
9e16831a-8aea-4e3b-95f2-641c4aa33ca9,3
9fcbf82d-66b9-4f95-a47c-1d0ce41cb51c,3
a5a22e83-2371-4e12-b775-cd1df98c6312,3
ad2513fe-5f38-45db-a8f6-80765c5da6a6,3
b7ae7d0f-ca2c-4c2b-aa60-9978d343a8e2,3
ba8db0d9-ac20-4ea9-9b16-e43befde1c84,3
bfbcaf82-7b8c-432e-a4df-e385fd5310cb,3
c0a57c45-5dba-4973-a3a0-f3e3bd2f5c8a,3
c2fa15c8-2699-4fb2-923c-bda2ed0cd911,3
c769cbaf-9862-43c2-9302-a36ba0140c1e,3
cb9267c5-c0c5-4dcc-95ce-861758bc58b9,3
d05f57d5-e26f-4431-acb3-52d0c0fd8e72,3
d75d32b5-665d-4a5c-95a3-130d8dc71dc0,3
df85f656-8088-4e77-b222-e6b1cdf816ea,3
e487cc7e-cd7f-44d0-b3a6-b1f9930bbb98,3
e8b0d31f-d833-4d28-8ecf-c68ad5e0f270,3
f0532759-5459-49c4-ad13-d356118beb05,3
f5b5be4d-c9b4-42ee-b5f3-2450e391e1b3,3
f8b06f58-dc3f-478c-a2c9-27050e8b61c0,3
0e5166b8-bb2f-4c3f-aed1-85121e504460,2
15222b0d-276a-4c44-8239-4fd54327b175,2
1cbcf1af-1512-45db-af41-894cf122bc65,2
1e647fe9-1bce-4ff4-aceb-f327a0eb5763,2
27f86a6c-1ed6-4d25-9e20-a703b4564db2,2
2b3aa91d-adb1-4521-9276-c3ea5d4ec679,2
32ad0269-7d25-40f0-9bd2-771282e8ae0f,2
33d5cf42-5aac-4c1c-bb4d-27e5abf0d3a7,2
350b3bc1-2d81-4603-8b87-d5d48d622d82,2
38e9ab23-3236-4738-aa0f-fc6732d00c11,2
3d4d0e6c-e11b-4e78-b077-49a02b67aa5e,2
3d9fef05-342c-4f3d-bd8f-41653c7183ce,2
4da6ac84-27ec-4500-8480-d0ce6d6ee35d,2
4de019aa-867c-46b2-a8db-f9a15d0decd2,2
519ca52e-388d-4c63-99e8-51501ec5647f,2
56dfb528-709c-4ac3-82b9-cd8975e5e2a2,2
5fcd8cab-9a1d-4b64-aafb-4ff869159f5a,2
608b248b-b88a-4a34-9e35-d483e260d8e1,2
62b2604c-c6ec-4c07-b72d-9145e6fb0607,2
63af0cc9-7e6f-4e21-970b-8fb261b4fd86,2
65a18d60-b1de-4d02-a69e-7c4e996a864f,2
66bde222-a169-4879-9e4d-f831ccabdb1a,2
6d3f3ee9-cf07-45ca-befd-7ea4c46ff10a,2
6da0b61b-3f23-4bc2-892b-24c24b9c19b4,2
7178fc8e-9854-47e8-b73f-f69c48b623ae,2
7417ef5a-062d-471d-865f-e447793970e2,2
772adfc5-7ac7-45fd-8f45-f1ca2b9d2dbf,2
77fa2261-2820-4dd7-870a-b146b6818f59,2
7f3402c6-f762-11e1-a439-00145eb45e9a,2
821cc27a-e3bb-49db-8ae9-c646c1dfb627,2
82ee1763-f762-11e1-a439-00145eb45e9a,2
891c7637-0f84-4cf8-b8ae-1d7cb7fa5f92,2
8ade6fd4-658d-4bde-a53e-984731d282f5,2
8e538387-3b81-4bb3-817f-435189feccaa,2
901dc8cb-2c09-4b7d-84d1-493a7fda7e58,2
938e05d9-e21a-48bb-96a9-37d47d4b5f10,2
953e1770-56ff-49fc-a287-7ba137f25b63,2
9b63388a-022b-44b6-8135-7d88156fce4b,2
9d278dad-5039-4d05-b3ae-6031f6bcbb57,2
9e3d412a-11bc-4a17-8457-ef2be23c1f14,2
9f122f9d-529a-40bd-8cc0-98753484fec8,2
a18f9277-3a12-4f00-8d91-a38f3e530d0a,2
a3265773-f827-4dbc-83bc-09603643b75a,2
a87ce0ad-5815-432a-a978-76f3e2544756,2
a9dc1af7-0ae0-44a3-a439-5292e95cdd45,2
b4404610-b3cb-45b4-b01a-00697e854084,2
b8fc5a3e-22ed-4b0f-b958-9af42bd7d954,2
ba34f2ae-cd65-42ca-b146-8b21934f38e2,2
bb3d6a65-8a63-46f6-916e-33981f1e2fc2,2
bc60af43-a7f1-4ed4-a7ba-53d8f70f5d34,2
c0d29c62-14e5-428e-a74c-656ee5a3c3a3,2
c5770380-97f5-4fc8-bf00-2e851aa9b8de,2
c667af55-ae21-4f38-8320-cbb719f28e2b,2
c6be4411-d07a-4df4-8ee3-92aee9020aa4,2
c847e791-7204-4604-82f6-25a9e2d198eb,2
cb67d76d-8c65-4c9b-93da-cfd4fd9348e8,2
ce23e87a-f762-11e1-a439-00145eb45e9a,2
d3f40e57-9d6f-4cb2-a011-9abf8f740db4,2
d56c29f1-f1b4-4d1c-9c9e-7a2e3f4ea783,2
d63d4bab-f762-11e1-a439-00145eb45e9a,2
dc77b8ee-7658-45f7-adb3-21639f439c60,2
e0fd554a-e1cb-40b4-8366-dbb47a2ced5c,2
e1c561b4-aa69-470f-adf6-734a24f03ccf,2
e6d69786-7f4c-4720-b6cc-1b9da1c0fcbe,2
e8994a80-5ba9-49b8-81e6-bb6ff52b2e39,2
e8e3f0c3-f6d4-4b9d-b546-bbb3c2d77762,2
e8f49c42-f762-11e1-a439-00145eb45e9a,2
ed333c6c-a3ca-4ec4-bf91-dfc924818116,2
f0c8b252-c5c7-48a1-80cc-d44fa436fce9,2
f53e4a52-4cda-4b20-a0f0-619de184dca6,2
f806684e-1eaa-44d6-b17c-8768b8146fa0,2
f9b67dd4-9f85-4886-a05d-78d2312a0abc,2
01271a30-2649-4f32-8114-71d50c904c6d,1
01824cb0-0e7e-424e-a6dd-9ea108ef0c47,1
01d67c65-e00f-4f6b-9a74-dd7d08ef507c,1
020a6f7d-9675-4ff5-ae05-cec3dc9fb3df,1
028a09e4-94f2-4f12-baa8-c5cfb3a1e551,1
02bccbb0-47ab-4d6d-935c-d8ca2a8f02e9,1
02d79f4a-bc92-4e43-9d5f-b6863e2112cf,1
03510c98-dad9-4eb1-a6fa-f31e733f43e3,1
0459f6e1-44e4-43b2-8f8f-8e60e5791205,1
04cedb03-2f9e-4e3f-b2ac-719a279691f0,1
0718db40-991f-4b15-bdf4-7e007160ced3,1
084dfd67-3040-4b23-aa3e-f8e84ed14e01,1
09ce2b04-74b4-4d04-8e54-9316d4a709b4,1
0a57ad13-1b5d-4a62-8b0a-2d2fc8e46018,1
0a9e2a7f-22ee-48ac-8eb5-eaf20707cf07,1
0b3bf532-b2c0-4d46-b2c8-235b43c544cd,1
0b5bd4f2-fb6f-4e3e-9f90-73cc51fbd55f,1
0b951d96-43d2-4e43-ab6d-68c55b45554f,1
0dd8f419-2fb7-4c2c-b92f-276e9e429f15,1
0e6d5d1e-b75b-4f62-93d1-8fb613951355,1
0e968598-86ff-4d2e-9bd6-86fe504e76d3,1
1096c736-c4dd-4137-8c41-0b002cbd1bb8,1
10e9b9fa-35b2-4e87-a82b-fc7e2d0e88f7,1
11b4b52b-91fb-4c48-986f-b894a729f6d9,1
13af4da7-ccbb-403a-aadb-9660c0d84e64,1
15bf5d9d-e170-4f72-8e02-cd904b7c91c5,1
15fda466-38ce-4364-975b-05394f506dd2,1
16d6d2bb-9442-43f7-a0fc-ebd53b362e3f,1
191ecbc8-260c-4b86-8241-7f5f01c30c7e,1
1a2db25d-9d09-48df-b6b8-d49e82683185,1
1b2cfd42-1f19-42bb-870f-9626c7131f67,1
1bd7c08a-e6a8-42ce-a6fc-6832cc37f3ed,1
1bf1a9b4-e48f-4a92-bd19-b289e6d87630,1
1c06b51d-13f8-4186-83ff-b6498f095ed2,1
1ca17e04-a55b-46b6-a787-212335370d32,1
1ce08351-8d17-4b34-a2ec-a8d3a7a8d77a,1
1d8c8504-8eea-43ac-9177-4a8f0b2ad3b7,1
1ec61209-4f21-4241-8529-741b53347707,1
1f3859d5-4938-460f-b165-f56dc4e412d3,1
20a857df-b38b-4ebc-a8c3-36a9354adc46,1
21e7531b-e0a3-47a7-894b-9d27b1d77286,1
223ab3cc-1f4a-49ed-95f4-9f3e06fab999,1
23b4d2da-0293-4b9e-afcf-a7f53a3f6f86,1
25d20359-d710-4db8-8484-d0bf8d5b1940,1
2674f5c2-4ff3-43c1-a40d-42bfacdd1b72,1
27a45af3-09cf-437e-a5e9-3525a5038729,1
28c211f4-4f7b-43fe-a624-861ca535608a,1
29c65523-2ba7-4d81-a9f5-44964d3cfc68,1
2a017665-5f21-473a-8e91-bc2a0aa63443,1
2cf5b69e-d85d-4f74-8d20-8d743e0f3da8,1
2de1fe01-c50e-4db8-8a62-0c4b2f0e54f7,1
2f089634-69ad-4642-88d8-a96adc585185,1
30b2c279-d5cc-4036-9590-23aca372e70b,1
30bec049-816b-4875-bddb-6f6b156f177c,1
33ebde21-19b7-4092-8f88-bf2527e9a811,1
3449c993-919e-444d-b943-b3a71850a6c2,1
366f5a65-081b-4a14-9f35-8ab866835adc,1
36987062-76e2-447a-b4a4-a5f2337b767b,1
36b59b86-237f-41b5-9e61-c4a20c0cc99a,1
376d4f45-b596-421f-bd4f-19dc68b0d4a5,1
393893b4-3e4e-48dc-9cf4-50fa2989d124,1
39a9cce2-fac8-4c47-8205-25a6fb7802e4,1
39df43e4-45d3-482d-91c1-9c27776b1524,1
3a096a9a-c224-43f0-bff7-e1419ae4ad5e,1
3a654e79-5466-4f79-8211-a50dd06f62d8,1
3af25071-8dc5-49db-b126-6936ec61cc09,1
3d280019-d141-4d9d-8403-6fd09e189980,1
3ea93990-8b3d-4b70-9c43-f2b76b54d597,1
3f1cc8c4-7f01-4f71-a3d0-3865e38d25f0,1
3f37e4fb-bcd2-4fe7-a1e0-0ef0b8f7c5f6,1
3f4dd0af-011d-4ee2-9a54-aa2ea4a19dd1,1
414b46c9-7710-43fa-b1d9-7c3ea97427bd,1
42cb742b-94e3-4d11-9e20-5a10aa921bbb,1
446e656f-4b7c-4bf5-9d54-ecbf3328b679,1
4654015d-c3cb-4de1-b73e-111961e9ebfb,1
46b96fdc-5375-4509-9aac-71ad08d768ae,1
46fd8f0e-61c7-4e37-9ef3-f59dc484e751,1
47466542-57db-4b1f-b54c-3e13a624a081,1
47643165-d285-42f7-a843-0a23af81bb7a,1
4783ab35-8aa5-4cac-930f-d9a7d5bd6a20,1
4ab74562-f6ab-4ae0-a3ad-bd83d171682a,1
4c334d09-3146-4dc9-ac95-a6ca117e41ce,1
4e0ad996-58a7-4185-9d9b-84a76225ddc3,1
4e400d77-6bbd-4e45-89d8-3e1f7b4a1cc5,1
4ec120c0-ec2c-4138-92ca-408f8f8bc235,1
4f53d296-44c0-48da-a808-92d8047761e4,1
4fba6470-c32b-4dcf-9f28-8cc721cc63cc,1
50f1cff3-dd3b-46a8-bf42-0cb1f60e8d13,1
51e162c0-7a57-4c20-bd8f-aa2d06a1279f,1
542835f3-8e6a-4c38-b047-79f9af9029f6,1
55a9b764-1eb0-4dfc-bda0-1c932f66df28,1
56ec33f1-38e7-4f3a-89e3-21f3314562da,1
57eeb661-1795-49a7-bf77-1113732aec82,1
58077688-719b-4e2c-b6c6-bf214d7ec61c,1
59baa4a9-2e66-4d9b-932c-d31f3b3f954b,1
5ab7f00b-e0a2-4ac8-bd5c-3d4547e5fd72,1
5c4f3aec-0359-4d3b-84d3-af3541e44e2b,1
5c85901b-ea45-43a8-87a9-451aa974151d,1
5f36e97f-9b56-41f7-9436-a169121c5cb7,1
606f30ec-0d56-4ae2-a19a-4f08a76ec5fa,1
625e6bc0-8a15-4bd4-9ba7-aa8c5c5ec149,1
62de6a1f-1e24-42ec-b3dc-dfd7b96903a7,1
645b9060-54c5-4fb4-9538-c99ff4e2c579,1
65f84bca-9a4f-4cc9-a76d-802dfed292c1,1
6779a33a-e44d-4d53-b295-85c6d6da34c2,1
6803db13-f762-11e1-a439-00145eb45e9a,1
6988d4bb-f762-11e1-a439-00145eb45e9a,1
6a44750d-fa47-4477-9959-6e8ae244a60a,1
6a6a6ce5-6f37-42b5-b7a9-f23741772dc6,1
6b4ac725-7f64-4cc4-a57c-b6e5145f5ea5,1
6c02db64-24e6-4f09-8f6b-7cda0448dcf9,1
6df44799-cf6a-415a-a9a2-86ee447c7705,1
6f8254c4-cd8f-485b-b170-5db396b9bafa,1
7136e3b4-7a94-4af2-b49f-8cd4c6d3f847,1
71c16fa9-d6c6-4bf0-b74f-13f7346e7b51,1
72fdbcb6-5be7-4cf3-8d0c-f95befbe7473,1
7356e9fa-fb48-4302-9652-960d890b008f,1
755f0aa3-09b3-44ae-8e11-49b865db0f11,1
75db66ea-f762-11e1-a439-00145eb45e9a,1
7679c9c7-9aad-4cba-9009-891064d2c1d7,1
771cbdb0-fa9c-4c9b-94ef-8402d220051b,1
77c35023-7866-4b18-a0ee-0f16b6d0bd7c,1
79042996-03f6-4df2-80ca-4c458c7d3762,1
7b33b240-8f0f-4e41-9df6-d4b1155abcfa,1
7b7cd2bb-9a79-4b78-b774-e220b8308e03,1
7ee3a941-f08c-4761-a46e-cd387725c547,1
7f11204a-68b1-419c-8b31-2353e3b08af8,1
7f4ef563-cf0f-42f3-a680-06998e275ca0,1
7fc4540d-4c58-4e98-bf55-a0c2d97e1557,1
807e6dcc-73d1-4d15-a74d-5e561ef59c35,1
80c69489-11e0-4e0b-92f5-0c4368c082bc,1
82da905c-8b9c-4e73-899c-72ab9f7502e6,1
83203827-a56a-44f8-8b85-df09a05670c1,1
8355f675-e394-4fba-96d0-03c5363c52ef,1
84dd8cdc-8ed7-4d63-a4e4-38c184d93c43,1
85e7a823-694a-4eb6-8868-ae1b55456aa4,1
87b3e5aa-13a3-4e5b-8ff5-1ef5a4789809,1
89dcc6fa-5c19-4d5f-a2a4-a9be883b0eb1,1
8a82be10-f762-11e1-a439-00145eb45e9a,1
8b18fe99-5c14-4ea8-9576-83c0f2957859,1
8bcd1b7c-52ec-4d4a-83a3-92982dcdf21c,1
8c7d0260-0c79-4c3c-9212-8a5f46b257fd,1
8c9d65ef-2bf8-4628-9c97-711289c9201e,1
8e5750d8-c39e-48ca-8ee2-0295cbf03846,1
8f36eea7-6dea-48f9-ae01-eb5a6751eb4d,1
8fa1f8f1-5359-4d83-b2a2-816b70dfbb1a,1
912b82fb-a9c9-43d9-b803-1bf6e8dbad69,1
91892a21-a26f-42b3-b46d-5fbf2e4122de,1
936cfed2-dea9-4f11-b7f5-3a7e2bc20917,1
958e668d-2b4c-4f5b-913a-afd60d5181bb,1
989a100b-d9fe-4c5f-9631-8c5b3614468e,1
99b04a40-ef4f-4ba3-a703-6a10e24b46ad,1
9a57efd6-76e1-497f-86a2-816c17ac4244,1
9ac55716-3c80-4d06-9c29-2521a4be22c3,1
9b07c23d-b7ed-4cb1-b26e-9a16c526be3b,1
9b10c356-e26d-4b36-895a-3f4dcf01c590,1
9b42e95f-f762-11e1-a439-00145eb45e9a,1
9baecae6-f762-11e1-a439-00145eb45e9a,1
9d7b579f-7328-463c-8272-9633eb13f582,1
9e258aa2-f30e-43bc-8027-bbd39c5cdd65,1
9e40b0f4-281d-4d41-9200-05cab3955131,1
9ef94085-f762-11e1-a439-00145eb45e9a,1
9f3d2c74-2682-4a8e-8ad2-6a839ce2d313,1
a03d20c8-42f4-4ceb-8d15-2c509fd860a1,1
a06e720b-7f06-4d8a-bc39-9498c006867e,1
a08ca056-6ff1-41bc-826a-40a2570e89bb,1
a3abbaf6-99f3-4318-a191-1e51f42ef243,1
a6ac27b2-2a60-4f54-b654-62bd69791008,1
a7a844d9-2381-49f3-b259-ba99f518be30,1
a95609b0-8fea-4414-a57d-ddf4e7b38d2b,1
a966e2a3-293e-4470-a424-b1c730db90e8,1
a9bedbe4-7cb4-42a8-a91b-2769536def71,1
a9e68ab7-649b-4323-8e1c-adc8d5581a35,1
aa81accd-480c-466f-9e3a-855cde70f8d8,1
ab4efd6c-b6e9-4754-b6a8-443b5f6ea251,1
abfd07c5-511b-4c4d-9274-d2f6b3c03a42,1
ad73ea08-61c8-49e8-aeee-366cc474d910,1
adefe0c6-6693-4b2a-a3e0-aad348692704,1
ae8135b5-5e34-4d91-a89a-42c81c25916a,1
af2a4fac-c3ba-49f9-9945-c57f54351a97,1
b0c288c9-595d-4b81-915d-76d2c055f2fc,1
b0f94db6-438e-414d-8a9d-85ddeba7fe8c,1
b0fbc60d-4cf3-4868-9cf7-f4be6f7dfcb6,1
b3a0be9c-986c-479a-a552-42f8afd95aa0,1
b3d4fa07-5f64-4748-bd04-b18c0884f11f,1
b60ca05e-89b7-4dc1-a8de-345a9aeb6f5c,1
b7463b44-c8a9-4c35-a9c5-b1209c15729c,1
b75adddc-9cb1-49a8-80b6-b9a47743f253,1
b8cb3fba-b6c5-46cf-986c-b7f3b60a4371,1
b97d6f32-25d5-46dc-9a46-0f0228a32d51,1
b9b0bd85-1667-4b5f-9922-28d1dc742016,1
ba468a0d-45ed-4282-9935-8c01e3b84457,1
ba8facf4-a983-4c86-b070-44d06426d5fb,1
bc609b3a-96e1-4f1e-85ab-248b3a8dfd4d,1
bd1c941b-1ae7-4c65-bc7b-32196154079f,1
be596c00-1a2c-41b2-817b-a7aa16113595,1
bf647866-48df-426b-90f1-3e838bad3d11,1
c0aa3cc6-7581-4cf1-8c2c-9fcb8dcf23ed,1
c0e1b392-4ca2-4ad4-a8d5-a14dc4078984,1
c239e0f9-e66b-44ca-919e-d9b47549e617,1
c24087dd-d251-47a1-b23d-5b2885fe2e38,1
c49b49de-60c0-4b4a-86d2-ebf8807cc6e3,1
c4b1de7d-0532-45d1-9d82-7ac1716ab792,1
c5d3f8a5-1ca1-429c-b0cd-7cb15fd3e49b,1
c72e1644-319f-4f8a-a890-21b6f4ebc9bd,1
c8515b89-5ef7-4a76-9b80-e5e90c18f93e,1
c9e35c7c-0c74-4dd2-877a-bfd3c74b3fc7,1
ca354bf2-7c34-4ea3-b1ad-800e8e115c14,1
ca6bc1cc-ec4c-4f1a-aabc-8a049993ec8d,1
cb183e0a-b110-4f7e-a9b8-196e71a04ea9,1
cb4d3c91-854e-42b3-85f2-1e083d2824d8,1
cb7cfe2c-c426-49a5-8499-e7f185ecbe2b,1
cc2c5795-c5fd-4f60-8d96-a193535fbfc6,1
ccda2aa4-6d58-4457-99cc-6e0b3e268944,1
ce1d0d63-f9f4-4c30-bda1-0059c8e671ad,1
cf845a8b-62b8-48fb-8cd2-06f1147b827f,1
d09c006b-00e0-4bdb-827c-5aeb74840a28,1
d23b0a1d-74b6-4ff3-a0d5-089a892cbe99,1
d47822d8-a3df-4aab-95fa-3a8d9d6e1bd1,1
d65d963d-3560-4d3e-88aa-767e461742aa,1
d81f26e0-18f9-4e7f-9625-afcfa4e0227f,1
d8d1cae7-bfb5-4619-b45f-0b5151e8a65e,1
d8df5729-e31a-4c62-8ff9-b22d2b775236,1
dade8cb6-75b6-4bb5-a4f3-0815300b0a73,1
db0188cc-0b14-4daa-8a55-29ff41c3db6c,1
db52d54d-9e6c-45c9-a969-9706fa9cbdda,1
ddb58856-64ef-4855-9c84-4ff3673e96f1,1
ddc7a85d-b13d-4f0e-b598-bf69142ac43b,1
dec9ae44-d1f3-4bb9-b882-edc19034ce20,1
df6f56b6-c742-46ad-8104-9ba726264048,1
dfc4dc1b-65bf-4684-9e37-b7cf9f1d9de7,1
e051f5e1-9fa4-4bc0-9c19-6b3a5c3d52ae,1
e1f0cd03-6e8d-4e95-a393-95d2ad2d4e53,1
e3c1efdf-4727-4f86-9709-67e2c503945d,1
e4b2fc2f-d90f-4b85-b731-d8d1e96092d6,1
e586228f-37e4-4a8a-aaf0-9ea4b373ee9e,1
e75b9319-1391-4ee7-b4bd-b1d8fc57ec1a,1
e8d2c29c-88ec-4801-8e82-9bb835019416,1
e8e83460-ea4b-4fa1-b3fb-995f6baed2b0,1
e9d03194-a845-4b28-b429-c1c9992ccf92,1
ea217b51-f4ad-4f92-a29e-c5aba2989b48,1
eaac7552-f762-11e1-a439-00145eb45e9a,1
eb1f252d-ff05-42ae-b818-c85385022ace,1
ec469254-61c2-4bd2-a6ac-0db194ab0e7b,1
edcb9aca-4132-426d-a4e8-d6f628fd7255,1
efe6f223-47a2-4e03-bfbe-2a6ce417f608,1
f06990a2-05df-4c90-a824-4161e00cd875,1
f18c0e89-277e-4a1f-bb55-64408a12d6d6,1
f35b3c7c-0e05-4f0e-bfd0-b388e8404f8e,1
f3814b85-7215-4a0f-a4e6-36ca9e98f0b6,1
f3c40173-40be-4b98-9880-32f986398fb6,1
f5d6ed7c-9ad4-4e6c-a2e2-8f848d43a4e2,1
f8a6c097-3de0-43c9-b6de-3c0d0baf31a6,1
f98914d4-02ea-4aa5-9535-cdaa8ea0c7fd,1
fa85eaef-aaab-4a7b-9fb2-7325ab9bb36d,1
fb6680c7-bc5a-4134-8ed6-c82bd685f8ce,1
fbad6aea-2ad0-45b6-9da7-1b0fec13c460,1
fd0ac80f-184b-4021-a1f9-7d8d50b4ef50,1
fd4cde75-8023-437f-a8c2-5acd60167690,1
fe3c9c06-9b5c-4faf-99f3-b2b874306d01,1
ff3b427d-111a-4d50-98ff-3be899d7aeef,1
