analysis_label,replicate,seed,status,n_species,estimate,std_error,odds_ratio,odds_ratio_ci_low,odds_ratio_ci_high,p_value,alpha,log_likelihood
baseline_original_occurrences,1,20260724,complete,30,-0.523957375213213,0.451343400342661,0.592172456294229,0.244487660440983,1.43429822740763,0.245689037432875,16.9494609563346,-18.1045453391801
baseline_original_occurrences,2,20260725,complete,30,-0.523957375213213,0.451343400342661,0.592172456294229,0.244487660440983,1.43429822740763,0.245689037432875,16.9494609563346,-18.1045453391801
baseline_original_occurrences,3,20260726,complete,30,-0.523957375213213,0.451343400342661,0.592172456294229,0.244487660440983,1.43429822740763,0.245689037432875,16.9494609563346,-18.1045453391801
baseline_original_occurrences,4,20260727,complete,30,-0.523957375213213,0.451343400342661,0.592172456294229,0.244487660440983,1.43429822740763,0.245689037432875,16.9494609563346,-18.1045453391801
baseline_original_occurrences,5,20260728,complete,30,-0.523957375213213,0.451343400342661,0.592172456294229,0.244487660440983,1.43429822740763,0.245689037432875,16.9494609563346,-18.1045453391801
baseline_original_occurrences,6,20260729,complete,30,-0.523957375213213,0.451343400342661,0.592172456294229,0.244487660440983,1.43429822740763,0.245689037432875,16.9494609563346,-18.1045453391801
baseline_original_occurrences,7,20260730,complete,30,-0.523957375213213,0.451343400342661,0.592172456294229,0.244487660440983,1.43429822740763,0.245689037432875,16.9494609563346,-18.1045453391801
baseline_original_occurrences,8,20260731,complete,30,-0.523957375213213,0.451343400342661,0.592172456294229,0.244487660440983,1.43429822740763,0.245689037432875,16.9494609563346,-18.1045453391801
baseline_original_occurrences,9,20260732,complete,30,-0.523957375213213,0.451343400342661,0.592172456294229,0.244487660440983,1.43429822740763,0.245689037432875,16.9494609563346,-18.1045453391801
baseline_original_occurrences,10,20260733,complete,30,-0.523957375213213,0.451343400342661,0.592172456294229,0.244487660440983,1.43429822740763,0.245689037432875,16.9494609563346,-18.1045453391801
baseline_original_occurrences,11,20260734,complete,30,-0.523957375213213,0.451343400342661,0.592172456294229,0.244487660440983,1.43429822740763,0.245689037432875,16.9494609563346,-18.1045453391801
baseline_original_occurrences,12,20260735,complete,30,-0.523957375213213,0.451343400342661,0.592172456294229,0.244487660440983,1.43429822740763,0.245689037432875,16.9494609563346,-18.1045453391801
baseline_original_occurrences,13,20260736,complete,30,-0.523957375213213,0.451343400342661,0.592172456294229,0.244487660440983,1.43429822740763,0.245689037432875,16.9494609563346,-18.1045453391801
baseline_original_occurrences,14,20260737,complete,30,-0.523957375213213,0.451343400342661,0.592172456294229,0.244487660440983,1.43429822740763,0.245689037432875,16.9494609563346,-18.1045453391801
baseline_original_occurrences,15,20260738,complete,30,-0.523957375213213,0.451343400342661,0.592172456294229,0.244487660440983,1.43429822740763,0.245689037432875,16.9494609563346,-18.1045453391801
baseline_original_occurrences,16,20260739,complete,30,-0.523957375213213,0.451343400342661,0.592172456294229,0.244487660440983,1.43429822740763,0.245689037432875,16.9494609563346,-18.1045453391801
baseline_original_occurrences,17,20260740,complete,30,-0.523957375213213,0.451343400342661,0.592172456294229,0.244487660440983,1.43429822740763,0.245689037432875,16.9494609563346,-18.1045453391801
baseline_original_occurrences,18,20260741,complete,30,-0.523957375213213,0.451343400342661,0.592172456294229,0.244487660440983,1.43429822740763,0.245689037432875,16.9494609563346,-18.1045453391801
baseline_original_occurrences,19,20260742,complete,30,-0.523957375213213,0.451343400342661,0.592172456294229,0.244487660440983,1.43429822740763,0.245689037432875,16.9494609563346,-18.1045453391801
baseline_original_occurrences,20,20260743,complete,30,-0.523957375213213,0.451343400342661,0.592172456294229,0.244487660440983,1.43429822740763,0.245689037432875,16.9494609563346,-18.1045453391801
baseline_original_occurrences,21,20260744,complete,30,-0.523957375213213,0.451343400342661,0.592172456294229,0.244487660440983,1.43429822740763,0.245689037432875,16.9494609563346,-18.1045453391801
baseline_original_occurrences,22,20260745,complete,30,-0.523957375213213,0.451343400342661,0.592172456294229,0.244487660440983,1.43429822740763,0.245689037432875,16.9494609563346,-18.1045453391801
baseline_original_occurrences,23,20260746,complete,30,-0.523957375213213,0.451343400342661,0.592172456294229,0.244487660440983,1.43429822740763,0.245689037432875,16.9494609563346,-18.1045453391801
baseline_original_occurrences,24,20260747,complete,30,-0.523957375213213,0.451343400342661,0.592172456294229,0.244487660440983,1.43429822740763,0.245689037432875,16.9494609563346,-18.1045453391801
baseline_original_occurrences,25,20260748,complete,30,-0.523957375213213,0.451343400342661,0.592172456294229,0.244487660440983,1.43429822740763,0.245689037432875,16.9494609563346,-18.1045453391801
baseline_original_occurrences,26,20260749,complete,30,-0.523957375213213,0.451343400342661,0.592172456294229,0.244487660440983,1.43429822740763,0.245689037432875,16.9494609563346,-18.1045453391801
baseline_original_occurrences,27,20260750,complete,30,-0.523957375213213,0.451343400342661,0.592172456294229,0.244487660440983,1.43429822740763,0.245689037432875,16.9494609563346,-18.1045453391801
baseline_original_occurrences,28,20260751,complete,30,-0.523957375213213,0.451343400342661,0.592172456294229,0.244487660440983,1.43429822740763,0.245689037432875,16.9494609563346,-18.1045453391801
baseline_original_occurrences,29,20260752,complete,30,-0.523957375213213,0.451343400342661,0.592172456294229,0.244487660440983,1.43429822740763,0.245689037432875,16.9494609563346,-18.1045453391801
baseline_original_occurrences,30,20260753,complete,30,-0.523957375213213,0.451343400342661,0.592172456294229,0.244487660440983,1.43429822740763,0.245689037432875,16.9494609563346,-18.1045453391801
baseline_original_occurrences,31,20260754,complete,30,-0.523957375213213,0.451343400342661,0.592172456294229,0.244487660440983,1.43429822740763,0.245689037432875,16.9494609563346,-18.1045453391801
baseline_original_occurrences,32,20260755,complete,30,-0.523957375213213,0.451343400342661,0.592172456294229,0.244487660440983,1.43429822740763,0.245689037432875,16.9494609563346,-18.1045453391801
baseline_original_occurrences,33,20260756,complete,30,-0.523957375213213,0.451343400342661,0.592172456294229,0.244487660440983,1.43429822740763,0.245689037432875,16.9494609563346,-18.1045453391801
baseline_original_occurrences,34,20260757,complete,30,-0.523957375213213,0.451343400342661,0.592172456294229,0.244487660440983,1.43429822740763,0.245689037432875,16.9494609563346,-18.1045453391801
baseline_original_occurrences,35,20260758,complete,30,-0.523957375213213,0.451343400342661,0.592172456294229,0.244487660440983,1.43429822740763,0.245689037432875,16.9494609563346,-18.1045453391801
baseline_original_occurrences,36,20260759,complete,30,-0.523957375213213,0.451343400342661,0.592172456294229,0.244487660440983,1.43429822740763,0.245689037432875,16.9494609563346,-18.1045453391801
baseline_original_occurrences,37,20260760,complete,30,-0.523957375213213,0.451343400342661,0.592172456294229,0.244487660440983,1.43429822740763,0.245689037432875,16.9494609563346,-18.1045453391801
baseline_original_occurrences,38,20260761,complete,30,-0.523957375213213,0.451343400342661,0.592172456294229,0.244487660440983,1.43429822740763,0.245689037432875,16.9494609563346,-18.1045453391801
baseline_original_occurrences,39,20260762,complete,30,-0.523957375213213,0.451343400342661,0.592172456294229,0.244487660440983,1.43429822740763,0.245689037432875,16.9494609563346,-18.1045453391801
baseline_original_occurrences,40,20260763,complete,30,-0.523957375213213,0.451343400342661,0.592172456294229,0.244487660440983,1.43429822740763,0.245689037432875,16.9494609563346,-18.1045453391801
baseline_original_occurrences,41,20260764,complete,30,-0.523957375213213,0.451343400342661,0.592172456294229,0.244487660440983,1.43429822740763,0.245689037432875,16.9494609563346,-18.1045453391801
baseline_original_occurrences,42,20260765,complete,30,-0.523957375213213,0.451343400342661,0.592172456294229,0.244487660440983,1.43429822740763,0.245689037432875,16.9494609563346,-18.1045453391801
baseline_original_occurrences,43,20260766,complete,30,-0.523957375213213,0.451343400342661,0.592172456294229,0.244487660440983,1.43429822740763,0.245689037432875,16.9494609563346,-18.1045453391801
baseline_original_occurrences,44,20260767,complete,30,-0.523957375213213,0.451343400342661,0.592172456294229,0.244487660440983,1.43429822740763,0.245689037432875,16.9494609563346,-18.1045453391801
baseline_original_occurrences,45,20260768,complete,30,-0.523957375213213,0.451343400342661,0.592172456294229,0.244487660440983,1.43429822740763,0.245689037432875,16.9494609563346,-18.1045453391801
baseline_original_occurrences,46,20260769,complete,30,-0.523957375213213,0.451343400342661,0.592172456294229,0.244487660440983,1.43429822740763,0.245689037432875,16.9494609563346,-18.1045453391801
baseline_original_occurrences,47,20260770,complete,30,-0.523957375213213,0.451343400342661,0.592172456294229,0.244487660440983,1.43429822740763,0.245689037432875,16.9494609563346,-18.1045453391801
baseline_original_occurrences,48,20260771,complete,30,-0.523957375213213,0.451343400342661,0.592172456294229,0.244487660440983,1.43429822740763,0.245689037432875,16.9494609563346,-18.1045453391801
baseline_original_occurrences,49,20260772,complete,30,-0.523957375213213,0.451343400342661,0.592172456294229,0.244487660440983,1.43429822740763,0.245689037432875,16.9494609563346,-18.1045453391801
baseline_original_occurrences,50,20260773,complete,30,-0.523957375213213,0.451343400342661,0.592172456294229,0.244487660440983,1.43429822740763,0.245689037432875,16.9494609563346,-18.1045453391801
baseline_original_occurrences,51,20260774,complete,30,-0.523957375213213,0.451343400342661,0.592172456294229,0.244487660440983,1.43429822740763,0.245689037432875,16.9494609563346,-18.1045453391801
baseline_original_occurrences,52,20260775,complete,30,-0.523957375213213,0.451343400342661,0.592172456294229,0.244487660440983,1.43429822740763,0.245689037432875,16.9494609563346,-18.1045453391801
baseline_original_occurrences,53,20260776,complete,30,-0.523957375213213,0.451343400342661,0.592172456294229,0.244487660440983,1.43429822740763,0.245689037432875,16.9494609563346,-18.1045453391801
baseline_original_occurrences,54,20260777,complete,30,-0.523957375213213,0.451343400342661,0.592172456294229,0.244487660440983,1.43429822740763,0.245689037432875,16.9494609563346,-18.1045453391801
baseline_original_occurrences,55,20260778,complete,30,-0.523957375213213,0.451343400342661,0.592172456294229,0.244487660440983,1.43429822740763,0.245689037432875,16.9494609563346,-18.1045453391801
baseline_original_occurrences,56,20260779,complete,30,-0.523957375213213,0.451343400342661,0.592172456294229,0.244487660440983,1.43429822740763,0.245689037432875,16.9494609563346,-18.1045453391801
baseline_original_occurrences,57,20260780,complete,30,-0.523957375213213,0.451343400342661,0.592172456294229,0.244487660440983,1.43429822740763,0.245689037432875,16.9494609563346,-18.1045453391801
baseline_original_occurrences,58,20260781,complete,30,-0.523957375213213,0.451343400342661,0.592172456294229,0.244487660440983,1.43429822740763,0.245689037432875,16.9494609563346,-18.1045453391801
baseline_original_occurrences,59,20260782,complete,30,-0.523957375213213,0.451343400342661,0.592172456294229,0.244487660440983,1.43429822740763,0.245689037432875,16.9494609563346,-18.1045453391801
baseline_original_occurrences,60,20260783,complete,30,-0.523957375213213,0.451343400342661,0.592172456294229,0.244487660440983,1.43429822740763,0.245689037432875,16.9494609563346,-18.1045453391801
baseline_original_occurrences,61,20260784,complete,30,-0.523957375213213,0.451343400342661,0.592172456294229,0.244487660440983,1.43429822740763,0.245689037432875,16.9494609563346,-18.1045453391801
baseline_original_occurrences,62,20260785,complete,30,-0.523957375213213,0.451343400342661,0.592172456294229,0.244487660440983,1.43429822740763,0.245689037432875,16.9494609563346,-18.1045453391801
baseline_original_occurrences,63,20260786,complete,30,-0.523957375213213,0.451343400342661,0.592172456294229,0.244487660440983,1.43429822740763,0.245689037432875,16.9494609563346,-18.1045453391801
baseline_original_occurrences,64,20260787,complete,30,-0.523957375213213,0.451343400342661,0.592172456294229,0.244487660440983,1.43429822740763,0.245689037432875,16.9494609563346,-18.1045453391801
baseline_original_occurrences,65,20260788,complete,30,-0.523957375213213,0.451343400342661,0.592172456294229,0.244487660440983,1.43429822740763,0.245689037432875,16.9494609563346,-18.1045453391801
baseline_original_occurrences,66,20260789,complete,30,-0.523957375213213,0.451343400342661,0.592172456294229,0.244487660440983,1.43429822740763,0.245689037432875,16.9494609563346,-18.1045453391801
baseline_original_occurrences,67,20260790,complete,30,-0.523957375213213,0.451343400342661,0.592172456294229,0.244487660440983,1.43429822740763,0.245689037432875,16.9494609563346,-18.1045453391801
baseline_original_occurrences,68,20260791,complete,30,-0.523957375213213,0.451343400342661,0.592172456294229,0.244487660440983,1.43429822740763,0.245689037432875,16.9494609563346,-18.1045453391801
baseline_original_occurrences,69,20260792,complete,30,-0.523957375213213,0.451343400342661,0.592172456294229,0.244487660440983,1.43429822740763,0.245689037432875,16.9494609563346,-18.1045453391801
baseline_original_occurrences,70,20260793,complete,30,-0.523957375213213,0.451343400342661,0.592172456294229,0.244487660440983,1.43429822740763,0.245689037432875,16.9494609563346,-18.1045453391801
baseline_original_occurrences,71,20260794,complete,30,-0.523957375213213,0.451343400342661,0.592172456294229,0.244487660440983,1.43429822740763,0.245689037432875,16.9494609563346,-18.1045453391801
baseline_original_occurrences,72,20260795,complete,30,-0.523957375213213,0.451343400342661,0.592172456294229,0.244487660440983,1.43429822740763,0.245689037432875,16.9494609563346,-18.1045453391801
baseline_original_occurrences,73,20260796,complete,30,-0.523957375213213,0.451343400342661,0.592172456294229,0.244487660440983,1.43429822740763,0.245689037432875,16.9494609563346,-18.1045453391801
baseline_original_occurrences,74,20260797,complete,30,-0.523957375213213,0.451343400342661,0.592172456294229,0.244487660440983,1.43429822740763,0.245689037432875,16.9494609563346,-18.1045453391801
baseline_original_occurrences,75,20260798,complete,30,-0.523957375213213,0.451343400342661,0.592172456294229,0.244487660440983,1.43429822740763,0.245689037432875,16.9494609563346,-18.1045453391801
baseline_original_occurrences,76,20260799,complete,30,-0.523957375213213,0.451343400342661,0.592172456294229,0.244487660440983,1.43429822740763,0.245689037432875,16.9494609563346,-18.1045453391801
baseline_original_occurrences,77,20260800,complete,30,-0.523957375213213,0.451343400342661,0.592172456294229,0.244487660440983,1.43429822740763,0.245689037432875,16.9494609563346,-18.1045453391801
baseline_original_occurrences,78,20260801,complete,30,-0.523957375213213,0.451343400342661,0.592172456294229,0.244487660440983,1.43429822740763,0.245689037432875,16.9494609563346,-18.1045453391801
baseline_original_occurrences,79,20260802,complete,30,-0.523957375213213,0.451343400342661,0.592172456294229,0.244487660440983,1.43429822740763,0.245689037432875,16.9494609563346,-18.1045453391801
baseline_original_occurrences,80,20260803,complete,30,-0.523957375213213,0.451343400342661,0.592172456294229,0.244487660440983,1.43429822740763,0.245689037432875,16.9494609563346,-18.1045453391801
baseline_original_occurrences,81,20260804,complete,30,-0.523957375213213,0.451343400342661,0.592172456294229,0.244487660440983,1.43429822740763,0.245689037432875,16.9494609563346,-18.1045453391801
baseline_original_occurrences,82,20260805,complete,30,-0.523957375213213,0.451343400342661,0.592172456294229,0.244487660440983,1.43429822740763,0.245689037432875,16.9494609563346,-18.1045453391801
baseline_original_occurrences,83,20260806,complete,30,-0.523957375213213,0.451343400342661,0.592172456294229,0.244487660440983,1.43429822740763,0.245689037432875,16.9494609563346,-18.1045453391801
baseline_original_occurrences,84,20260807,complete,30,-0.523957375213213,0.451343400342661,0.592172456294229,0.244487660440983,1.43429822740763,0.245689037432875,16.9494609563346,-18.1045453391801
baseline_original_occurrences,85,20260808,complete,30,-0.523957375213213,0.451343400342661,0.592172456294229,0.244487660440983,1.43429822740763,0.245689037432875,16.9494609563346,-18.1045453391801
baseline_original_occurrences,86,20260809,complete,30,-0.523957375213213,0.451343400342661,0.592172456294229,0.244487660440983,1.43429822740763,0.245689037432875,16.9494609563346,-18.1045453391801
baseline_original_occurrences,87,20260810,complete,30,-0.523957375213213,0.451343400342661,0.592172456294229,0.244487660440983,1.43429822740763,0.245689037432875,16.9494609563346,-18.1045453391801
baseline_original_occurrences,88,20260811,complete,30,-0.523957375213213,0.451343400342661,0.592172456294229,0.244487660440983,1.43429822740763,0.245689037432875,16.9494609563346,-18.1045453391801
baseline_original_occurrences,89,20260812,complete,30,-0.523957375213213,0.451343400342661,0.592172456294229,0.244487660440983,1.43429822740763,0.245689037432875,16.9494609563346,-18.1045453391801
baseline_original_occurrences,90,20260813,complete,30,-0.523957375213213,0.451343400342661,0.592172456294229,0.244487660440983,1.43429822740763,0.245689037432875,16.9494609563346,-18.1045453391801
baseline_original_occurrences,91,20260814,complete,30,-0.523957375213213,0.451343400342661,0.592172456294229,0.244487660440983,1.43429822740763,0.245689037432875,16.9494609563346,-18.1045453391801
baseline_original_occurrences,92,20260815,complete,30,-0.523957375213213,0.451343400342661,0.592172456294229,0.244487660440983,1.43429822740763,0.245689037432875,16.9494609563346,-18.1045453391801
baseline_original_occurrences,93,20260816,complete,30,-0.523957375213213,0.451343400342661,0.592172456294229,0.244487660440983,1.43429822740763,0.245689037432875,16.9494609563346,-18.1045453391801
baseline_original_occurrences,94,20260817,complete,30,-0.523957375213213,0.451343400342661,0.592172456294229,0.244487660440983,1.43429822740763,0.245689037432875,16.9494609563346,-18.1045453391801
baseline_original_occurrences,95,20260818,complete,30,-0.523957375213213,0.451343400342661,0.592172456294229,0.244487660440983,1.43429822740763,0.245689037432875,16.9494609563346,-18.1045453391801
baseline_original_occurrences,96,20260819,complete,30,-0.523957375213213,0.451343400342661,0.592172456294229,0.244487660440983,1.43429822740763,0.245689037432875,16.9494609563346,-18.1045453391801
baseline_original_occurrences,97,20260820,complete,30,-0.523957375213213,0.451343400342661,0.592172456294229,0.244487660440983,1.43429822740763,0.245689037432875,16.9494609563346,-18.1045453391801
baseline_original_occurrences,98,20260821,complete,30,-0.523957375213213,0.451343400342661,0.592172456294229,0.244487660440983,1.43429822740763,0.245689037432875,16.9494609563346,-18.1045453391801
baseline_original_occurrences,99,20260822,complete,30,-0.523957375213213,0.451343400342661,0.592172456294229,0.244487660440983,1.43429822740763,0.245689037432875,16.9494609563346,-18.1045453391801
baseline_original_occurrences,100,20260823,complete,30,-0.523957375213213,0.451343400342661,0.592172456294229,0.244487660440983,1.43429822740763,0.245689037432875,16.9494609563346,-18.1045453391801
baseline_paginated_quality_filtered,1,20260824,complete,30,-0.751012945499658,0.505991581298796,0.471888313423301,0.175037254502192,1.27217820559851,0.137745261084409,16.140560033101,-17.2172312002866
baseline_paginated_quality_filtered,2,20260825,complete,30,-0.751012945499658,0.505991581298796,0.471888313423301,0.175037254502192,1.27217820559851,0.137745261084409,16.140560033101,-17.2172312002866
baseline_paginated_quality_filtered,3,20260826,complete,30,-0.751012945499658,0.505991581298796,0.471888313423301,0.175037254502192,1.27217820559851,0.137745261084409,16.140560033101,-17.2172312002866
baseline_paginated_quality_filtered,4,20260827,complete,30,-0.751012945499658,0.505991581298796,0.471888313423301,0.175037254502192,1.27217820559851,0.137745261084409,16.140560033101,-17.2172312002866
baseline_paginated_quality_filtered,5,20260828,complete,30,-0.751012945499658,0.505991581298796,0.471888313423301,0.175037254502192,1.27217820559851,0.137745261084409,16.140560033101,-17.2172312002866
baseline_paginated_quality_filtered,6,20260829,complete,30,-0.751012945499658,0.505991581298796,0.471888313423301,0.175037254502192,1.27217820559851,0.137745261084409,16.140560033101,-17.2172312002866
baseline_paginated_quality_filtered,7,20260830,complete,30,-0.751012945499658,0.505991581298796,0.471888313423301,0.175037254502192,1.27217820559851,0.137745261084409,16.140560033101,-17.2172312002866
baseline_paginated_quality_filtered,8,20260831,complete,30,-0.751012945499658,0.505991581298796,0.471888313423301,0.175037254502192,1.27217820559851,0.137745261084409,16.140560033101,-17.2172312002866
baseline_paginated_quality_filtered,9,20260832,complete,30,-0.751012945499658,0.505991581298796,0.471888313423301,0.175037254502192,1.27217820559851,0.137745261084409,16.140560033101,-17.2172312002866
baseline_paginated_quality_filtered,10,20260833,complete,30,-0.751012945499658,0.505991581298796,0.471888313423301,0.175037254502192,1.27217820559851,0.137745261084409,16.140560033101,-17.2172312002866
baseline_paginated_quality_filtered,11,20260834,complete,30,-0.751012945499658,0.505991581298796,0.471888313423301,0.175037254502192,1.27217820559851,0.137745261084409,16.140560033101,-17.2172312002866
baseline_paginated_quality_filtered,12,20260835,complete,30,-0.751012945499658,0.505991581298796,0.471888313423301,0.175037254502192,1.27217820559851,0.137745261084409,16.140560033101,-17.2172312002866
baseline_paginated_quality_filtered,13,20260836,complete,30,-0.751012945499658,0.505991581298796,0.471888313423301,0.175037254502192,1.27217820559851,0.137745261084409,16.140560033101,-17.2172312002866
baseline_paginated_quality_filtered,14,20260837,complete,30,-0.751012945499658,0.505991581298796,0.471888313423301,0.175037254502192,1.27217820559851,0.137745261084409,16.140560033101,-17.2172312002866
baseline_paginated_quality_filtered,15,20260838,complete,30,-0.751012945499658,0.505991581298796,0.471888313423301,0.175037254502192,1.27217820559851,0.137745261084409,16.140560033101,-17.2172312002866
baseline_paginated_quality_filtered,16,20260839,complete,30,-0.751012945499658,0.505991581298796,0.471888313423301,0.175037254502192,1.27217820559851,0.137745261084409,16.140560033101,-17.2172312002866
baseline_paginated_quality_filtered,17,20260840,complete,30,-0.751012945499658,0.505991581298796,0.471888313423301,0.175037254502192,1.27217820559851,0.137745261084409,16.140560033101,-17.2172312002866
baseline_paginated_quality_filtered,18,20260841,complete,30,-0.751012945499658,0.505991581298796,0.471888313423301,0.175037254502192,1.27217820559851,0.137745261084409,16.140560033101,-17.2172312002866
baseline_paginated_quality_filtered,19,20260842,complete,30,-0.751012945499658,0.505991581298796,0.471888313423301,0.175037254502192,1.27217820559851,0.137745261084409,16.140560033101,-17.2172312002866
baseline_paginated_quality_filtered,20,20260843,complete,30,-0.751012945499658,0.505991581298796,0.471888313423301,0.175037254502192,1.27217820559851,0.137745261084409,16.140560033101,-17.2172312002866
baseline_paginated_quality_filtered,21,20260844,complete,30,-0.751012945499658,0.505991581298796,0.471888313423301,0.175037254502192,1.27217820559851,0.137745261084409,16.140560033101,-17.2172312002866
baseline_paginated_quality_filtered,22,20260845,complete,30,-0.751012945499658,0.505991581298796,0.471888313423301,0.175037254502192,1.27217820559851,0.137745261084409,16.140560033101,-17.2172312002866
baseline_paginated_quality_filtered,23,20260846,complete,30,-0.751012945499658,0.505991581298796,0.471888313423301,0.175037254502192,1.27217820559851,0.137745261084409,16.140560033101,-17.2172312002866
baseline_paginated_quality_filtered,24,20260847,complete,30,-0.751012945499658,0.505991581298796,0.471888313423301,0.175037254502192,1.27217820559851,0.137745261084409,16.140560033101,-17.2172312002866
baseline_paginated_quality_filtered,25,20260848,complete,30,-0.751012945499658,0.505991581298796,0.471888313423301,0.175037254502192,1.27217820559851,0.137745261084409,16.140560033101,-17.2172312002866
baseline_paginated_quality_filtered,26,20260849,complete,30,-0.751012945499658,0.505991581298796,0.471888313423301,0.175037254502192,1.27217820559851,0.137745261084409,16.140560033101,-17.2172312002866
baseline_paginated_quality_filtered,27,20260850,complete,30,-0.751012945499658,0.505991581298796,0.471888313423301,0.175037254502192,1.27217820559851,0.137745261084409,16.140560033101,-17.2172312002866
baseline_paginated_quality_filtered,28,20260851,complete,30,-0.751012945499658,0.505991581298796,0.471888313423301,0.175037254502192,1.27217820559851,0.137745261084409,16.140560033101,-17.2172312002866
baseline_paginated_quality_filtered,29,20260852,complete,30,-0.751012945499658,0.505991581298796,0.471888313423301,0.175037254502192,1.27217820559851,0.137745261084409,16.140560033101,-17.2172312002866
baseline_paginated_quality_filtered,30,20260853,complete,30,-0.751012945499658,0.505991581298796,0.471888313423301,0.175037254502192,1.27217820559851,0.137745261084409,16.140560033101,-17.2172312002866
baseline_paginated_quality_filtered,31,20260854,complete,30,-0.751012945499658,0.505991581298796,0.471888313423301,0.175037254502192,1.27217820559851,0.137745261084409,16.140560033101,-17.2172312002866
baseline_paginated_quality_filtered,32,20260855,complete,30,-0.751012945499658,0.505991581298796,0.471888313423301,0.175037254502192,1.27217820559851,0.137745261084409,16.140560033101,-17.2172312002866
baseline_paginated_quality_filtered,33,20260856,complete,30,-0.751012945499658,0.505991581298796,0.471888313423301,0.175037254502192,1.27217820559851,0.137745261084409,16.140560033101,-17.2172312002866
baseline_paginated_quality_filtered,34,20260857,complete,30,-0.751012945499658,0.505991581298796,0.471888313423301,0.175037254502192,1.27217820559851,0.137745261084409,16.140560033101,-17.2172312002866
baseline_paginated_quality_filtered,35,20260858,complete,30,-0.751012945499658,0.505991581298796,0.471888313423301,0.175037254502192,1.27217820559851,0.137745261084409,16.140560033101,-17.2172312002866
baseline_paginated_quality_filtered,36,20260859,complete,30,-0.751012945499658,0.505991581298796,0.471888313423301,0.175037254502192,1.27217820559851,0.137745261084409,16.140560033101,-17.2172312002866
baseline_paginated_quality_filtered,37,20260860,complete,30,-0.751012945499658,0.505991581298796,0.471888313423301,0.175037254502192,1.27217820559851,0.137745261084409,16.140560033101,-17.2172312002866
baseline_paginated_quality_filtered,38,20260861,complete,30,-0.751012945499658,0.505991581298796,0.471888313423301,0.175037254502192,1.27217820559851,0.137745261084409,16.140560033101,-17.2172312002866
baseline_paginated_quality_filtered,39,20260862,complete,30,-0.751012945499658,0.505991581298796,0.471888313423301,0.175037254502192,1.27217820559851,0.137745261084409,16.140560033101,-17.2172312002866
baseline_paginated_quality_filtered,40,20260863,complete,30,-0.751012945499658,0.505991581298796,0.471888313423301,0.175037254502192,1.27217820559851,0.137745261084409,16.140560033101,-17.2172312002866
baseline_paginated_quality_filtered,41,20260864,complete,30,-0.751012945499658,0.505991581298796,0.471888313423301,0.175037254502192,1.27217820559851,0.137745261084409,16.140560033101,-17.2172312002866
baseline_paginated_quality_filtered,42,20260865,complete,30,-0.751012945499658,0.505991581298796,0.471888313423301,0.175037254502192,1.27217820559851,0.137745261084409,16.140560033101,-17.2172312002866
baseline_paginated_quality_filtered,43,20260866,complete,30,-0.751012945499658,0.505991581298796,0.471888313423301,0.175037254502192,1.27217820559851,0.137745261084409,16.140560033101,-17.2172312002866
baseline_paginated_quality_filtered,44,20260867,complete,30,-0.751012945499658,0.505991581298796,0.471888313423301,0.175037254502192,1.27217820559851,0.137745261084409,16.140560033101,-17.2172312002866
baseline_paginated_quality_filtered,45,20260868,complete,30,-0.751012945499658,0.505991581298796,0.471888313423301,0.175037254502192,1.27217820559851,0.137745261084409,16.140560033101,-17.2172312002866
baseline_paginated_quality_filtered,46,20260869,complete,30,-0.751012945499658,0.505991581298796,0.471888313423301,0.175037254502192,1.27217820559851,0.137745261084409,16.140560033101,-17.2172312002866
baseline_paginated_quality_filtered,47,20260870,complete,30,-0.751012945499658,0.505991581298796,0.471888313423301,0.175037254502192,1.27217820559851,0.137745261084409,16.140560033101,-17.2172312002866
baseline_paginated_quality_filtered,48,20260871,complete,30,-0.751012945499658,0.505991581298796,0.471888313423301,0.175037254502192,1.27217820559851,0.137745261084409,16.140560033101,-17.2172312002866
baseline_paginated_quality_filtered,49,20260872,complete,30,-0.751012945499658,0.505991581298796,0.471888313423301,0.175037254502192,1.27217820559851,0.137745261084409,16.140560033101,-17.2172312002866
baseline_paginated_quality_filtered,50,20260873,complete,30,-0.751012945499658,0.505991581298796,0.471888313423301,0.175037254502192,1.27217820559851,0.137745261084409,16.140560033101,-17.2172312002866
baseline_paginated_quality_filtered,51,20260874,complete,30,-0.751012945499658,0.505991581298796,0.471888313423301,0.175037254502192,1.27217820559851,0.137745261084409,16.140560033101,-17.2172312002866
baseline_paginated_quality_filtered,52,20260875,complete,30,-0.751012945499658,0.505991581298796,0.471888313423301,0.175037254502192,1.27217820559851,0.137745261084409,16.140560033101,-17.2172312002866
baseline_paginated_quality_filtered,53,20260876,complete,30,-0.751012945499658,0.505991581298796,0.471888313423301,0.175037254502192,1.27217820559851,0.137745261084409,16.140560033101,-17.2172312002866
baseline_paginated_quality_filtered,54,20260877,complete,30,-0.751012945499658,0.505991581298796,0.471888313423301,0.175037254502192,1.27217820559851,0.137745261084409,16.140560033101,-17.2172312002866
baseline_paginated_quality_filtered,55,20260878,complete,30,-0.751012945499658,0.505991581298796,0.471888313423301,0.175037254502192,1.27217820559851,0.137745261084409,16.140560033101,-17.2172312002866
baseline_paginated_quality_filtered,56,20260879,complete,30,-0.751012945499658,0.505991581298796,0.471888313423301,0.175037254502192,1.27217820559851,0.137745261084409,16.140560033101,-17.2172312002866
baseline_paginated_quality_filtered,57,20260880,complete,30,-0.751012945499658,0.505991581298796,0.471888313423301,0.175037254502192,1.27217820559851,0.137745261084409,16.140560033101,-17.2172312002866
baseline_paginated_quality_filtered,58,20260881,complete,30,-0.751012945499658,0.505991581298796,0.471888313423301,0.175037254502192,1.27217820559851,0.137745261084409,16.140560033101,-17.2172312002866
baseline_paginated_quality_filtered,59,20260882,complete,30,-0.751012945499658,0.505991581298796,0.471888313423301,0.175037254502192,1.27217820559851,0.137745261084409,16.140560033101,-17.2172312002866
baseline_paginated_quality_filtered,60,20260883,complete,30,-0.751012945499658,0.505991581298796,0.471888313423301,0.175037254502192,1.27217820559851,0.137745261084409,16.140560033101,-17.2172312002866
baseline_paginated_quality_filtered,61,20260884,complete,30,-0.751012945499658,0.505991581298796,0.471888313423301,0.175037254502192,1.27217820559851,0.137745261084409,16.140560033101,-17.2172312002866
baseline_paginated_quality_filtered,62,20260885,complete,30,-0.751012945499658,0.505991581298796,0.471888313423301,0.175037254502192,1.27217820559851,0.137745261084409,16.140560033101,-17.2172312002866
baseline_paginated_quality_filtered,63,20260886,complete,30,-0.751012945499658,0.505991581298796,0.471888313423301,0.175037254502192,1.27217820559851,0.137745261084409,16.140560033101,-17.2172312002866
baseline_paginated_quality_filtered,64,20260887,complete,30,-0.751012945499658,0.505991581298796,0.471888313423301,0.175037254502192,1.27217820559851,0.137745261084409,16.140560033101,-17.2172312002866
baseline_paginated_quality_filtered,65,20260888,complete,30,-0.751012945499658,0.505991581298796,0.471888313423301,0.175037254502192,1.27217820559851,0.137745261084409,16.140560033101,-17.2172312002866
baseline_paginated_quality_filtered,66,20260889,complete,30,-0.751012945499658,0.505991581298796,0.471888313423301,0.175037254502192,1.27217820559851,0.137745261084409,16.140560033101,-17.2172312002866
baseline_paginated_quality_filtered,67,20260890,complete,30,-0.751012945499658,0.505991581298796,0.471888313423301,0.175037254502192,1.27217820559851,0.137745261084409,16.140560033101,-17.2172312002866
baseline_paginated_quality_filtered,68,20260891,complete,30,-0.751012945499658,0.505991581298796,0.471888313423301,0.175037254502192,1.27217820559851,0.137745261084409,16.140560033101,-17.2172312002866
baseline_paginated_quality_filtered,69,20260892,complete,30,-0.751012945499658,0.505991581298796,0.471888313423301,0.175037254502192,1.27217820559851,0.137745261084409,16.140560033101,-17.2172312002866
baseline_paginated_quality_filtered,70,20260893,complete,30,-0.751012945499658,0.505991581298796,0.471888313423301,0.175037254502192,1.27217820559851,0.137745261084409,16.140560033101,-17.2172312002866
baseline_paginated_quality_filtered,71,20260894,complete,30,-0.751012945499658,0.505991581298796,0.471888313423301,0.175037254502192,1.27217820559851,0.137745261084409,16.140560033101,-17.2172312002866
baseline_paginated_quality_filtered,72,20260895,complete,30,-0.751012945499658,0.505991581298796,0.471888313423301,0.175037254502192,1.27217820559851,0.137745261084409,16.140560033101,-17.2172312002866
baseline_paginated_quality_filtered,73,20260896,complete,30,-0.751012945499658,0.505991581298796,0.471888313423301,0.175037254502192,1.27217820559851,0.137745261084409,16.140560033101,-17.2172312002866
baseline_paginated_quality_filtered,74,20260897,complete,30,-0.751012945499658,0.505991581298796,0.471888313423301,0.175037254502192,1.27217820559851,0.137745261084409,16.140560033101,-17.2172312002866
baseline_paginated_quality_filtered,75,20260898,complete,30,-0.751012945499658,0.505991581298796,0.471888313423301,0.175037254502192,1.27217820559851,0.137745261084409,16.140560033101,-17.2172312002866
baseline_paginated_quality_filtered,76,20260899,complete,30,-0.751012945499658,0.505991581298796,0.471888313423301,0.175037254502192,1.27217820559851,0.137745261084409,16.140560033101,-17.2172312002866
baseline_paginated_quality_filtered,77,20260900,complete,30,-0.751012945499658,0.505991581298796,0.471888313423301,0.175037254502192,1.27217820559851,0.137745261084409,16.140560033101,-17.2172312002866
baseline_paginated_quality_filtered,78,20260901,complete,30,-0.751012945499658,0.505991581298796,0.471888313423301,0.175037254502192,1.27217820559851,0.137745261084409,16.140560033101,-17.2172312002866
baseline_paginated_quality_filtered,79,20260902,complete,30,-0.751012945499658,0.505991581298796,0.471888313423301,0.175037254502192,1.27217820559851,0.137745261084409,16.140560033101,-17.2172312002866
baseline_paginated_quality_filtered,80,20260903,complete,30,-0.751012945499658,0.505991581298796,0.471888313423301,0.175037254502192,1.27217820559851,0.137745261084409,16.140560033101,-17.2172312002866
baseline_paginated_quality_filtered,81,20260904,complete,30,-0.751012945499658,0.505991581298796,0.471888313423301,0.175037254502192,1.27217820559851,0.137745261084409,16.140560033101,-17.2172312002866
baseline_paginated_quality_filtered,82,20260905,complete,30,-0.751012945499658,0.505991581298796,0.471888313423301,0.175037254502192,1.27217820559851,0.137745261084409,16.140560033101,-17.2172312002866
baseline_paginated_quality_filtered,83,20260906,complete,30,-0.751012945499658,0.505991581298796,0.471888313423301,0.175037254502192,1.27217820559851,0.137745261084409,16.140560033101,-17.2172312002866
baseline_paginated_quality_filtered,84,20260907,complete,30,-0.751012945499658,0.505991581298796,0.471888313423301,0.175037254502192,1.27217820559851,0.137745261084409,16.140560033101,-17.2172312002866
baseline_paginated_quality_filtered,85,20260908,complete,30,-0.751012945499658,0.505991581298796,0.471888313423301,0.175037254502192,1.27217820559851,0.137745261084409,16.140560033101,-17.2172312002866
baseline_paginated_quality_filtered,86,20260909,complete,30,-0.751012945499658,0.505991581298796,0.471888313423301,0.175037254502192,1.27217820559851,0.137745261084409,16.140560033101,-17.2172312002866
baseline_paginated_quality_filtered,87,20260910,complete,30,-0.751012945499658,0.505991581298796,0.471888313423301,0.175037254502192,1.27217820559851,0.137745261084409,16.140560033101,-17.2172312002866
baseline_paginated_quality_filtered,88,20260911,complete,30,-0.751012945499658,0.505991581298796,0.471888313423301,0.175037254502192,1.27217820559851,0.137745261084409,16.140560033101,-17.2172312002866
baseline_paginated_quality_filtered,89,20260912,complete,30,-0.751012945499658,0.505991581298796,0.471888313423301,0.175037254502192,1.27217820559851,0.137745261084409,16.140560033101,-17.2172312002866
baseline_paginated_quality_filtered,90,20260913,complete,30,-0.751012945499658,0.505991581298796,0.471888313423301,0.175037254502192,1.27217820559851,0.137745261084409,16.140560033101,-17.2172312002866
baseline_paginated_quality_filtered,91,20260914,complete,30,-0.751012945499658,0.505991581298796,0.471888313423301,0.175037254502192,1.27217820559851,0.137745261084409,16.140560033101,-17.2172312002866
baseline_paginated_quality_filtered,92,20260915,complete,30,-0.751012945499658,0.505991581298796,0.471888313423301,0.175037254502192,1.27217820559851,0.137745261084409,16.140560033101,-17.2172312002866
baseline_paginated_quality_filtered,93,20260916,complete,30,-0.751012945499658,0.505991581298796,0.471888313423301,0.175037254502192,1.27217820559851,0.137745261084409,16.140560033101,-17.2172312002866
baseline_paginated_quality_filtered,94,20260917,complete,30,-0.751012945499658,0.505991581298796,0.471888313423301,0.175037254502192,1.27217820559851,0.137745261084409,16.140560033101,-17.2172312002866
baseline_paginated_quality_filtered,95,20260918,complete,30,-0.751012945499658,0.505991581298796,0.471888313423301,0.175037254502192,1.27217820559851,0.137745261084409,16.140560033101,-17.2172312002866
baseline_paginated_quality_filtered,96,20260919,complete,30,-0.751012945499658,0.505991581298796,0.471888313423301,0.175037254502192,1.27217820559851,0.137745261084409,16.140560033101,-17.2172312002866
baseline_paginated_quality_filtered,97,20260920,complete,30,-0.751012945499658,0.505991581298796,0.471888313423301,0.175037254502192,1.27217820559851,0.137745261084409,16.140560033101,-17.2172312002866
baseline_paginated_quality_filtered,98,20260921,complete,30,-0.751012945499658,0.505991581298796,0.471888313423301,0.175037254502192,1.27217820559851,0.137745261084409,16.140560033101,-17.2172312002866
baseline_paginated_quality_filtered,99,20260922,complete,30,-0.751012945499658,0.505991581298796,0.471888313423301,0.175037254502192,1.27217820559851,0.137745261084409,16.140560033101,-17.2172312002866
baseline_paginated_quality_filtered,100,20260923,complete,30,-0.751012945499658,0.505991581298796,0.471888313423301,0.175037254502192,1.27217820559851,0.137745261084409,16.140560033101,-17.2172312002866
