datasetKey,record_count
50c9509d-22c7-4a22-a47d-8c48425ef4a7,43974
8a863029-f435-446a-821e-275f4f641165,3600
7f5e4129-0717-428e-876a-464fbd5d9a47,1950
38b4c89f-584c-41bb-bd8f-cd1def33e92f,1036
14d5676a-2c54-4f94-9023-1e8dcd822aa0,910
7a3679ef-5582-4aaa-81f0-8c2545cafc81,837
b124e1e0-4755-430f-9eab-894f25a9b59c,485
4515e736-fa02-44ee-9808-bf89445104fe,431
95e635d4-f762-11e1-a439-00145eb45e9a,306
7fe3eb5c-42bd-49d7-a30b-82c353ef6575,226
6ac3f774-d9fb-4796-b3e9-92bf6c81c084,209
836cfc79-f83f-454d-a98a-2fea4821c324,155
7bd65a7a-f762-11e1-a439-00145eb45e9a,137
3942a8dc-9f01-420d-a829-01675dc01c73,135
86306e4b-5ed8-4684-a626-d9b9f439dcce,122
83fdfd3d-3a25-4705-9fbe-3db1d1892b13,120
629befd5-fb45-4365-95c4-d07e72479b37,113
8016518a-f762-11e1-a439-00145eb45e9a,112
d0d734c0-14f5-4f70-b915-5740cce60b07,112
4cf3eec1-b902-40c9-b15b-05c5fe5928b6,110
0c7bd9e3-ded7-4de4-99ec-d5145361ff48,86
75956ee6-1a2b-4fa3-b3e8-ccda64ce6c2d,85
ca56b33d-e824-4e3f-9dec-b9e913735680,81
36555a0c-8361-42c4-9f78-805816266f2e,71
834c9918-f762-11e1-a439-00145eb45e9a,70
0645ccdb-e001-4ab0-9729-51f1755e007e,67
837acfc2-f762-11e1-a439-00145eb45e9a,65
fa7e6ad8-0a2e-49f2-b95d-e9f1e380fadf,58
0d8cc344-d880-42ec-a200-40b4ad71affd,50
c186e534-5281-4d9e-a389-f0415aa70331,48
963a6b96-4d22-4428-86e4-afee52cf4a8e,47
e765780e-42d8-473f-a210-6365554f07b4,47
902c8fe7-8f38-45b0-854e-c324fed36303,45
3717f916-d983-4a81-bb13-5f91200871a6,44
557f6b7a-7d57-48e7-8648-804657aa30e3,42
df12ca07-f133-4550-ab3b-fde13f0e76ba,42
271c444f-f8d8-4986-b748-e7367755c0c1,41
d1620235-125b-45c1-903c-4951428c27a8,41
fa4c1edd-7d51-46ee-92c2-70667dc068ad,40
835ac57e-f762-11e1-a439-00145eb45e9a,39
962cceea-f762-11e1-a439-00145eb45e9a,39
cc700cb3-878f-4144-9b28-744578b691b7,39
e053ff53-c156-4e2e-b9b5-4462e9625424,38
834a4794-f762-11e1-a439-00145eb45e9a,37
249ec6d9-ce13-4096-baf5-42130fc3d0b1,36
baa86fb2-7346-4507-a34f-44e4c1bd0d57,36
d0963cee-1a29-47a2-b9bf-fb0e7690077c,36
f5de707d-eba1-4f1a-b1df-1a7fa27b1bc7,36
246ad1f8-e75c-419d-b97e-16dde697ae30,35
926f3dd4-89d9-4cbd-8ed7-32fb6fcfa861,30
ed3d96f2-db7b-48cd-9960-f871e7df7286,30
f2e389da-39c3-4f21-8d72-b7d574d924a9,30
0a013f89-5381-4578-9d82-5f28fd5f1ef6,29
8353c5bc-f762-11e1-a439-00145eb45e9a,29
bf2a4bf0-5f31-11de-b67e-b8a03c50a862,28
f77748a2-7a86-4e65-9804-3e4db286df6c,28
f9336171-e9a9-4147-b9f6-2d6c133afffd,27
7f5260c2-f762-11e1-a439-00145eb45e9a,26
848182d0-f762-11e1-a439-00145eb45e9a,26
b54a3b16-b648-41ab-bd6f-d3881895daac,26
d4aa2255-f927-4220-af22-2958298733b7,26
83504144-f762-11e1-a439-00145eb45e9a,25
c236895c-6ed9-450b-8618-c9db35d87772,25
ef6e0754-8bf2-4854-9aa3-3a2a1a90810b,25
840db01a-f557-4c70-9f26-ac272faeeda2,24
614d7304-af7c-4613-81d8-488e81e28229,23
c5938535-cbc1-4ef8-bd25-756e4c6b3985,23
006ba26a-d903-4621-be54-8965211abd7e,22
1b412457-43cf-4a6f-b5c2-7acf01be5977,21
7a0fb075-53c5-470b-a1c9-579bb3147ddf,21
baeca59f-e986-49fb-b322-1f940c446bc1,21
07dab60a-a61e-480e-b1e5-4edebb102469,20
605ae9d2-e439-40d9-bf0c-767181e929d5,20
9781ce05-2379-4a10-ab3b-c91346510df8,20
67fabcac-a638-40a6-9bea-aeca8aced9f1,19
821cc27a-e3bb-4bc5-ac34-89ada245069d,19
aa6c5ee6-d4d7-4a65-a04f-379cffbf4842,19
af7d2594-6d4e-47e9-9f30-b7ebb3110f7b,19
5d7f5915-0561-4107-aa20-20a4267c203f,18
848f7570-f762-11e1-a439-00145eb45e9a,18
d8cd16ba-bb74-4420-821e-083f2bac17c2,18
c267909d-184f-4138-9e67-a074d478d52b,17
d85d848d-791e-4055-bda5-32c16619ab21,17
e523cf2d-4fc2-48d8-aa75-80ecbc90b3f5,17
835852b2-f762-11e1-a439-00145eb45e9a,16
1edadbc8-8d0b-452c-a932-20d7e179dccb,15
2e4cc37b-302e-4f1b-bbbb-1f674ff90e14,15
90c853e6-56bd-480b-8e8f-6285c3f8d42b,15
89fa407a-f4f3-4f9c-90a2-3d37388a90ab,14
cffba42a-fe48-475d-9737-548da86ed93c,14
f56df26e-73f5-4d37-bfed-3d46c0834e82,14
0c4dc4f2-c11e-4e8b-8169-cabac6384735,13
12704217-bc15-45f9-859f-0bdede407d2b,13
15f819bd-6612-4447-854b-14d12ee1022d,13
3c59bd42-7bfd-421b-8da4-275780390e4c,13
765770cf-a2cf-4e5a-84e3-526a50754239,13
c6b86c40-ff71-4e5e-902c-111f400d0d56,13
cd6e21c8-9e8a-493a-8a76-fbf7862069e5,13
f11a63fa-b1c5-4cef-9bba-48dd83a01528,13
f946666e-67dc-4848-9fa8-2162f3559e33,13
7b74be32-f762-11e1-a439-00145eb45e9a,12
afeb5256-0c46-4470-b070-8514cc2b6969,12
017f23ba-bf04-4eb7-a076-04ab2e5de250,11
040c5662-da76-4782-a48e-cdea1892d14c,11
3f073b81-3d4b-4299-b3fe-652f2820e6e7,11
5325ba61-44e7-4d92-ac11-868b3294b3bb,11
6a7575fa-ae03-4ba3-b322-2da15b5033e2,11
834f1756-f762-11e1-a439-00145eb45e9a,11
838475f4-f762-11e1-a439-00145eb45e9a,11
e05fd4c2-4d77-4c50-880e-1b22096af300,11
e3ce628e-9683-4af7-b7a9-47eef785d3bb,11
8cec13a3-9f7f-435f-b750-bf79ce5368ae,10
b0b5be12-f1e1-49b4-a6a1-33af46c799e9,10
eb2be3c8-8b4e-4bf6-b989-f4b0c4482c0c,10
080ffaf0-8daf-48bb-b063-3d729c80cb70,9
37beb6ea-e591-41e3-b781-e384250dc42c,9
5445131a-b491-44d8-9974-3ec52bde0c47,9
9b7d1acf-b22f-4a1f-b6e8-f1ddd744dc07,9
9d300300-333d-4ac3-abcb-04d4b369e556,9
c3b131e0-e7fd-48de-bafb-6ce794018af9,9
73a397dc-3b80-4aa5-960a-a188ef987621,8
82a53efc-f762-11e1-a439-00145eb45e9a,8
834dcb62-f762-11e1-a439-00145eb45e9a,8
835d30de-f762-11e1-a439-00145eb45e9a,8
a2b36e77-a641-496b-8844-eb3e225abe0f,8
c1492854-5d15-40e9-9ee7-24a18ac05112,8
c6050fc7-ce45-449f-b4a4-daa92cc0f03a,8
e49a712e-ec7b-4e7d-b916-8dcabf589979,8
0ed1428a-347a-4f4c-a8fd-bbf632cd6fa5,7
1a9d08bb-9e2c-4540-8f7f-3205846b6ddc,7
54f946aa-2ca9-4a51-9ee5-011219e0381e,7
7fddb564-f762-11e1-a439-00145eb45e9a,7
834b7330-f762-11e1-a439-00145eb45e9a,7
956bc674-6022-4c52-833e-c5fb39dc837a,7
a559e942-0fbe-4f09-93ca-28cf244ce2a0,7
d38d6841-de2a-4a16-b39e-495402d8592b,7
dab79717-f6c0-4111-b11d-7f05fb3f7e57,7
e1b8ce63-d5e6-4912-9f71-0ca095541545,7
0afba960-be3b-4202-a7de-736ae05aec9e,6
0d6cd6f4-b240-4fcf-9118-d2d7659e8342,6
2265c6e2-4ab7-4af2-93af-ba377a7d4e43,6
28b85661-dc35-4dfc-acb3-6f0dc34ee716,6
3a6821a5-7c60-4ff9-a780-13039276dc05,6
4a24f3ad-adff-4422-a6e4-072a362b93d0,6
ae33dc82-0bc2-43b5-b69b-65bf858f1e7a,6
dd31ac22-63d4-4bb4-a987-5eece5ffadb8,6
df582950-3b58-11dc-8c19-b8a03c50a862,6
e5f16d86-e225-4822-97be-a64ce17079c7,6
08052899-d409-4b08-8a98-bcee2c350494,5
43027054-3812-4599-b7bc-a01f1df5b071,5
5e43a220-a91d-485b-b608-58fd22693be7,5
700f193f-0178-42ba-b178-3932503add0a,5
7247dc2e-b862-4555-b533-7701d183271b,5
780977d6-1cdb-4804-904f-9303cce8b4a1,5
7ebef267-9d72-4c21-a276-cc84281a8590,5
99ab3167-a2d5-411a-8176-34dc02edee4a,5
9f6f3c1c-b8b2-4d1d-be3e-36217e1cb9b8,5
aab0cf80-0c64-11dd-84d1-b8a03c50a862,5
b7cd5ad0-f65a-4de1-a1bb-318cf5ae12f8,5
d415c253-4d61-4459-9d25-4015b9084fb0,5
d7c78847-d662-44c4-a550-5a812dbcc71b,5
d9039da3-7f56-4e94-8429-ccc51c7ae562,5
ded7f34f-fc9b-4e5b-87dc-d3c6177a8fe0,5
e54ed09d-d0df-4e6d-8438-ff79a865b0f9,5
0f8ad338-b24b-47b9-94d2-04e4940e647b,4
128e38cb-9d38-4ecf-989a-1d66175c20e6,4
1579cabf-9d3e-4029-810c-c4a041b6c51a,4
196ac794-b2c2-40d4-8e6a-649d0abc324d,4
19c3400b-b7bb-425f-b8c5-f222648b86b2,4
33948acc-bfac-4107-92c8-6464de387822,4
41e8840e-57eb-40d4-a1ac-cfda408bc871,4
51fa6038-895d-4ed7-bf80-0754fa4d5f54,4
63803369-f0d4-4fdb-93a3-4d8e438265cb,4
63e9e22d-a649-4087-b39e-acb1651af077,4
66e78f2e-1dba-4c18-a5ab-8a880700c56a,4
7a037b5e-f5e9-400f-b259-b079c9df2925,4
7e380070-f762-11e1-a439-00145eb45e9a,4
835177da-f762-11e1-a439-00145eb45e9a,4
837c0162-f762-11e1-a439-00145eb45e9a,4
8dd8a4bd-8b3e-45f7-8993-72826993b1a4,4
96b9eec4-f762-11e1-a439-00145eb45e9a,4
aba16b9f-e25d-496f-9c4d-a23908d9cf3b,4
af1b4db0-c8ce-4a95-b700-8a6a02bed9d6,4
b740eaa0-0679-41dc-acb7-990d562dfa37,4
bf570b1b-2aeb-4081-8147-252ec3c67cc5,4
cc326faf-0b27-47a8-b9f4-17b7c9c13f00,4
ceff8c75-950b-4405-a116-60247d1adacb,4
e09cee20-d77b-49c0-96cc-6b9f11fae9e6,4
e2d928f8-abbc-402c-9c78-c34f248ca096,4
f133b909-7c5b-405b-b9f9-9da0e4040446,4
04106094-0ced-419a-8216-17efdae78b90,3
064508e2-255e-4d82-9f13-05d73476cc03,3
06e0d69f-e0ae-4f54-81a4-a36ce5867785,3
08910882-0a78-4cb3-9fc7-5a5b31b3c237,3
0a5eec5f-ea21-4c00-b55a-9e5a5d336c3c,3
0c7a975e-9f63-4a0f-b8ce-e37f8f70e777,3
15738fee-78b1-4751-bcc1-cbf7139c68de,3
3d535e9a-0e6b-4afc-82e7-ae4b5dfbd911,3
4c122e6f-b2a4-4f91-aff5-449e9afb57b3,3
4d0fa690-1551-46f0-9a22-acfec0e00dd0,3
5288946d-5fcf-4b53-8fd3-74f4cc6b53fc,3
53b690a5-1d43-4368-8ace-75dbad510e1c,3
6258c1c8-b27e-4497-8079-ac084029b81b,3
62cccd4d-eafc-4287-a070-5701aa6ef4a2,3
6958627a-e1cd-489f-b4f3-6e7760203b9d,3
6dad136b-1cb9-46b8-bcb4-9f89d77b47d6,3
707e1918-0999-4f2f-9ad1-22c0be104861,3
73cb2396-dcdc-476f-bf34-e495af7deeaf,3
744edc21-8dd2-474e-8a0b-b8c3d56a3c2d,3
7fc39a52-0d5c-40e1-a6a7-c64068a1fa76,3
8375dada-f762-11e1-a439-00145eb45e9a,3
83a49751-4282-481e-a847-1c5c224a0551,3
83ae84cf-88e4-4b5c-80b2-271a15a3e0fc,3
869b5244-f762-11e1-a439-00145eb45e9a,3
9e7ea106-0bf8-4087-bb61-dfe4f29e0f17,3
a7bdcc19-4550-4596-aa85-a9a46a77ae45,3
ad9599c0-16f7-11df-b5b3-b8a03c50a862,3
b7b219b2-b602-40a2-8427-3d02884bf70d,3
c28b1109-d9cb-49e7-aa11-f5bd7327f4b0,3
c6d289cc-62ee-46e1-9367-515092eed533,3
c9147f19-8032-48df-8dfc-ee9571956634,3
cd096ec0-a8a0-4c65-92cc-48b00fb934ce,3
d469362b-1a94-4d30-a032-a7183e05bbdc,3
dfe29309-9f9f-493b-95e7-68f4563a3cdb,3
e5b8f927-9763-418c-a404-6bf052d14b1a,3
ea410929-015a-4093-9c7e-7be2482668c9,3
f1c0241b-6c64-414e-914f-ebaf764b3d9b,3
f934f8e2-32ca-46a7-b2f8-b032a4740454,3
f9e18b09-6e5c-4a48-911a-899b4476c9c8,3
fe4baa57-8f75-472b-982a-7711e3739873,3
009a59cd-831c-46f1-9758-64ccf4f1c899,2
07a54454-87c7-4e1e-b2ba-88a9d98d534b,2
07fd0d79-4883-435f-bba1-58fef110cd13,2
083fd36d-c3d1-4631-b6fb-cb6fa2ea8f47,2
0943f690-fde5-11dd-83f4-b8a03c50a862,2
0f99f0f9-e32a-4deb-ad51-4e729dc9f274,2
116e4f59-9d50-45a8-ba6d-374bd506a6e4,2
23e8afeb-7655-421d-a4a5-ee562e88a475,2
2ad36fad-f052-4f91-ad3a-0cecbdfbdf9a,2
2dda31ff-f776-452f-9a4b-d5229f6e3494,2
2deca60c-f147-417f-9af4-b52067589e99,2
3046db3b-b18d-410b-8ad8-22e662873986,2
33d2957c-ae61-470a-b06e-b36bb3094f61,2
3b26f2a7-9490-419c-b27e-1f5a896ffb64,2
45d532d3-ced7-4856-8590-705bc8b244a1,2
4ebe5835-851f-43fd-beed-afade357bfc7,2
4ee0b4a2-7769-417f-abd7-0c8c04a9d44a,2
4f6de508-f3f6-4be7-a184-1abee52cac1b,2
50434ba4-eb46-47cd-83d9-91288ad4dd9c,2
5140e9ce-ca14-4f1f-a5b3-f9023f4e4043,2
5192ba9f-93e3-4b72-bf42-c9cdae4b227d,2
7adffacc-f762-11e1-a439-00145eb45e9a,2
808d54a7-9884-4b1c-8112-39522fe004d4,2
80fc4302-f762-11e1-a439-00145eb45e9a,2
8354ecee-f762-11e1-a439-00145eb45e9a,2
835613da-f762-11e1-a439-00145eb45e9a,2
857bce66-f762-11e1-a439-00145eb45e9a,2
8a5a9853-4418-4cad-bad0-705a33c25a9a,2
9360958c-3534-4d53-874e-4a952eea3e6d,2
95c938a8-f762-11e1-a439-00145eb45e9a,2
95e9f2dc-f762-11e1-a439-00145eb45e9a,2
966426ce-f762-11e1-a439-00145eb45e9a,2
a4b7c71e-fc73-434e-a008-d63c222179d0,2
a5eed886-841f-45c6-b851-9b4c22283a5d,2
b0515413-6d32-490a-83a0-f8c08f002c70,2
b5cdf794-8fa4-4a85-8b26-755d087bf531,2
bf97ab5c-c909-4d0b-ae3c-7d34775770f9,2
c39c4f05-412f-4c0f-86f3-2fc1df00988f,2
cd1572c0-c9d2-4391-99c7-fa7ef41033b4,2
d39570b9-2972-4dbb-b41f-6826823176ae,2
e2af6d99-7387-43aa-bd04-7c579a9befa5,2
ebd49d9b-696b-4dba-8700-8526b1e7b4a2,2
ef7ac9e7-7cb2-433e-b51c-7909e4e1821c,2
fce9a284-22e8-441c-896c-86927fbd6d94,2
0348540a-e644-4496-89d3-c257da9ad776,1
04871911-1b00-41f3-8dc6-fc0cea421f96,1
063ed64a-2380-4621-a640-fd636d256ca3,1
0e89ef93-34c2-4942-97f6-9d995edb1f8f,1
1060a696-f6a2-4341-92ef-47a63babbea1,1
10cfe1fe-ea15-4b73-b495-66c20d839bef,1
121d0621-f5f9-4dcb-afb1-073898449809,1
14c7ada0-fec5-422c-bb2e-a529df8a0ffc,1
1b9eaa10-8441-481c-b50a-391ba168a86f,1
1e0f3d99-eb02-4806-b6a4-e903568129ec,1
1e98cc26-065e-40ca-9c57-20fa0a2f4981,1
1f7729db-00f1-4e0b-b784-9c1cc442326b,1
23253bc0-d31a-42c4-93e0-7bc6d02e270b,1
24162425-24c3-4bf2-b1b1-e29b7c19931a,1
2651f9da-9999-4cd2-9f17-293a977ffe58,1
28376ca6-95d7-4ebb-b487-ccf4704ef4f7,1
28de78dd-0e8a-4b07-98b4-8fd33a7b9272,1
2a4e0d96-3bfe-45ef-9c36-90b7e82cd3ce,1
2d76e28e-d740-42a9-afbe-bcdc015804da,1
2e409ff6-7714-417e-89ef-678207f66071,1
2e684fd6-09e2-4661-910a-0a188b610c04,1
3111dc38-3143-4792-9802-610f1de4961c,1
316d001e-0103-4c2a-bc98-a8de8f30e297,1
330d773a-abe3-4234-b423-129dc4d00963,1
349b8904-d9a2-449e-9289-4fe7995ef03b,1
3d612040-b167-488d-8660-00f612c2a8cf,1
3e4fdd02-b51b-41c8-92ac-31a5a8cf0108,1
44525bc9-4412-441a-9890-1df3d289e3f6,1
4d1b5fed-e12f-48e8-94cb-88cf80115dd1,1
500e7c7f-bacd-48c9-ace0-6ce9cb749ac7,1
52bb4ba7-3466-4a38-8aac-934322a7f1d7,1
5830fa3c-497c-4d37-b771-bd6c84997f2c,1
5e610094-df1e-4073-85cb-260091509e1e,1
5f386e6e-513c-4131-92ab-a69cbe07853c,1
61a9ca38-b62f-11e2-afcb-00145eb45e9a,1
63dfd7df-72b1-437f-bcde-5f13dc66581c,1
66a99c42-1187-4ed3-8753-9dcb95848a28,1
67d1c62e-21eb-4dab-99b2-cec3dca8499a,1
697ae927-c544-487a-bdcf-136f4580b731,1
6d57af96-ff90-44d3-8419-60187ed575e9,1
6edbdc3c-59ae-44e9-84c3-10d4ceb02303,1
707e11ea-e43b-4ee7-bf5b-99ca68dcc792,1
72b6bac4-3a93-491b-a931-cbd07bff5b39,1
78dcee36-b0a2-4679-802d-bc0b5016518b,1
7ad079e7-f905-444f-a228-01746e3b7c6b,1
7b742032-9940-4da3-8c1a-3eaceaed4f1f,1
7c411d81-3534-4cc3-8444-885e82ccdfa3,1
7c5e863f-3f70-4933-b05d-fc57c66dd3f3,1
7d4b8bdf-1726-4ff0-93b0-34655b153f7a,1
7fc2fb2a-f762-11e1-a439-00145eb45e9a,1
8054f634-a3d9-49b8-b2b2-3dfae0e82a54,1
81031dbc-47f2-470d-9efa-e809b8310d62,1
812e7ec6-f762-11e1-a439-00145eb45e9a,1
8310f570-f762-11e1-a439-00145eb45e9a,1
832cb04e-f762-11e1-a439-00145eb45e9a,1
84a649ce-ff81-420d-9c41-aa1de59e3766,1
85714c48-f762-11e1-a439-00145eb45e9a,1
86234e52-45fa-45dc-bc6e-91e5d1bf4143,1
877b8fd1-9391-4526-a5e0-f483a5565524,1
87bb9a46-777f-4258-bd45-63e16664c802,1
887677ec-c307-4398-8fe5-0676c40b57ca,1
8aa57fb1-a290-467f-a578-77ec8cbe76b6,1
8bc47548-aaed-4ad6-96d0-85c97955a81e,1
8f4ec71e-ca9f-42d6-9b08-008325dc5389,1
905f00be-866c-4c60-920a-3056349df52e,1
907f9a33-e480-476e-a9f3-0b1f2831abe4,1
90ae13f0-288f-4108-b741-ac8a0f9e0878,1
90f9536e-8f86-4fa4-acf3-b20c7e02d586,1
9168f50d-350e-4af1-ba97-17274f1faeaf,1
930c9bb4-893c-4935-a4d1-166917c09f25,1
96232278-f762-11e1-a439-00145eb45e9a,1
98c51784-da02-4f0e-81a4-f3635cb3cba7,1
99ce61d0-c702-4b40-8eb5-0b202a056b01,1
9a51436f-3c81-4b1a-92d6-6f0c1dbb05de,1
9b5fee02-2ffd-4cbf-88b5-25fe35a0bc37,1
9d239c98-4f99-4a6d-952c-d1d6c9f07db2,1
a00ae959-70d3-4226-9f64-d9e1c8b9be17,1
a307e4d7-1de2-4adc-95d5-a0a8d5f57236,1
a3c6c702-6050-4e69-b358-8934bdc97994,1
a92de2e1-647c-43f2-a8b7-ab1c1a6453dd,1
aa79690b-018a-44b0-8ed4-2704ba530ade,1
af0c5d8a-7aca-4cc9-bc9a-2d9495fc1bf2,1
b2d55172-8980-4195-9632-a186edb27d5a,1
b8811bf9-abcf-4600-9245-eda1017c3978,1
b89d52a2-861d-4388-adad-c0da3d55fc78,1
b9a43c60-d2b6-445c-9362-2db65465c963,1
ba0e981b-6177-448b-8d6e-46c515f71e20,1
bb055aa0-2f10-436c-a909-a7f5d39f9a26,1
c1ad3973-ed07-40d8-96a7-b6d70647ea63,1
c358edb6-9b46-45eb-a173-b854910500a9,1
c3c56ab1-706c-4e7f-85f8-f6f860e203f2,1
c7e160ea-5844-4a23-914f-0917687e18fe,1
c9c8adc4-0262-4577-91ea-445279f5edff,1
cafff6a5-1fa4-4a90-a2b3-f3db78b93d02,1
cc09386c-43a4-4a12-8ae4-d25610645250,1
ce60e755-5ddb-4de2-875b-3e4326b858cb,1
d03374b7-5a72-4a55-b350-0856007078a4,1
d1043e94-c9f9-4f9d-b58b-29f28bcff9c4,1
d7bdd9d0-84df-4c8b-a587-a126f3b1760b,1
dcb7e4d2-4ea0-46fe-93fe-8b31d9e05448,1
dcf2e144-9956-491f-a5ac-8990c7fea3b9,1
e13c8785-ca23-4aab-a30a-788079d84695,1
e3abd7a9-99ab-41e6-9511-73024d8c9a4e,1
e42c4be9-dc6d-466b-8df2-60ac8c47fadd,1
e4fd8292-95cb-4f49-a639-e59c89e82045,1
e5774d90-9f01-42bb-a747-32331be82b18,1
ea0df0c3-fe1f-43d1-bf97-f4a7753cc049,1
ea372491-cebb-41e1-9a2b-a5354cc6c126,1
eb774a71-7d89-43e7-b88d-f6d3ff117050,1
f2fbd43e-f58e-48c1-a036-5001e2b6f265,1
f3f03cbf-1a01-4739-ae15-c1355b8c2dbf,1
f8f35535-8c10-43fc-89dc-eb0843f25394,1
f973f3af-5081-48b1-849c-ecfed4fe96b7,1
fb8ae15d-e30c-44b4-8f61-0bb0c1d90ff9,1
fd90fccb-d9d5-4046-9248-f036d9ac4713,1
