species,inat_taxon_id,target_cell_order,cell_id,old_metadata_records,old_unique_observers,cell_center_latitude,cell_center_longitude,min_distance_to_previous_selected_km
Taraxacum officinale,47602,1,5,4,4,-62.73395554926718,-70.0,
Taraxacum officinale,47602,2,156,2,2,62.73395554926718,70.0,18010.34189585473
Taraxacum officinale,47602,3,161,2,2,62.73395554926718,170.0,4568.999419224063
Taraxacum officinale,47602,4,153,2,2,62.73395554926718,10.0,2944.8505061310448
Taraxacum officinale,47602,5,7,2,2,-62.73395554926718,-30.0,2004.7725461811929
Taraxacum officinale,47602,6,154,5,4,62.73395554926718,30.0,1014.7277199581262
Lantana camara,50333,1,76,4,3,0.0,-90.0,
Lantana camara,50333,2,85,2,1,0.0,90.0,20015.114442035923
Lantana camara,50333,3,54,2,2,-12.839588406904156,-170.0,8923.68456359248
Lantana camara,50333,4,80,2,1,0.0,-10.0,8895.606418682632
Lantana camara,50333,5,24,5,4,-41.8103148957786,-50.0,6135.933508707485
Lantana camara,50333,6,28,3,3,-41.8103148957786,30.0,6135.933508707485
Veronica chamaedrys,51610,1,157,2,2,62.73395554926718,90.0,
Veronica chamaedrys,51610,2,152,5,5,62.73395554926718,-10.0,4568.999419224063
Veronica chamaedrys,51610,3,136,2,2,41.81031489577858,30.0,3483.9505736017595
Veronica chamaedrys,51610,4,154,3,3,62.73395554926718,30.0,2004.7725461811929
Veronica chamaedrys,51610,5,153,3,3,62.73395554926718,10.0,1014.7277199581262
Veronica chamaedrys,51610,6,155,2,2,62.73395554926718,50.0,1014.7277199581262
Trifolium pratense,51875,1,131,4,4,41.81031489577858,-70.0,
Trifolium pratense,51875,2,138,2,2,41.81031489577858,70.0,9887.366118639853
Trifolium pratense,51875,3,144,2,2,62.73395554926718,-170.0,6423.900832319149
Trifolium pratense,51875,4,142,12,12,41.81031489577858,150.0,3483.9505736017595
Trifolium pratense,51875,5,158,3,3,62.73395554926718,110.0,3483.9505736017595
Trifolium pratense,51875,6,147,2,2,62.73395554926718,-110.0,2944.8505061310448
Mimosa pudica,51921,1,80,7,2,0.0,-10.0,
Mimosa pudica,51921,2,71,4,3,-12.839588406904156,170.0,18587.415378964677
Mimosa pudica,51921,3,103,2,2,12.839588406904143,90.0,9268.839511047083
Mimosa pudica,51921,4,91,2,2,12.839588406904143,-150.0,5253.693144461632
Mimosa pudica,51921,5,65,2,2,-12.839588406904156,50.0,5253.69314446163
Mimosa pudica,51921,6,87,3,2,0.0,130.0,4634.419755523541
Achillea millefolium,52821,1,5,3,3,-62.73395554926718,-70.0,
Achillea millefolium,52821,2,159,3,2,62.73395554926718,130.0,19000.386722077797
Achillea millefolium,52821,3,35,2,2,-41.8103148957786,170.0,7233.007453707225
Achillea millefolium,52821,4,128,2,2,41.81031489577858,-130.0,6423.900832319149
Achillea millefolium,52821,5,151,3,3,62.73395554926718,-30.0,5964.130701893073
Achillea millefolium,52821,6,155,4,4,62.73395554926718,50.0,3808.676153282493
Anaphalis margaritacea,52833,1,132,4,4,41.81031489577858,-50.0,
Anaphalis margaritacea,52833,2,142,3,3,41.81031489577858,150.0,10502.48984231524
Anaphalis margaritacea,52833,3,146,3,3,62.73395554926718,-130.0,5483.691263562674
Anaphalis margaritacea,52833,4,160,3,3,62.73395554926718,150.0,2326.6059012422766
Anaphalis margaritacea,52833,5,148,2,2,62.73395554926718,-90.0,2004.7725461811929
Anaphalis margaritacea,52833,6,147,2,2,62.73395554926718,-110.0,1014.7277199581262
Convolvulus arvensis,53021,1,130,2,2,41.81031489577858,-90.0,
Convolvulus arvensis,53021,2,139,2,2,41.81031489577858,90.0,10716.91180318517
Convolvulus arvensis,53021,3,136,3,3,41.81031489577858,30.0,4866.0904898717545
Convolvulus arvensis,53021,4,156,4,3,62.73395554926718,70.0,2669.9518314287116
Convolvulus arvensis,53021,5,158,2,2,62.73395554926718,110.0,2004.7725461811929
Convolvulus arvensis,53021,6,129,2,2,41.81031489577858,-110.0,1653.8352695768285
Oxalis corniculata,53168,1,104,2,2,12.839588406904143,110.0,
Oxalis corniculata,53168,2,97,9,4,12.839588406904143,-30.0,14761.421297574294
Oxalis corniculata,53168,3,47,3,3,-26.387799961242997,50.0,7811.307456265647
Oxalis corniculata,53168,4,81,3,2,0.0,10.0,4634.419755523541
Oxalis corniculata,53168,5,101,4,4,12.839588406904143,50.0,4361.892596948077
Oxalis corniculata,53168,6,27,3,3,-41.8103148957786,10.0,4016.4102885536154
Bellis perennis,55563,1,18,2,2,-41.8103148957786,-170.0,
Bellis perennis,55563,2,135,2,2,41.81031489577858,10.0,20015.114442035923
Bellis perennis,55563,3,6,4,3,-62.73395554926718,-50.0,7233.007453707223
Bellis perennis,55563,4,152,6,6,62.73395554926718,-10.0,2669.9518314287116
Bellis perennis,55563,5,5,6,5,-62.73395554926718,-70.0,1014.7277199581262
Bellis perennis,55563,6,153,5,5,62.73395554926718,10.0,1014.7277199581262
Veronica persica,55666,1,76,2,2,0.0,-90.0,
Veronica persica,55666,2,137,2,2,41.81031489577858,50.0,13879.18093332844
Veronica persica,55666,3,142,4,3,41.81031489577858,150.0,7743.247424620957
Veronica persica,55666,4,135,3,3,41.81031489577858,10.0,3284.534895004152
Veronica persica,55666,5,136,2,2,41.81031489577858,30.0,1653.8352695768285
Veronica persica,55666,6,141,3,3,41.81031489577858,130.0,1653.8352695768285
Lathyrus tuberosus,55729,1,136,2,2,41.81031489577858,30.0,
Lathyrus tuberosus,55729,2,158,3,3,62.73395554926718,110.0,5483.691263562674
Lathyrus tuberosus,55729,3,155,12,9,62.73395554926718,50.0,2669.9518314287116
Lathyrus tuberosus,55729,4,137,8,6,41.81031489577858,50.0,1653.8352695768285
Lathyrus tuberosus,55729,5,154,2,2,62.73395554926718,30.0,1014.7277199581262
Lathyrus tuberosus,55729,6,156,5,5,62.73395554926718,70.0,1014.7277199581262
Trifolium repens,55745,1,5,3,2,-62.73395554926718,-70.0,
Trifolium repens,55745,2,157,2,2,62.73395554926718,90.0,19000.386722077797
Trifolium repens,55745,3,59,2,2,-12.839588406904156,-70.0,5548.008157596405
Trifolium repens,55745,4,152,3,3,62.73395554926718,-10.0,4568.999419224063
Trifolium repens,55745,5,142,2,2,41.81031489577858,150.0,4474.690534115859
Trifolium repens,55745,6,160,3,2,62.73395554926718,150.0,2326.6059012422766
Lamium purpureum,55851,1,142,5,5,41.81031489577858,150.0,
Lamium purpureum,55851,2,134,3,3,41.81031489577858,-10.0,10502.489842315239
Lamium purpureum,55851,3,131,5,5,41.81031489577858,-70.0,4866.0904898717545
Lamium purpureum,55851,4,153,4,4,62.73395554926718,10.0,2669.9518314287116
Lamium purpureum,55851,5,141,3,3,41.81031489577858,130.0,1653.8352695768285
Lamium purpureum,55851,6,152,8,7,62.73395554926718,-10.0,1014.7277199581262
Caltha palustris,56224,1,130,4,4,41.81031489577858,-90.0,
Caltha palustris,56224,2,139,2,2,41.81031489577858,90.0,10716.91180318517
Caltha palustris,56224,3,135,2,2,41.81031489577858,10.0,6366.363882617295
Caltha palustris,56224,4,144,3,3,62.73395554926718,-170.0,5483.691263562674
Caltha palustris,56224,5,142,3,3,41.81031489577858,150.0,3483.9505736017595
Caltha palustris,56224,6,151,7,7,62.73395554926718,-30.0,3483.9505736017595
Nicotiana glauca,58334,1,109,3,2,26.387799961242997,-150.0,
Nicotiana glauca,58334,2,82,2,2,0.0,30.0,17080.920908159093
Nicotiana glauca,58334,3,41,2,2,-26.387799961242997,-70.0,10378.454670255245
Nicotiana glauca,58334,4,97,7,6,12.839588406904143,-30.0,6141.147960911204
Nicotiana glauca,58334,5,111,3,3,26.387799961242997,-110.0,3967.7603387979934
Nicotiana glauca,58334,6,62,4,2,-12.839588406904156,-10.0,3607.742154151096
Ipomoea pes-caprae,60879,1,95,2,2,12.839588406904143,-70.0,
Ipomoea pes-caprae,60879,2,68,3,3,-12.839588406904156,110.0,20015.114442035923
Ipomoea pes-caprae,60879,3,37,2,2,-26.387799961242997,-150.0,9670.372029868979
Ipomoea pes-caprae,60879,4,47,3,2,-26.387799961242997,50.0,6407.53388569777
Ipomoea pes-caprae,60879,5,61,2,2,-12.839588406904156,-30.0,5253.69314446163
Ipomoea pes-caprae,60879,6,106,3,3,12.839588406904143,150.0,5253.69314446163
Delonix regia,62839,1,106,2,2,12.839588406904143,150.0,
Delonix regia,62839,2,60,2,2,-12.839588406904156,-50.0,17847.36912718496
Delonix regia,62839,3,65,3,3,-12.839588406904156,50.0,10746.274930988839
Delonix regia,62839,4,99,3,3,12.839588406904143,10.0,5253.69314446163
Delonix regia,62839,5,103,2,2,12.839588406904143,90.0,5253.69314446163
Delonix regia,62839,6,95,3,3,12.839588406904143,-70.0,3607.742154151096
Hibiscus tiliaceus,62868,1,66,2,2,-12.839588406904156,70.0,
Hibiscus tiliaceus,62868,2,109,3,3,26.387799961242997,-150.0,15585.083555301
Hibiscus tiliaceus,62868,3,71,5,5,-12.839588406904156,170.0,6141.147960911207
Hibiscus tiliaceus,62868,4,122,2,2,26.387799961242997,110.0,6141.147960911205
Hibiscus tiliaceus,62868,5,37,4,2,-26.387799961242997,-150.0,4430.030886734926
Hibiscus tiliaceus,62868,6,86,2,1,0.0,110.0,2934.1935338768317
Catharanthus roseus,62924,1,56,2,1,-12.839588406904156,-130.0,
Catharanthus roseus,62924,2,83,3,3,0.0,50.0,18587.415378964677
Catharanthus roseus,62924,3,96,7,5,12.839588406904143,-50.0,9268.839511047083
Catharanthus roseus,62924,4,88,2,2,0.0,150.0,8923.684563592482
Catharanthus roseus,62924,5,121,2,2,26.387799961242997,90.0,5189.227335127623
Catharanthus roseus,62924,6,90,2,2,12.839588406904143,-170.0,4634.419755523543
Calotropis gigantea,67574,1,63,2,2,-12.839588406904156,10.0,
Calotropis gigantea,67574,2,90,2,2,12.839588406904143,-170.0,20015.114442035923
Calotropis gigantea,67574,3,121,2,2,26.387799961242997,90.0,9670.372029868979
Calotropis gigantea,67574,4,87,2,2,0.0,130.0,5189.227335127623
Calotropis gigantea,67574,5,85,7,7,0.0,90.0,2934.1935338768317
Calotropis gigantea,67574,6,68,6,6,-12.839588406904156,110.0,2626.8465722308147
Arctostaphylos uva-ursi,68049,1,159,5,2,62.73395554926718,130.0,
Arctostaphylos uva-ursi,68049,2,132,2,2,41.81031489577858,-50.0,8390.305901942897
Arctostaphylos uva-ursi,68049,3,146,3,3,62.73395554926718,-130.0,4568.999419224063
Arctostaphylos uva-ursi,68049,4,151,4,4,62.73395554926718,-30.0,2669.9518314287116
Arctostaphylos uva-ursi,68049,5,145,2,2,62.73395554926718,-150.0,1014.7277199581262
Arctostaphylos uva-ursi,68049,6,147,3,3,62.73395554926718,-110.0,1014.7277199581262
Asclepias curassavica,75602,1,102,3,3,12.839588406904143,70.0,
Asclepias curassavica,75602,2,39,9,9,-26.387799961242997,-110.0,18508.619971230335
Asclepias curassavica,75602,3,42,5,5,-26.387799961242997,-50.0,5917.632118556732
Asclepias curassavica,75602,4,94,4,4,12.839588406904143,-90.0,4868.419301854908
Asclepias curassavica,75602,5,122,3,3,26.387799961242997,110.0,4430.030886734925
Asclepias curassavica,75602,6,93,3,3,12.839588406904143,-110.0,2167.745314850965
Commelina benghalensis,76425,1,59,3,3,-12.839588406904156,-70.0,
Commelina benghalensis,76425,2,103,3,3,12.839588406904143,90.0,17847.36912718496
Commelina benghalensis,76425,3,99,2,1,12.839588406904143,10.0,8630.562389643568
Commelina benghalensis,76425,4,65,2,2,-12.839588406904156,50.0,5253.69314446163
Commelina benghalensis,76425,5,82,10,10,0.0,30.0,2626.8465722308147
Commelina benghalensis,76425,6,120,2,1,26.387799961242997,70.0,2573.8185585508613
Eclipta prostrata,76765,1,77,2,2,0.0,-70.0,
Eclipta prostrata,76765,2,68,4,3,-12.839588406904156,110.0,18587.415378964677
Eclipta prostrata,76765,3,81,2,1,0.0,10.0,8895.606418682632
Eclipta prostrata,76765,4,105,2,2,12.839588406904143,130.0,3607.742154151096
Eclipta prostrata,76765,5,85,3,3,0.0,90.0,2626.8465722308147
Eclipta prostrata,76765,6,104,3,3,12.839588406904143,110.0,2167.745314850965
Ipomoea cairica,77494,1,42,3,3,-26.387799961242997,-50.0,
Ipomoea cairica,77494,2,123,3,3,26.387799961242997,130.0,20015.114442035923
Ipomoea cairica,77494,3,82,2,2,0.0,30.0,9012.473043495154
Ipomoea cairica,77494,4,68,2,1,-12.839588406904156,110.0,4868.419301854908
Ipomoea cairica,77494,5,122,3,3,26.387799961242997,110.0,1990.1683550456112
Ipomoea cairica,77494,6,24,2,2,-41.8103148957786,-50.0,1714.907785548548
Parnassia palustris,78352,1,139,2,2,41.81031489577858,90.0,
Parnassia palustris,78352,2,148,9,7,62.73395554926718,-90.0,8390.305901942897
Parnassia palustris,78352,3,153,2,2,62.73395554926718,10.0,4568.999419224063
Parnassia palustris,78352,4,144,8,8,62.73395554926718,-170.0,3808.676153282493
Parnassia palustris,78352,5,159,2,2,62.73395554926718,130.0,2944.8505061310448
Parnassia palustris,78352,6,146,4,3,62.73395554926718,-130.0,2004.7725461811929
Arundina graminifolia,117504,1,47,4,3,-26.387799961242997,50.0,
Arundina graminifolia,117504,2,109,2,2,26.387799961242997,-150.0,18024.946086990312
Arundina graminifolia,117504,3,87,2,2,0.0,130.0,9012.473043495154
Arundina graminifolia,117504,4,71,4,2,-12.839588406904156,170.0,4634.419755523541
Arundina graminifolia,117504,5,106,4,2,12.839588406904143,150.0,2626.8465722308147
Arundina graminifolia,117504,6,91,19,18,12.839588406904143,-150.0,1506.4944708055905
Calotropis procera,120917,1,108,2,2,26.387799961242997,-170.0,
Calotropis procera,120917,2,99,13,10,12.839588406904143,10.0,15653.221845087844
Calotropis procera,120917,3,113,2,2,26.387799961242997,-70.0,8394.892381301812
Calotropis procera,120917,4,69,3,3,-12.839588406904156,130.0,7811.3074562656475
Calotropis procera,120917,5,120,7,6,26.387799961242997,70.0,6407.5338856977705
Calotropis procera,120917,6,97,6,6,12.839588406904143,-30.0,4332.031811359731
Morinda citrifolia,121022,1,84,2,1,0.0,70.0,
Morinda citrifolia,121022,2,55,2,2,-12.839588406904156,-150.0,15380.694686512381
Morinda citrifolia,121022,3,106,3,3,12.839588406904143,150.0,7204.408687529314
Morinda citrifolia,121022,4,109,2,2,26.387799961242997,-150.0,4361.892596948078
Morinda citrifolia,121022,5,70,4,4,-12.839588406904156,150.0,2855.3981261424915
Morinda citrifolia,121022,6,91,3,3,12.839588406904143,-150.0,1506.4944708055905
Ruellia simplex,126633,1,86,4,4,0.0,110.0,
Ruellia simplex,126633,2,59,2,2,-12.839588406904156,-70.0,18587.415378964677
Ruellia simplex,126633,3,80,2,2,0.0,-10.0,6763.2999795563255
Ruellia simplex,126633,4,83,2,1,0.0,50.0,6671.704814011973
Ruellia simplex,126633,5,96,2,2,12.839588406904143,-50.0,3607.742154151096
Ruellia simplex,126633,6,95,2,2,12.839588406904143,-70.0,2167.745314850965
Fritillaria camschatcensis,128770,1,142,2,2,41.81031489577858,150.0,
Fritillaria camschatcensis,128770,2,146,9,8,62.73395554926718,-130.0,5483.691263562676
Fritillaria camschatcensis,128770,3,161,11,6,62.73395554926718,170.0,2669.9518314287116
Fritillaria camschatcensis,128770,4,144,6,6,62.73395554926718,-170.0,1014.7277199581262
Fritillaria camschatcensis,128770,5,145,13,13,62.73395554926718,-150.0,1014.7277199581262
Fritillaria camschatcensis,128770,6,160,11,9,62.73395554926718,150.0,1014.7277199581262
Saxifraga oppositifolia,128880,1,158,2,2,62.73395554926718,110.0,
Saxifraga oppositifolia,128880,2,149,9,9,62.73395554926718,-70.0,6063.700000700622
Saxifraga oppositifolia,128880,3,144,5,3,62.73395554926718,-170.0,3808.6761532824944
Saxifraga oppositifolia,128880,4,153,2,2,62.73395554926718,10.0,3808.676153282493
Saxifraga oppositifolia,128880,5,151,6,6,62.73395554926718,-30.0,2004.7725461811929
Saxifraga oppositifolia,128880,6,145,4,4,62.73395554926718,-150.0,1014.7277199581262
Emilia fosbergii,129103,1,91,3,3,12.839588406904143,-150.0,
Emilia fosbergii,129103,2,61,2,2,-12.839588406904156,-30.0,13526.599959112651
Emilia fosbergii,129103,3,94,2,2,12.839588406904143,-90.0,6488.514482923269
Emilia fosbergii,129103,4,42,2,2,-26.387799961242997,-50.0,2573.8185585508613
Emilia fosbergii,129103,5,95,2,2,12.839588406904143,-70.0,2167.745314850965
Emilia fosbergii,129103,6,60,2,2,-12.839588406904156,-50.0,1506.4944708055875
Cyanthillium cinereum,130374,1,80,2,2,0.0,-10.0,
Cyanthillium cinereum,130374,2,105,2,2,12.839588406904143,130.0,15380.694686512381
Cyanthillium cinereum,130374,3,66,5,4,-12.839588406904156,70.0,7204.408687529314
Cyanthillium cinereum,130374,4,68,3,3,-12.839588406904156,110.0,3607.742154151096
Cyanthillium cinereum,130374,5,103,3,3,12.839588406904143,90.0,3607.742154151096
Cyanthillium cinereum,130374,6,122,3,2,26.387799961242997,110.0,2573.8185585508613
Spathoglottis plicata,132672,1,47,2,2,-26.387799961242997,50.0,
Spathoglottis plicata,132672,2,109,2,2,26.387799961242997,-150.0,18024.946086990312
Spathoglottis plicata,132672,3,87,8,6,0.0,130.0,9012.473043495154
Spathoglottis plicata,132672,4,37,2,2,-26.387799961242997,-150.0,5868.387067753663
Spathoglottis plicata,132672,5,53,5,4,-26.387799961242997,170.0,3967.760338797995
Spathoglottis plicata,132672,6,106,2,2,12.839588406904143,150.0,2626.8465722308147
Gloriosa superba,141177,1,55,5,4,-12.839588406904156,-150.0,
Gloriosa superba,141177,2,100,2,2,12.839588406904143,30.0,20015.114442035923
Gloriosa superba,141177,3,85,12,11,0.0,90.0,6763.2999795563255
Gloriosa superba,141177,4,47,2,2,-26.387799961242997,50.0,4868.419301854908
Gloriosa superba,141177,5,98,3,3,12.839588406904143,-10.0,4332.031811359731
Gloriosa superba,141177,6,120,4,4,26.387799961242997,70.0,3632.871403932832
Ageratum conyzoides,143422,1,82,2,2,0.0,30.0,
Ageratum conyzoides,143422,2,37,2,1,-26.387799961242997,-150.0,17080.920908159093
Ageratum conyzoides,143422,3,105,3,3,12.839588406904143,130.0,9670.37202986898
Ageratum conyzoides,143422,4,109,5,5,26.387799961242997,-150.0,5868.387067753663
Ageratum conyzoides,143422,5,71,6,5,-12.839588406904156,170.0,4430.030886734926
Ageratum conyzoides,143422,6,103,2,2,12.839588406904143,90.0,4332.031811359731
Rubus chamaemorus,153003,1,132,4,4,41.81031489577858,-50.0,
Rubus chamaemorus,153003,2,160,3,3,62.73395554926718,150.0,8254.378718588125
Rubus chamaemorus,153003,3,154,2,2,62.73395554926718,30.0,5198.3508026172185
Rubus chamaemorus,153003,4,146,2,2,62.73395554926718,-130.0,3808.6761532824944
Rubus chamaemorus,153003,5,150,3,3,62.73395554926718,-50.0,2326.6059012422766
Rubus chamaemorus,153003,6,144,3,3,62.73395554926718,-170.0,2004.7725461811929
Hippobroma longiflora,154827,1,81,3,3,0.0,10.0,
Hippobroma longiflora,154827,2,54,2,2,-12.839588406904156,-170.0,18587.415378964677
Hippobroma longiflora,154827,3,68,7,5,-12.839588406904156,110.0,8630.56238964357
Hippobroma longiflora,154827,4,106,3,3,12.839588406904143,150.0,5253.69314446163
Hippobroma longiflora,154827,5,47,2,2,-26.387799961242997,50.0,5189.227335127623
Hippobroma longiflora,154827,6,83,3,3,0.0,50.0,2934.1935338768317
Clitoria ternatea,160759,1,96,3,3,12.839588406904143,-50.0,
Clitoria ternatea,160759,2,69,2,2,-12.839588406904156,130.0,20015.114442035923
Clitoria ternatea,160759,3,55,3,3,-12.839588406904156,-150.0,8630.56238964357
Clitoria ternatea,160759,4,65,2,2,-12.839588406904156,50.0,8630.562389643566
Clitoria ternatea,160759,5,121,3,3,26.387799961242997,90.0,6141.147960911205
Clitoria ternatea,160759,6,85,3,3,0.0,90.0,2934.1935338768317
Synedrella nodiflora,169500,1,80,5,1,0.0,-10.0,
Synedrella nodiflora,169500,2,71,2,2,-12.839588406904156,170.0,18587.415378964677
Synedrella nodiflora,169500,3,66,3,2,-12.839588406904156,70.0,8923.68456359248
Synedrella nodiflora,169500,4,105,2,2,12.839588406904143,130.0,5253.69314446163
Synedrella nodiflora,169500,5,68,9,6,-12.839588406904156,110.0,3607.742154151096
Synedrella nodiflora,169500,6,102,2,2,12.839588406904143,70.0,2855.3981261424915
Tridax procumbens,169944,1,59,2,2,-12.839588406904156,-70.0,
Tridax procumbens,169944,2,104,7,5,12.839588406904143,110.0,20015.114442035923
Tridax procumbens,169944,3,99,3,3,12.839588406904143,10.0,9268.839511047083
Tridax procumbens,169944,4,90,2,2,12.839588406904143,-170.0,8630.562389643572
Tridax procumbens,169944,5,66,6,2,-12.839588406904156,70.0,5253.69314446163
Tridax procumbens,169944,6,93,2,2,12.839588406904143,-110.0,5253.69314446163
Ficaria verna,204321,1,131,5,5,41.81031489577858,-70.0,
Ficaria verna,204321,2,138,2,2,41.81031489577858,70.0,9887.366118639853
Ficaria verna,204321,3,134,4,4,41.81031489577858,-10.0,4866.0904898717545
Ficaria verna,204321,4,154,5,5,62.73395554926718,30.0,3483.9505736017595
Ficaria verna,204321,5,136,3,3,41.81031489577858,30.0,2326.6059012422766
Ficaria verna,204321,6,152,14,14,62.73395554926718,-10.0,2004.7725461811929
Sphagneticola trilobata,246102,1,60,2,1,-12.839588406904156,-50.0,
Sphagneticola trilobata,246102,2,87,2,2,0.0,130.0,18587.415378964677
Sphagneticola trilobata,246102,3,109,6,5,26.387799961242997,-150.0,9012.473043495158
Sphagneticola trilobata,246102,4,65,4,4,-12.839588406904156,50.0,8923.68456359248
Sphagneticola trilobata,246102,5,99,2,2,12.839588406904143,10.0,5253.69314446163
Sphagneticola trilobata,246102,6,71,4,4,-12.839588406904156,170.0,4634.419755523541
Turnera subulata,327909,1,86,7,7,0.0,110.0,
Turnera subulata,327909,2,78,2,2,0.0,-50.0,17791.212837365263
Turnera subulata,327909,3,81,3,3,0.0,10.0,6671.704814011973
Turnera subulata,327909,4,61,3,3,-12.839588406904156,-30.0,2626.8465722308147
Turnera subulata,327909,5,103,2,2,12.839588406904143,90.0,2626.8465722308147
Turnera subulata,327909,6,80,2,1,0.0,-10.0,2223.9016046706574
Asystasia intrusa,344320,1,55,3,3,-12.839588406904156,-150.0,
Asystasia intrusa,344320,2,83,4,3,0.0,50.0,17388.26786980511
Asystasia intrusa,344320,3,105,4,4,12.839588406904143,130.0,8923.68456359248
Asystasia intrusa,344320,4,81,2,2,0.0,10.0,4447.803209341317
Asystasia intrusa,344320,5,85,2,2,0.0,90.0,4447.803209341317
Asystasia intrusa,344320,6,47,2,2,-26.387799961242997,50.0,2934.1935338768317
Scaevola taccada,363481,1,113,2,2,26.387799961242997,-70.0,
Scaevola taccada,363481,2,67,3,2,-12.839588406904156,90.0,17441.295883485058
Scaevola taccada,363481,3,54,2,2,-12.839588406904156,-170.0,10746.274930988839
Scaevola taccada,363481,4,109,3,3,26.387799961242997,-150.0,4868.419301854908
Scaevola taccada,363481,5,83,4,4,0.0,50.0,4634.419755523541
Scaevola taccada,363481,6,70,2,2,-12.839588406904156,150.0,4332.031811359732
Pemphis acidula,425753,1,84,4,4,0.0,70.0,
Pemphis acidula,425753,2,55,5,5,-12.839588406904156,-150.0,15380.694686512381
Pemphis acidula,425753,3,106,2,2,12.839588406904143,150.0,7204.408687529314
Pemphis acidula,425753,4,53,3,3,-26.387799961242997,170.0,4430.030886734926
Pemphis acidula,425753,5,67,2,2,-12.839588406904156,90.0,2626.8465722308147
Pemphis acidula,425753,6,87,2,2,0.0,130.0,2626.8465722308147
Chamaenerion angustifolium,564969,1,129,3,3,41.81031489577858,-110.0,
Chamaenerion angustifolium,564969,2,138,2,2,41.81031489577858,70.0,10716.91180318517
Chamaenerion angustifolium,564969,3,142,2,2,41.81031489577858,150.0,6366.363882617295
Chamaenerion angustifolium,564969,4,152,2,2,62.73395554926718,-10.0,5483.691263562674
Chamaenerion angustifolium,564969,5,132,10,8,41.81031489577858,-50.0,3483.9505736017595
Chamaenerion angustifolium,564969,6,144,7,5,62.73395554926718,-170.0,3483.9505736017595
Chamaenerion latifolium,564970,1,151,7,7,62.73395554926718,-30.0,
Chamaenerion latifolium,564970,2,161,10,9,62.73395554926718,170.0,5964.130701893073
Chamaenerion latifolium,564970,3,146,5,5,62.73395554926718,-130.0,2944.8505061310448
Chamaenerion latifolium,564970,4,148,4,4,62.73395554926718,-90.0,2004.7725461811929
Chamaenerion latifolium,564970,5,144,4,3,62.73395554926718,-170.0,1014.7277199581262
Chamaenerion latifolium,564970,6,145,5,5,62.73395554926718,-150.0,1014.7277199581262
Bidens alba,1095846,1,112,2,2,26.387799961242997,-90.0,
Bidens alba,1095846,2,68,4,4,-12.839588406904156,110.0,17441.29588348506
Bidens alba,1095846,3,116,2,2,26.387799961242997,-10.0,7818.483153565644
Bidens alba,1095846,4,109,4,4,26.387799961242997,-150.0,5917.632118556732
Bidens alba,1095846,5,106,3,3,12.839588406904143,150.0,5253.69314446163
Bidens alba,1095846,6,122,4,4,26.387799961242997,110.0,4361.892596948078
