split,image_id,file_name,image_sha256,estimator_admitted,failure_reasons,flower_pixels,plant_background_control_pixels,horizontal_flip_mask_iou,horizontal_flip_colour_delta_e,predicted_flower_pixels,predicted_flower_pixels_inside_box_union,image_predicted_pixel_precision_inside_box_union,reference_boxes,source_annotation_boxes,source_not_evaluable_boxes,hit_boxes,small_reference_boxes,medium_reference_boxes,large_reference_boxes,small_hit_boxes,medium_hit_boxes,large_hit_boxes
train,1,000699.jpg,336895f3426b6109215da743f75a364a864c9d79cb118ca3ac06b440b1339707,False,insufficient_flower_pixels;horizontal_flip_mask_instability;horizontal_flip_colour_instability,0,1326,0.0,inf,0,0,0.0,86,86,0,0,85,1,0,0,0,0
train,2,000698.jpg,a43ec1d24e41c90f5215bff0005298bf8f679dd912b211114aba6c244b09d63f,False,insufficient_flower_pixels;horizontal_flip_mask_instability;horizontal_flip_colour_instability,0,936,0.0,inf,0,0,0.0,41,41,0,0,41,0,0,0,0,0
train,3,000697.jpg,b1a82cc95283288546cbc51e24b7a4fc3902f977046694f8cf74ada458e51750,False,insufficient_flower_pixels;insufficient_plant_background_control_pixels;horizontal_flip_mask_instability;horizontal_flip_colour_instability,0,0,0.0,inf,0,0,0.0,3,3,0,0,3,0,0,0,0,0
train,4,000696.jpg,7c50be2a57d9d0017fc98f0ed9e9134800482cfd45a3cc42d1b10f9b99889ecc,False,insufficient_flower_pixels;insufficient_plant_background_control_pixels;horizontal_flip_mask_instability;horizontal_flip_colour_instability,0,0,0.0,inf,0,0,0.0,3,3,0,0,3,0,0,0,0,0
train,5,000695.jpg,312f2dc0e187f751284d2961dcba84d6fd6f97761b29b6ed5cd23a6bad6cd579,False,insufficient_flower_pixels;horizontal_flip_mask_instability;horizontal_flip_colour_instability,0,40845,0.0,inf,0,0,0.0,1,1,0,0,1,0,0,0,0,0
train,6,000693.jpg,6605ab7368ad29689db17179982ec62dfa86d91c48cde18e60ca0676b1be19f4,False,insufficient_flower_pixels;insufficient_plant_background_control_pixels;horizontal_flip_mask_instability;horizontal_flip_colour_instability,0,0,0.0,inf,0,0,0.0,60,60,0,0,60,0,0,0,0,0
train,7,000691.jpg,4bda045c6513ad86792e6968542109b3f7dd0f868fd6eac2d81e2a694febc97e,False,insufficient_flower_pixels;insufficient_plant_background_control_pixels;horizontal_flip_mask_instability;horizontal_flip_colour_instability,0,0,0.0,inf,0,0,0.0,88,88,0,0,88,0,0,0,0,0
train,8,000688.jpg,ddc4f3e0e583976ef10166b4b3432429bff4c19fc9f1b44538b538a62b5fe861,False,insufficient_flower_pixels;insufficient_plant_background_control_pixels;horizontal_flip_mask_instability;horizontal_flip_colour_instability,0,0,0.0,inf,0,0,0.0,37,37,0,0,36,1,0,0,0,0
train,9,000687.jpg,107a5348839fe3af09ac23a29c14761e621d0f3d4dd45d13b30c712a96e909e8,False,insufficient_flower_pixels;insufficient_plant_background_control_pixels;horizontal_flip_mask_instability;horizontal_flip_colour_instability,0,0,0.0,inf,0,0,0.0,28,28,0,0,28,0,0,0,0,0
train,10,000686.jpg,52ade1ae432a71bb7c7efbe8842310b35da4ac26f32728f54108219f7221c415,False,insufficient_flower_pixels;horizontal_flip_mask_instability;horizontal_flip_colour_instability,0,19624,0.0,inf,0,0,0.0,4,4,0,0,4,0,0,0,0,0
train,11,000685.jpg,1c735b31337a2177fcd4329edded09f3d161b9e1e18713810a83e162270a322a,False,insufficient_flower_pixels;horizontal_flip_mask_instability;horizontal_flip_colour_instability,0,6781,0.0,inf,0,0,0.0,4,4,0,0,4,0,0,0,0,0
train,12,000684.jpg,5d3d270f075d13dd67c9261d2ad57ea49798a704b8e76ba977a0a6a27e39680b,False,insufficient_flower_pixels;horizontal_flip_mask_instability;horizontal_flip_colour_instability,0,985,0.0,inf,0,0,0.0,25,25,0,0,25,0,0,0,0,0
train,13,000683.jpg,d71353e810ec1df542c685dee76ffa367266b521f3a01f3a847fee47b0000327,False,insufficient_flower_pixels;insufficient_plant_background_control_pixels;horizontal_flip_mask_instability;horizontal_flip_colour_instability,0,0,0.0,inf,0,0,0.0,14,14,0,0,14,0,0,0,0,0
train,14,000680.jpg,42a2f6a7b590e4cf8bc2a215a9639f45bfef7c19d2fc7904d290a9b87e8cd60d,False,insufficient_flower_pixels;horizontal_flip_mask_instability;horizontal_flip_colour_instability,43,262010,0.0,inf,43,43,1.0,41,41,0,2,38,3,0,2,0,0
train,15,000678.jpg,fdf4510c07744c439420afca78a4b9200952576a83ef24013b17b1b038de55a3,False,insufficient_flower_pixels;horizontal_flip_mask_instability;horizontal_flip_colour_instability,0,262058,0.0,inf,0,0,0.0,38,38,0,0,34,4,0,0,0,0
train,16,000676.jpg,d687d428067b8253b226c6c4761649ce6a2d0923f80c028c1c3304ed649f2176,False,insufficient_flower_pixels;insufficient_plant_background_control_pixels;horizontal_flip_mask_instability;horizontal_flip_colour_instability,0,0,0.0,inf,0,0,0.0,12,12,0,0,11,1,0,0,0,0
train,17,000674.jpg,401e7191a573720d3db99c45f210a987e10c69fba5acc9606af5c4eb15bf97eb,False,insufficient_flower_pixels;horizontal_flip_mask_instability;horizontal_flip_colour_instability,0,10971,0.0,inf,0,0,0.0,14,14,0,0,14,0,0,0,0,0
train,18,000673.jpg,43a529c3fb973a67d776b43b845a023148651af33562daee0a6721ff74a5dedb,False,insufficient_flower_pixels;horizontal_flip_mask_instability;horizontal_flip_colour_instability,0,202184,0.0,inf,0,0,0.0,25,25,0,0,25,0,0,0,0,0
train,19,000672.jpg,261a29cc35e4d605f5015e0432de712d5ab1193af18a47efd8e610b42e6dcd31,False,insufficient_flower_pixels;horizontal_flip_mask_instability;horizontal_flip_colour_instability,0,7800,0.0,inf,0,0,0.0,4,4,0,0,4,0,0,0,0,0
train,20,000670.jpg,7a0577edffd58bd9afe43d3d12853180bd97016281b9fc93f4128cfebfbe0356,False,insufficient_flower_pixels;horizontal_flip_mask_instability;horizontal_flip_colour_instability,0,179649,0.0,inf,0,0,0.0,8,8,0,0,8,0,0,0,0,0
train,21,000669.jpg,aca08acf392e84acc418d59d2999cc8a0bc0ff66ed2ee24ab1813cee9487aeea,False,insufficient_flower_pixels;horizontal_flip_mask_instability;horizontal_flip_colour_instability,0,50046,0.0,inf,0,0,0.0,4,4,0,0,4,0,0,0,0,0
train,22,000665.jpg,3d63f644a0ad527056e8422c020f2ece4fd72128013440e35a90e6a118351c95,False,insufficient_flower_pixels;insufficient_plant_background_control_pixels;horizontal_flip_mask_instability;horizontal_flip_colour_instability,0,0,0.0,inf,0,0,0.0,4,4,0,0,2,2,0,0,0,0
train,23,000663.jpg,e6f0163a1a5183a4425532507705ed28e740b89c2ddfe90b4f5c398a7ffd256a,False,insufficient_flower_pixels;insufficient_plant_background_control_pixels;horizontal_flip_mask_instability;horizontal_flip_colour_instability,0,0,0.0,inf,0,0,0.0,12,12,0,0,10,2,0,0,0,0
train,24,000662.jpg,bb9473b9d38f474c759103bab7fe400e635ff713b83f6a87e457c1ba7ae4776f,False,insufficient_flower_pixels;horizontal_flip_mask_instability;horizontal_flip_colour_instability,0,259927,0.0,inf,0,0,0.0,3,3,0,0,3,0,0,0,0,0
train,25,000661.jpg,39f157ac79acfeba2d7928a226f2085db711aba5e1b8e73ed8d5df752e83ad4f,False,insufficient_flower_pixels;horizontal_flip_mask_instability;horizontal_flip_colour_instability,0,248527,0.0,inf,0,0,0.0,8,8,0,0,8,0,0,0,0,0
train,26,000658.jpg,0be253a2dbcb311e5a44892d081baae8419bec9c5cfc840a57b64e82a23d302a,False,insufficient_flower_pixels;horizontal_flip_mask_instability;horizontal_flip_colour_instability,0,46809,0.0,inf,0,0,0.0,2,2,0,0,2,0,0,0,0,0
train,27,000657.jpg,4c4eb26cce02dbf2d1a61a269e5462ba96dc0c30898dc819a3193550d58cd204,False,insufficient_flower_pixels;horizontal_flip_mask_instability;horizontal_flip_colour_instability,0,51329,0.0,inf,0,0,0.0,4,4,0,0,4,0,0,0,0,0
train,28,000656.jpg,befb6e078fcd70af6cbe5103ba4dd82ca93da935ce2d32b6c4288efa84566351,False,insufficient_flower_pixels;horizontal_flip_mask_instability;horizontal_flip_colour_instability,0,3524,0.0,inf,0,0,0.0,7,7,0,0,7,0,0,0,0,0
train,29,000653.jpg,ef6e8ff903ca2c9373275e38e70cba3ce9fe76fa31d6f4d0ab784f7c0706eec3,False,insufficient_flower_pixels;insufficient_plant_background_control_pixels;horizontal_flip_mask_instability;horizontal_flip_colour_instability,0,55,0.0,inf,0,0,0.0,50,50,0,0,50,0,0,0,0,0
train,30,000651.jpg,54df673e11692dc8bc31dd6d7636303ac5ef6ad897de6789dc2c63fe16050812,False,horizontal_flip_mask_instability,407,261737,0.07125307125307126,4.7019944190979,407,407,1.0,6,6,0,1,0,6,0,0,1,0
train,31,000650.jpg,f9e64b604c360ed483439fc30761d9a538ec86a39c69df8637f53812f64ee5b3,False,insufficient_flower_pixels;horizontal_flip_mask_instability;horizontal_flip_colour_instability,0,69053,0.0,inf,0,0,0.0,7,7,0,0,7,0,0,0,0,0
train,32,000647.jpg,ded3a54928d4a67e92edd1b6be05fa67d9f0a3277664644bbc4fab2a769d0661,False,insufficient_flower_pixels;horizontal_flip_mask_instability;horizontal_flip_colour_instability,0,11207,0.0,inf,0,0,0.0,3,3,0,0,3,0,0,0,0,0
train,33,000646.jpg,75033b78c2e92d29c857206f9ea40871242abcbbcffb6d9ada1078c940b40119,False,insufficient_flower_pixels;horizontal_flip_mask_instability;horizontal_flip_colour_instability,0,214721,0.0,inf,0,0,0.0,1,1,0,0,1,0,0,0,0,0
train,34,000645.jpg,848441967f8822b378ced1aba2f91bc40728b000ac30b7d2c87bec7321dc25b5,False,insufficient_flower_pixels;horizontal_flip_mask_instability;horizontal_flip_colour_instability,0,248187,0.0,inf,0,0,0.0,15,15,0,0,12,3,0,0,0,0
train,35,000643.jpg,6c151f0297d6e6e884d93846729aebe01b71d54f449b4ed084d7da42a353c29a,False,horizontal_flip_mask_instability;horizontal_flip_colour_instability,10172,251972,0.31851037083595224,12.880552291870117,10172,7400,0.7274872198191112,24,24,0,13,17,7,0,8,5,0
train,36,000639.jpg,2333a995521a7d0b2683ea0eb0f062aaee8b25d93414bc75e11a125caf42eae7,False,insufficient_flower_pixels;horizontal_flip_mask_instability;horizontal_flip_colour_instability,0,36627,0.0,inf,0,0,0.0,1,1,0,0,1,0,0,0,0,0
train,37,000638.jpg,b4b4ae39fd38e44d4e39ec117ac6b7a616c510a42157cd1de8c232b4a1fd7198,False,insufficient_flower_pixels;horizontal_flip_mask_instability;horizontal_flip_colour_instability,0,110532,0.0,inf,0,0,0.0,1,1,0,0,1,0,0,0,0,0
train,38,000636.jpg,8aeadbd091d6d869841ffc8ffc3795d9c6e5a967d7e4e093e4d0172d84b7c871,False,insufficient_flower_pixels;insufficient_plant_background_control_pixels;horizontal_flip_mask_instability;horizontal_flip_colour_instability,0,0,0.0,inf,0,0,0.0,3,3,0,0,3,0,0,0,0,0
train,39,000635.jpg,59126e43b4ce573e75e7c67df8f29dc326eed49b1a9ff00b62d95e917106229d,False,insufficient_flower_pixels;horizontal_flip_mask_instability;horizontal_flip_colour_instability,0,4481,0.0,inf,0,0,0.0,3,3,0,0,3,0,0,0,0,0
train,40,000631.jpg,52d526e9b22a81589517eded7cc4a8c983f308100d5869c9e7c98f1518ab2cd6,False,insufficient_flower_pixels;horizontal_flip_mask_instability;horizontal_flip_colour_instability,0,198623,0.0,inf,0,0,0.0,8,8,0,0,8,0,0,0,0,0
train,41,000630.jpg,b258e512de7e4fc99e252e9b21356a3420fc27fbad88bbd0e081f7f22cee277a,False,insufficient_flower_pixels;horizontal_flip_mask_instability;horizontal_flip_colour_instability,0,5133,0.0,inf,0,0,0.0,8,8,0,0,8,0,0,0,0,0
train,42,000629.jpg,09761cc6c813fdb36685b797fcc63217a412a530df055bc6f3298057c094161c,False,insufficient_flower_pixels;horizontal_flip_mask_instability;horizontal_flip_colour_instability,0,255437,0.0,inf,0,0,0.0,6,6,0,0,6,0,0,0,0,0
train,43,000627.jpg,743edcc3a7fe0a07f6eba8a883e9e75784280fc95b262dfa986d7fea8a7f8d6f,False,insufficient_flower_pixels;horizontal_flip_mask_instability;horizontal_flip_colour_instability,0,259136,0.0,inf,0,0,0.0,3,3,0,0,3,0,0,0,0,0
train,44,000625.jpg,a2c562aee7668cad5c60640e886f234070de216e85417cc40c34aef69ba27ce2,False,insufficient_flower_pixels;insufficient_plant_background_control_pixels;horizontal_flip_mask_instability;horizontal_flip_colour_instability,0,0,0.0,inf,0,0,0.0,11,11,0,0,11,0,0,0,0,0
train,45,000624.jpg,2dd921f1c725b3561719a7594aabc852a8eed166db89c9b292b7119d55656ef3,False,insufficient_flower_pixels;horizontal_flip_mask_instability;horizontal_flip_colour_instability,0,17652,0.0,inf,0,0,0.0,47,47,0,0,44,3,0,0,0,0
train,46,000622.jpg,7254817a2b25a1af395736f629e71060e3380cd1af73b2038006b1e9b2b8747e,False,insufficient_flower_pixels;horizontal_flip_mask_instability;horizontal_flip_colour_instability,0,46130,0.0,inf,0,0,0.0,1,1,0,0,1,0,0,0,0,0
train,47,000620.jpg,7db742e67f78c4b138e624f170e1cb23de9440a1a673bb4e697a2516e4167708,False,insufficient_flower_pixels;horizontal_flip_mask_instability;horizontal_flip_colour_instability,0,10750,0.0,inf,0,0,0.0,4,4,0,0,4,0,0,0,0,0
train,48,000618.jpg,67b9cc8df37a225c529a9a564e6601945cf65d6dbdadb4ee3b63d2a0820ceeb7,False,insufficient_flower_pixels;horizontal_flip_mask_instability;horizontal_flip_colour_instability,0,125718,0.0,inf,0,0,0.0,3,3,0,0,3,0,0,0,0,0
train,49,000615.jpg,8ddbe3aae5e40497ec45258c9de537c9496c1d8708e7a45db4551a638a9ce9dc,False,insufficient_flower_pixels;horizontal_flip_mask_instability;horizontal_flip_colour_instability,0,212290,0.0,inf,0,0,0.0,29,29,0,0,29,0,0,0,0,0
train,50,000614.jpg,bd9e16ab1a499914097458a657de96aeb37e7fa405edb30ec6eb41d9554167ce,False,horizontal_flip_mask_instability;horizontal_flip_colour_instability,6008,37353,0.0,inf,6008,2507,0.41727696404793607,61,61,0,20,61,0,0,20,0,0
train,51,000613.jpg,15ccb36b1160121752269b5af2d766da30191fc3e0c8923fd3a558c98d959509,False,insufficient_flower_pixels;horizontal_flip_mask_instability;horizontal_flip_colour_instability,0,228677,0.0,inf,0,0,0.0,13,13,0,0,13,0,0,0,0,0
train,52,000611.jpg,fd391c9cab2da3ad5169d3a1774c6e87b6f24702981ba37d0568885b63052cf9,False,insufficient_flower_pixels;horizontal_flip_mask_instability;horizontal_flip_colour_instability,0,257838,0.0,inf,0,0,0.0,12,12,0,0,11,1,0,0,0,0
train,53,000608.jpg,0641c84f05e7db17b4313938b6d20f594e457c61b6dbaf93a57a0dfab11f7eeb,False,insufficient_flower_pixels;horizontal_flip_mask_instability;horizontal_flip_colour_instability,0,108393,0.0,inf,0,0,0.0,9,9,0,0,9,0,0,0,0,0
train,54,000607.jpg,233d376d40dfe90b3bd8e1e48c54165ace8b3be620af550ac7fee99f87c942d8,False,insufficient_flower_pixels;horizontal_flip_mask_instability;horizontal_flip_colour_instability,0,86273,0.0,inf,0,0,0.0,13,13,0,0,13,0,0,0,0,0
train,55,000605.jpg,036e30be692a7b6ad5ca235bbc6da919b31d0f9dfef2426c5f24cb3c8d1634dc,False,horizontal_flip_mask_instability,4854,257290,0.18197725284339458,3.8787503242492676,4854,2184,0.449938195302843,14,14,0,11,14,0,0,11,0,0
train,56,000604.jpg,96fd7e1af86ff1129886bc98221cc396a275561e0cae3f3d6cc80b857b82fe29,False,horizontal_flip_mask_instability;horizontal_flip_colour_instability,5457,256687,0.47663096397273613,10.884795188903809,5457,4369,0.8006230529595015,31,31,0,8,28,3,0,6,2,0
train,57,000601.jpg,598ffac51a2e7a7018ea1de184d2ee37747986c3d0b9ce90cce1db7dd2124099,False,insufficient_flower_pixels;horizontal_flip_mask_instability;horizontal_flip_colour_instability,0,70283,0.0,inf,0,0,0.0,9,9,0,0,8,1,0,0,0,0
train,58,000600.jpg,ff40c639a0fbb6694a55e31c5332b5ce8b0bc577adcf145dcf7a4a2127c48bb6,False,insufficient_flower_pixels;horizontal_flip_mask_instability;horizontal_flip_colour_instability,0,27961,0.0,inf,0,0,0.0,12,12,0,0,12,0,0,0,0,0
train,59,000599.jpg,ae2b7c66e2bb3f757cfe1fcbc8735a9129c95e70e250de8a1c5a44f18aec3d46,False,insufficient_flower_pixels;horizontal_flip_mask_instability;horizontal_flip_colour_instability,0,229091,0.0,inf,0,0,0.0,5,5,0,0,4,1,0,0,0,0
train,60,000596.jpg,7494ed3e831a2b72154035e3d903140be184ebee47d9ce9fb0d37dd75d593a08,False,insufficient_flower_pixels;horizontal_flip_mask_instability;horizontal_flip_colour_instability,0,226457,0.0,inf,0,0,0.0,25,25,0,0,23,2,0,0,0,0
train,61,000594.jpg,a625389adb8112d40131a42e721b6e0a3239234b8f1f3a92692ffeeb8d00f716,False,horizontal_flip_mask_instability;horizontal_flip_colour_instability,2639,92943,0.3491827637444279,5.854720592498779,2639,1867,0.7074649488442591,29,29,0,12,29,0,0,12,0,0
train,62,000593.jpg,c4e61201cb785d0283a9b2caeb9fa7c0631434f1da113e49200d9cf19e30e6f3,False,insufficient_flower_pixels;horizontal_flip_mask_instability;horizontal_flip_colour_instability,0,85607,0.0,inf,0,0,0.0,12,12,0,0,12,0,0,0,0,0
train,63,000592.jpg,9b79c07c34949d653ef05617ce50fc41ca12a71f7bef760d55d7c9670b58afd3,False,insufficient_flower_pixels;horizontal_flip_mask_instability;horizontal_flip_colour_instability,0,13613,0.0,inf,0,0,0.0,5,5,0,0,5,0,0,0,0,0
train,64,000591.jpg,ffa039f10587c6ba825ab5742cdc8114fb5c684ef2cc2b403fe3ce465d8cf0af,False,insufficient_flower_pixels;horizontal_flip_mask_instability;horizontal_flip_colour_instability,0,22545,0.0,inf,0,0,0.0,30,30,0,0,28,2,0,0,0,0
train,65,000589.jpg,659f5a86f116d1d0d88a96297320c951f491f343454f46412aff874851546d68,False,insufficient_flower_pixels;horizontal_flip_mask_instability;horizontal_flip_colour_instability,0,206360,0.0,inf,0,0,0.0,31,31,0,0,30,1,0,0,0,0
train,66,000587.jpg,e4fedc666e211ff6016b0902a9aeff190d681d8e99f4d29b9eb3394e1d24b975,False,insufficient_flower_pixels;insufficient_plant_background_control_pixels;horizontal_flip_mask_instability;horizontal_flip_colour_instability,0,0,0.0,inf,0,0,0.0,3,3,0,0,3,0,0,0,0,0
train,67,000586.jpg,18c3ecc75f6fb1262b136686cf2e1bf6f38da6aeec2a00fd39de12b13e849962,False,insufficient_flower_pixels;horizontal_flip_mask_instability;horizontal_flip_colour_instability,0,247338,0.0,inf,0,0,0.0,22,22,0,0,20,2,0,0,0,0
train,68,000584.jpg,09082671171b8059d7b3ce560d297bd9b484343c73b60a58aba2ac1198d634da,False,horizontal_flip_mask_instability;horizontal_flip_colour_instability,2730,259414,0.0681169757489301,9.438138961791992,2730,2521,0.9234432234432235,53,53,0,7,51,2,0,5,2,0
train,69,000583.jpg,fe88844d41c5356df70bb2dfd0a74ed76e55dce45d30c00b09a42f97e695750e,False,horizontal_flip_mask_instability;horizontal_flip_colour_instability,5394,255498,0.3498524348253812,8.081811904907227,5394,3512,0.6510938079347423,45,45,0,18,45,0,0,18,0,0
train,70,000582.jpg,782ab81b8466323b4d1b401aaa69198a62d9a095c209a4ef789edc5031dfebec,False,insufficient_flower_pixels;horizontal_flip_mask_instability;horizontal_flip_colour_instability,0,115707,0.0,inf,0,0,0.0,30,30,0,0,30,0,0,0,0,0
train,71,000581.jpg,49e2de6c6ae826755bde4253bf456f43105054fae1bb014d2e6889a8247d6baf,False,insufficient_flower_pixels;horizontal_flip_mask_instability;horizontal_flip_colour_instability,0,54721,0.0,inf,0,0,0.0,9,9,0,0,9,0,0,0,0,0
train,72,000579.jpg,b669a01e86f6581552c596068dd17406703e2a0a1dbc3520ee82fcaea8f9a4fb,False,insufficient_flower_pixels;horizontal_flip_mask_instability;horizontal_flip_colour_instability,0,194275,0.0,inf,0,0,0.0,3,3,0,0,3,0,0,0,0,0
train,73,000577.jpg,9fe82b8bb4fbe36d06d83f65db753a086eeb6fb6d2af95e96b16c4dd9e912a20,False,insufficient_flower_pixels;insufficient_plant_background_control_pixels;horizontal_flip_mask_instability;horizontal_flip_colour_instability,0,0,0.0,inf,0,0,0.0,3,3,0,0,3,0,0,0,0,0
train,74,000574.jpg,ff354bbf06ec891502f90cd3d5b370216c213670771011942ccec7c71881cc69,False,insufficient_flower_pixels;horizontal_flip_mask_instability;horizontal_flip_colour_instability,0,200565,0.0,inf,0,0,0.0,4,4,0,0,4,0,0,0,0,0
train,75,000573.jpg,5ec4ae2da4e1ed96a5ddd3b1c8aa86ac2b50234081a7423cb25b63e2462f4961,False,insufficient_flower_pixels;horizontal_flip_mask_instability;horizontal_flip_colour_instability,0,262121,0.0,inf,0,0,0.0,8,8,0,0,8,0,0,0,0,0
train,76,000572.jpg,c49fcb755f3414ce7d735a288714a6a19ad9120a19028a880e029003034a1edb,False,insufficient_flower_pixels;horizontal_flip_mask_instability;horizontal_flip_colour_instability,0,6516,0.0,inf,0,0,0.0,1,1,0,0,1,0,0,0,0,0
train,77,000571.jpg,b325805b9ddef47d48dbf7596a5d4efe14c0d8708874ea1b5187aa08800c2f2f,False,insufficient_flower_pixels;horizontal_flip_mask_instability;horizontal_flip_colour_instability,0,14238,0.0,inf,0,0,0.0,1,1,0,0,1,0,0,0,0,0
train,78,000567.jpg,1040eeeeda2f3165503ce9302ae1c1cebbc86e5a23a2088e5fdfb8eea7ae216d,False,insufficient_flower_pixels;horizontal_flip_mask_instability;horizontal_flip_colour_instability,0,16814,0.0,inf,0,0,0.0,21,21,0,0,21,0,0,0,0,0
train,79,000565.jpg,5e0b0e944bfac70b2dfcc30a03b8e9512d17acc879b6f66068124589b4201f7c,False,insufficient_flower_pixels;horizontal_flip_mask_instability;horizontal_flip_colour_instability,0,22478,0.0,inf,0,0,0.0,27,27,0,0,27,0,0,0,0,0
train,80,000563.jpg,39b270064f703858bb7b454eeb9049b92bf794515fd4b77296ae781684c1da0b,False,insufficient_flower_pixels;horizontal_flip_mask_instability;horizontal_flip_colour_instability,0,84492,0.0,inf,0,0,0.0,6,6,0,0,6,0,0,0,0,0
train,81,000561.jpg,598ae0988799f8a51443c2f87345a6611ccdb1c3ab2d78896a19120e0dcb535b,False,insufficient_flower_pixels;horizontal_flip_mask_instability;horizontal_flip_colour_instability,0,109593,0.0,inf,0,0,0.0,3,3,0,0,3,0,0,0,0,0
train,82,000560.jpg,67ffa0d47c6fdc0c1d99736c65076f0a9e935b66cddedac1e2c44fe41c6e8d60,False,insufficient_flower_pixels;horizontal_flip_mask_instability;horizontal_flip_colour_instability,0,260164,0.0,inf,0,0,0.0,21,21,0,0,20,1,0,0,0,0
train,83,000559.jpg,0479859eb53d7a42781c28bcb85149a4db03c0a0d60835413a34809a10035390,False,insufficient_flower_pixels;horizontal_flip_mask_instability;horizontal_flip_colour_instability,0,255111,0.0,inf,0,0,0.0,10,10,0,0,9,1,0,0,0,0
train,84,000556.jpg,a94d6dc11da31eef48f6a0a6ac51639ee09cdf3ce7e06520efca19c536bc9f75,False,insufficient_flower_pixels;horizontal_flip_mask_instability;horizontal_flip_colour_instability,0,176918,0.0,inf,0,0,0.0,2,2,0,0,2,0,0,0,0,0
train,85,000555.jpg,328d600315f9ad8a9004c91698320b9ea2d54a69dc723ba49b3798b0d79cb858,False,insufficient_flower_pixels;horizontal_flip_mask_instability;horizontal_flip_colour_instability,0,339,0.0,inf,0,0,0.0,3,3,0,0,3,0,0,0,0,0
train,86,000552.jpg,05244bb57f8a2ee50a65d7de5049536bcbd8b4558141e366c0387da037764b52,False,insufficient_flower_pixels;horizontal_flip_mask_instability;horizontal_flip_colour_instability,0,281,0.0,inf,0,0,0.0,11,11,0,0,11,0,0,0,0,0
train,87,000551.jpg,31250916ef0f2666b2cda6bae41c59218a74cc25f3dd8dab57ea94ce35323663,False,insufficient_flower_pixels;horizontal_flip_mask_instability;horizontal_flip_colour_instability,0,2092,0.0,inf,0,0,0.0,9,9,0,0,9,0,0,0,0,0
train,88,000548.jpg,829ade032898a506e9ed323199810a93eddbdabbafdc17cd01765efffd36c9d7,False,insufficient_flower_pixels;horizontal_flip_mask_instability;horizontal_flip_colour_instability,0,249284,0.0,inf,0,0,0.0,2,2,0,0,2,0,0,0,0,0
train,89,000547.jpg,c81b3aea861159938eeafd97c1adb4d285831c403952f293e7fb2610a5b3339c,False,insufficient_flower_pixels;horizontal_flip_mask_instability;horizontal_flip_colour_instability,0,10973,0.0,inf,0,0,0.0,26,26,0,0,25,1,0,0,0,0
train,90,000544.jpg,861ab5835ca14bbda67be84e89fa54d440319ad127c218a732c1ee37d201d011,False,insufficient_flower_pixels;horizontal_flip_mask_instability;horizontal_flip_colour_instability,0,65612,0.0,inf,0,0,0.0,4,4,0,0,4,0,0,0,0,0
train,91,000543.jpg,2ad0c51c529d398927d4719527cef6ef23c23f5693482d855849ccb3305fa66f,False,insufficient_flower_pixels;horizontal_flip_mask_instability;horizontal_flip_colour_instability,0,162001,0.0,inf,0,0,0.0,14,14,0,0,14,0,0,0,0,0
train,92,000540.jpg,68881184e48f3d9e5405e2bb019e7c26954ce99cc93d02d7cc82aec428b3de2c,False,insufficient_flower_pixels;horizontal_flip_mask_instability;horizontal_flip_colour_instability,0,238260,0.0,inf,0,0,0.0,1,1,0,0,1,0,0,0,0,0
train,93,000539.jpg,c2e14fe174bd3c64fe56d71a4fd95ee48fcb39ed2372a8724df8845d389e2ae7,False,insufficient_flower_pixels;horizontal_flip_mask_instability;horizontal_flip_colour_instability,0,40371,0.0,inf,0,0,0.0,10,10,0,0,7,3,0,0,0,0
train,94,000537.jpg,72085d32c0e2be64721697a35fb251b71ee6542da1e65a9cbc322c90a5550ec7,False,insufficient_flower_pixels;horizontal_flip_mask_instability;horizontal_flip_colour_instability,0,7797,0.0,inf,0,0,0.0,10,10,0,0,9,1,0,0,0,0
train,95,000535.jpg,5b309f8565f0df39d4555e14463fc9db341c439fd8ea06d39002ab6088f4f7bb,False,insufficient_flower_pixels;horizontal_flip_mask_instability;horizontal_flip_colour_instability,0,6611,0.0,inf,0,0,0.0,4,4,0,0,4,0,0,0,0,0
train,96,000533.jpg,55f4ec55cf67a33a395c504a70f1c2497d11823f87d724bed3d15be886edc77e,False,insufficient_flower_pixels;horizontal_flip_mask_instability;horizontal_flip_colour_instability,0,13726,0.0,inf,0,0,0.0,6,6,0,0,6,0,0,0,0,0
train,97,000531.jpg,16b458e156c5e2ae2cf4f128a746c08fb1408c57059aaf81eeadcb3889736850,False,insufficient_flower_pixels;horizontal_flip_mask_instability;horizontal_flip_colour_instability,0,1784,0.0,inf,0,0,0.0,12,12,0,0,12,0,0,0,0,0
train,98,000530.jpg,35a31c9c7196731bde2df7a7ab43d6df2d44033b94e614ab0d2529f813fa691b,False,insufficient_flower_pixels;horizontal_flip_mask_instability;horizontal_flip_colour_instability,0,8811,0.0,inf,0,0,0.0,13,13,0,0,13,0,0,0,0,0
train,99,000528.jpg,7a4c62196114b520f3e017f210c91f77ad688bf7d47f65caa744193388b8d434,False,insufficient_flower_pixels;horizontal_flip_mask_instability;horizontal_flip_colour_instability,0,136585,0.0,inf,0,0,0.0,8,8,0,0,3,5,0,0,0,0
train,100,000526.jpg,7834cca42255f5644ff2853b7896f5712e2b9b58843c54c5da5bb5b2e89b38e1,False,insufficient_flower_pixels;horizontal_flip_mask_instability;horizontal_flip_colour_instability,0,122989,0.0,inf,0,0,0.0,7,7,0,0,5,2,0,0,0,0
train,101,000525.jpg,dfb5a8a50fc36939909ee69e0536288ec1c55fb6de8f1e22336005b98a5c45e8,False,insufficient_flower_pixels;horizontal_flip_mask_instability;horizontal_flip_colour_instability,0,13337,0.0,inf,0,0,0.0,5,5,0,0,5,0,0,0,0,0
train,102,000523.jpg,24a5d4c4c65a597367da47015dad693962176fc9b68699b6ed31f264828d6708,False,insufficient_flower_pixels;horizontal_flip_mask_instability;horizontal_flip_colour_instability,0,104580,0.0,inf,0,0,0.0,1,1,0,0,1,0,0,0,0,0
train,103,000522.jpg,94191710f30d1259e3a72545c89b96c94de13c2db4f8513695e2f72b8f5db4a8,False,insufficient_flower_pixels;horizontal_flip_mask_instability;horizontal_flip_colour_instability,0,108498,0.0,inf,0,0,0.0,6,6,0,0,5,1,0,0,0,0
train,104,000519.jpg,b0f7ae7bcf6de3cd72bc3a794664e883d2689d99635f63d90de17d138385de12,False,insufficient_flower_pixels;horizontal_flip_mask_instability;horizontal_flip_colour_instability,0,149813,0.0,inf,0,0,0.0,26,26,0,0,23,3,0,0,0,0
train,105,000518.jpg,7acfd511870294060de6f142ef4e988c3c136bce32d1f7a3360fe9396b7b9b81,False,insufficient_flower_pixels;horizontal_flip_mask_instability;horizontal_flip_colour_instability,0,258154,0.0,inf,0,0,0.0,10,10,0,0,10,0,0,0,0,0
train,106,000516.jpg,52eefdd2247d3eb3cfe60fbda8b495979e3fca2fca26cdce52c1c66a92a8fc89,False,insufficient_flower_pixels;horizontal_flip_mask_instability;horizontal_flip_colour_instability,0,262144,0.0,inf,0,0,0.0,8,8,0,0,6,2,0,0,0,0
train,107,000512.jpg,c3054b3387660446f02bdfcc7f450e2eab37b0c7688a76797d6879cf2d2841ae,False,horizontal_flip_mask_instability;horizontal_flip_colour_instability,859,151604,0.17330462863293863,26.028465270996094,859,424,0.4935972060535506,33,33,0,3,31,2,0,3,0,0
train,108,000511.jpg,abaa3e495718ba565d5f33af7537d0eac3da91b263cf2378bcedd92390b43016,False,insufficient_flower_pixels;horizontal_flip_mask_instability;horizontal_flip_colour_instability,0,136409,0.0,inf,0,0,0.0,16,16,0,0,16,0,0,0,0,0
train,109,000510.jpg,57ce3bf1eacf6f836a04f72bd43e3c6de41c369ae19a002d4ad7ecfbd435eddb,False,insufficient_flower_pixels;horizontal_flip_mask_instability;horizontal_flip_colour_instability,0,47282,0.0,inf,0,0,0.0,5,5,0,0,5,0,0,0,0,0
train,110,000509.jpg,3fbdba7bd2496660908840b7005767e16460785799047bf27681ef7e74d2449d,False,insufficient_flower_pixels;horizontal_flip_mask_instability;horizontal_flip_colour_instability,0,180827,0.0,inf,0,0,0.0,5,5,0,0,5,0,0,0,0,0
train,111,000507.jpg,d3570f0e490a89e9f740c10f1d5f5ce270deed1ae36a5b0595b547abce352c91,False,insufficient_flower_pixels;horizontal_flip_mask_instability;horizontal_flip_colour_instability,0,260670,0.0,inf,0,0,0.0,1,1,0,0,0,1,0,0,0,0
train,112,000506.jpg,45268074e98c395c2351ad1d46ca62ad9b367af341c16aa153fc8b76048928a3,False,insufficient_flower_pixels;horizontal_flip_mask_instability;horizontal_flip_colour_instability,0,127667,0.0,inf,0,0,0.0,15,15,0,0,15,0,0,0,0,0
train,113,000503.jpg,926e04f8e608af4c25e96b77af0179625d97af45cff058b91d50477fbc1791a0,False,insufficient_flower_pixels;horizontal_flip_mask_instability;horizontal_flip_colour_instability,0,185853,0.0,inf,0,0,0.0,4,4,0,0,2,2,0,0,0,0
train,114,000500.jpg,bd057494069e03d119c8f77869aa18597a596d33e415c252aa9bd0a90f7fcd63,True,,2209,25481,0.6165289256198347,3.9125401973724365,2209,2133,0.9655952919873246,25,25,0,5,22,3,0,3,2,0
train,115,000499.jpg,0be8e34511c43b673e0754a20e2c07f3afdd4512ead82f0fe7d17540f08c8f06,False,insufficient_flower_pixels;insufficient_plant_background_control_pixels;horizontal_flip_mask_instability;horizontal_flip_colour_instability,0,0,0.0,inf,0,0,0.0,10,10,0,0,10,0,0,0,0,0
train,116,000498.jpg,baffad46b90a754ba554a0d39407a6f6c1557b5883fe4c4e97e67373490f7316,False,insufficient_flower_pixels;insufficient_plant_background_control_pixels;horizontal_flip_mask_instability;horizontal_flip_colour_instability,0,1,0.0,inf,0,0,0.0,7,7,0,0,7,0,0,0,0,0
train,117,000430.jpg,05f53bd1a2f0d1c062a3afc2d88863a116ab215a62b924f6c2efe651168bfd25,False,insufficient_flower_pixels;horizontal_flip_mask_instability;horizontal_flip_colour_instability,0,262144,0.0,inf,0,0,0.0,3,3,0,0,3,0,0,0,0,0
train,118,000429.jpg,8c63a73f486adfe1a00e4b4312e583cde6d2c611a811f8e2fed4b72f58157e4c,True,,15197,246476,0.63495085995086,4.830271244049072,15197,10123,0.6661183128248996,13,13,0,11,10,3,0,8,3,0
train,119,000426.jpg,9081779a75230389e25aedb7c8871bf801a318da154dd85fc71c165618bd4e28,False,insufficient_flower_pixels;horizontal_flip_mask_instability;horizontal_flip_colour_instability,0,262144,0.0,inf,0,0,0.0,4,4,0,0,3,1,0,0,0,0
train,120,000425.jpg,e5f54c402fd028a94807cb4d2a1cabed073e62be6cc4de3976a382efcf80dda3,False,insufficient_flower_pixels;horizontal_flip_mask_instability;horizontal_flip_colour_instability,0,233170,0.0,inf,0,0,0.0,8,8,0,0,8,0,0,0,0,0
train,121,000423.jpg,25833327dc311311ad62befadb5d7b005258bc8b28237e40758a5f5652957806,False,insufficient_flower_pixels;horizontal_flip_mask_instability;horizontal_flip_colour_instability,0,110695,0.0,inf,0,0,0.0,3,3,0,0,3,0,0,0,0,0
train,122,000422.jpg,7aa0f9e32d28d093f8b7e4d7ee8e629d273a8d65cec1300af682d2e699317dc3,False,insufficient_flower_pixels;horizontal_flip_mask_instability;horizontal_flip_colour_instability,0,213389,0.0,inf,0,0,0.0,6,6,0,0,6,0,0,0,0,0
train,123,000421.jpg,bcde3ce758400392ee920ef29d48bbb0c3be058a3ea67821543309f4ece06f8c,False,insufficient_flower_pixels;horizontal_flip_mask_instability;horizontal_flip_colour_instability,0,261833,0.0,inf,0,0,0.0,37,37,0,0,37,0,0,0,0,0
train,124,000420.jpg,52eea74d05ae253cf7f010033a64db8579c8ea580bc1791b8126b53dd14bb3e4,False,insufficient_flower_pixels;horizontal_flip_mask_instability;horizontal_flip_colour_instability,0,24899,0.0,inf,0,0,0.0,17,17,0,0,17,0,0,0,0,0
train,125,000419.jpg,19222585b9ed2c9e527d67b17f41f9cec0b2effecc538287fb42c00144eee4b6,False,insufficient_flower_pixels;horizontal_flip_mask_instability;horizontal_flip_colour_instability,0,29810,0.0,inf,0,0,0.0,67,67,0,0,66,1,0,0,0,0
train,126,000417.jpg,649f69ef8b19858032e33584de7923fe6f6449715ab5d07e8591831f2169591c,False,insufficient_flower_pixels;horizontal_flip_mask_instability;horizontal_flip_colour_instability,0,261745,0.0,inf,0,0,0.0,9,9,0,0,8,1,0,0,0,0
train,127,000416.jpg,5e59ec5ed6c311078ec30509450dbfcdb8e34a3847a1e9372dea6b3d0f34ef32,False,insufficient_flower_pixels;horizontal_flip_mask_instability;horizontal_flip_colour_instability,0,255064,0.0,inf,0,0,0.0,4,4,0,0,3,1,0,0,0,0
train,128,000413.jpg,7bf4a1aa1e5e9be9e5e8c7a707db998f1682bd843ba21a84330e069b0ad94524,False,insufficient_flower_pixels;horizontal_flip_mask_instability;horizontal_flip_colour_instability,0,48760,0.0,inf,0,0,0.0,20,20,0,0,19,1,0,0,0,0
train,129,000412.jpg,6cef0ca9fbcf70b608d7049d9cecfb2bdd2d4678748e3e08c8b780c3210ce150,False,insufficient_flower_pixels;horizontal_flip_mask_instability;horizontal_flip_colour_instability,0,189186,0.0,inf,0,0,0.0,20,20,0,0,20,0,0,0,0,0
train,130,000410.jpg,008ee7a4cc7bbfb2f7635c444ed2b9e22f5675adacf749acccd78dbffcc0f60a,False,insufficient_flower_pixels;horizontal_flip_mask_instability;horizontal_flip_colour_instability,0,255927,0.0,inf,0,0,0.0,37,37,0,0,37,0,0,0,0,0
train,131,000409.jpg,b93df78bb12116807ae4411c7503c6465bd5f9140255e53dba179f3a87dfaf2f,False,insufficient_flower_pixels;horizontal_flip_mask_instability;horizontal_flip_colour_instability,0,239143,0.0,inf,0,0,0.0,26,26,0,0,26,0,0,0,0,0
train,132,000408.jpg,9da732e4d9348c1c6c9724b924147d56cc2e790a9ceb3af64f5604f47275b033,False,insufficient_flower_pixels;horizontal_flip_mask_instability;horizontal_flip_colour_instability,0,261657,0.0,inf,0,0,0.0,37,37,0,0,37,0,0,0,0,0
train,133,000405.jpg,2a0c210e93425d597b196d5a67afd114adb22663c38c9c749d75dc648c72415a,False,insufficient_flower_pixels;horizontal_flip_mask_instability;horizontal_flip_colour_instability,17,258531,0.0,inf,17,17,1.0,21,21,0,0,20,1,0,0,0,0
train,134,000404.jpg,337873e41f2b0ba8aad1f9c5f78c4eaf291f5b98251e523de924fe5aa29971a3,False,insufficient_flower_pixels;horizontal_flip_mask_instability;horizontal_flip_colour_instability,0,221803,0.0,inf,0,0,0.0,18,18,0,0,15,3,0,0,0,0
train,135,000402.jpg,1260b5e5c63b7857018711fc52eabd96bb271e7cab49ff0baf7478df61592770,False,insufficient_flower_pixels;horizontal_flip_mask_instability;horizontal_flip_colour_instability,0,31676,0.0,inf,0,0,0.0,11,11,0,0,11,0,0,0,0,0
train,136,000400.jpg,6e0ea329a4408cc20df89ba13f4307ca34ca33f0014ddd7d027d79fb120269ba,False,insufficient_flower_pixels;horizontal_flip_mask_instability;horizontal_flip_colour_instability,0,77293,0.0,inf,0,0,0.0,1,1,0,0,1,0,0,0,0,0
train,137,000397.jpg,dd0ef181b3c5022902cc07ba27e26ddd0cb1d99724f5d9e32e0a557abf97d63c,False,insufficient_flower_pixels;horizontal_flip_mask_instability;horizontal_flip_colour_instability,0,262144,0.0,inf,0,0,0.0,7,7,0,0,3,4,0,0,0,0
train,138,000396.jpg,f81c6d3568e25fd72df981a189b3f6937c45dc7ea09618e1edf91d6434a90b45,False,insufficient_flower_pixels;horizontal_flip_mask_instability;horizontal_flip_colour_instability,0,262144,0.0,inf,0,0,0.0,4,4,0,0,2,2,0,0,0,0
train,139,000395.jpg,4f68f05bd8b20b00273a05cfef286f9a31d4d5fedbc67e3224094e8613383349,False,insufficient_flower_pixels;horizontal_flip_mask_instability;horizontal_flip_colour_instability,0,244772,0.0,inf,0,0,0.0,15,15,0,0,14,1,0,0,0,0
train,140,000394.jpg,b2efd4fdd43d3aeec02da910c8d39765159d352483ed442245866766c103251d,False,insufficient_flower_pixels;horizontal_flip_mask_instability;horizontal_flip_colour_instability,0,205323,0.0,inf,0,0,0.0,13,13,0,0,12,1,0,0,0,0
train,141,000391.jpg,a7635e247a293a12e52b615dc0664b1beeadcac57cae9d40d0ee8681e677d20c,False,insufficient_flower_pixels;horizontal_flip_mask_instability;horizontal_flip_colour_instability,0,168490,0.0,inf,0,0,0.0,23,23,0,0,18,5,0,0,0,0
train,142,000390.jpg,5b56470573bd4faf6006b235f340ff40403d2a7d1e1236fa5f9b7d485e17c913,False,insufficient_flower_pixels;horizontal_flip_mask_instability;horizontal_flip_colour_instability,0,240957,0.0,inf,0,0,0.0,21,21,0,0,20,1,0,0,0,0
train,143,000386.jpg,4d6866ca40f225a97f7542c69d1e2a5d193e467de106728ba16f7fd1431b57dd,False,insufficient_flower_pixels;horizontal_flip_mask_instability;horizontal_flip_colour_instability,0,262142,0.0,inf,0,0,0.0,5,5,0,0,5,0,0,0,0,0
train,144,000384.jpg,553318c890402b750bb5508c00663720bf5211dcd40c11404f32809fb1f6b7cd,False,insufficient_flower_pixels;horizontal_flip_mask_instability;horizontal_flip_colour_instability,0,262097,0.0,inf,0,0,0.0,12,12,0,0,12,0,0,0,0,0
train,145,000383.jpg,833f09f161d8cd308c086ac0e4ac0b959d33562002ad9ae30ec7d8d5dd1f2431,False,insufficient_flower_pixels;horizontal_flip_mask_instability;horizontal_flip_colour_instability,0,262144,0.0,inf,0,0,0.0,9,9,0,0,9,0,0,0,0,0
train,146,000382.jpg,0f77045e1779d76fbb2322c161a845ee022399c94544cfc13edffb10c5a8db20,False,insufficient_flower_pixels;horizontal_flip_mask_instability;horizontal_flip_colour_instability,0,252974,0.0,inf,0,0,0.0,1,1,0,0,1,0,0,0,0,0
train,147,000381.jpg,72fe9e274e6688995d52fed0f44863c56844986dece4ca898e4fa84aed5d9699,False,horizontal_flip_mask_instability;horizontal_flip_colour_instability,995,193108,0.23918992884510126,28.773635864257812,995,911,0.9155778894472362,18,18,0,5,18,0,0,5,0,0
train,148,000378.jpg,08547276485d54cd897ff0ebb9af29b97df6f243b3d6edc8cfe57ceb7c282700,False,insufficient_plant_background_control_pixels;horizontal_flip_mask_instability,9890,0,0.4998795277487752,2.866480827331543,9890,5161,0.521840242669363,48,48,0,22,47,1,0,21,1,0
train,149,000376.jpg,1070fb012325fc1e88bd6b0b267c7e0db326ea64dc4e4bfbb47b359528bd19cc,False,insufficient_flower_pixels;insufficient_plant_background_control_pixels;horizontal_flip_mask_instability;horizontal_flip_colour_instability,0,0,0.0,inf,0,0,0.0,5,5,0,0,5,0,0,0,0,0
train,150,000375.jpg,8dcd4fdd8a9028651d440e69b1ddc132ca99736d7bf3c84b14678253a57b7cd2,False,insufficient_flower_pixels;horizontal_flip_mask_instability;horizontal_flip_colour_instability,0,258472,0.0,inf,0,0,0.0,35,35,0,0,35,0,0,0,0,0
train,151,000373.jpg,a77af25b3f71b5795bba7333b7ecb07f23b5fd14034eee09a0979b94f0784ba2,False,horizontal_flip_mask_instability;horizontal_flip_colour_instability,1263,260807,0.0,inf,1263,1152,0.9121140142517815,34,34,0,5,32,2,0,4,1,0
train,152,000372.jpg,6cd7979bc01512507feeb472860c510b8095343adb54838404851b5101433d31,False,insufficient_flower_pixels;horizontal_flip_mask_instability;horizontal_flip_colour_instability,0,262144,0.0,inf,0,0,0.0,18,18,0,0,16,2,0,0,0,0
train,153,000369.jpg,c813a525819e1e2ccfc9c584dba1150f279bfd2c15f27ea7b6f8efd5f6ee2a12,False,insufficient_flower_pixels;insufficient_plant_background_control_pixels;horizontal_flip_mask_instability;horizontal_flip_colour_instability,0,0,0.0,inf,0,0,0.0,37,37,0,0,37,0,0,0,0,0
train,154,000368.jpg,a0e6dc993d773892f36aad14013a32505c513676b2252a7d1c421fdc3484f6f6,False,insufficient_flower_pixels;insufficient_plant_background_control_pixels;horizontal_flip_mask_instability;horizontal_flip_colour_instability,0,0,0.0,inf,0,0,0.0,32,32,0,0,32,0,0,0,0,0
train,155,000365.jpg,6f14908f1f57f3833e7349b8c04d7b4e4a29df3fc7087c20c5d0bae38e54d80c,False,insufficient_flower_pixels;horizontal_flip_mask_instability;horizontal_flip_colour_instability,0,255044,0.0,inf,0,0,0.0,1,1,0,0,1,0,0,0,0,0
train,156,000364.jpg,00d36c828ccb69b06d50d377b5fbaf55887de2ecf880c0750199eb29a2cce98a,True,,7970,253922,0.5276591417531015,2.1492183208465576,7970,7822,0.9814303638644919,36,36,0,14,26,10,0,5,9,0
train,157,000361.jpg,99beda2da8e517b94cf341d6bc9081caecbeed5d1867b217a6c4f1b747f96749,True,,149713,111099,0.7728728256809958,0.45782145857810974,149713,38114,0.25458043055713264,102,102,0,85,93,9,0,76,9,0
train,158,000358.jpg,4ba552c27b8070d62af75a9940d572569e987996abb1b0d2a68aeeb148caddee,False,insufficient_flower_pixels;insufficient_plant_background_control_pixels;horizontal_flip_mask_instability;horizontal_flip_colour_instability,0,0,0.0,inf,0,0,0.0,42,42,0,0,42,0,0,0,0,0
train,159,000357.jpg,f6da94f8e2262409e36102d162d5ed3db502c88b5e87bef60a6d27c57fc4a4f0,False,insufficient_flower_pixels;insufficient_plant_background_control_pixels;horizontal_flip_mask_instability;horizontal_flip_colour_instability,0,0,0.0,inf,0,0,0.0,49,49,0,0,47,2,0,0,0,0
train,160,000356.jpg,b0aafa60b59514f3faaf76a48185887b12c48250d1fd4aff4832fc898710a91c,False,insufficient_flower_pixels;horizontal_flip_mask_instability;horizontal_flip_colour_instability,0,262144,0.0,inf,0,0,0.0,16,16,0,0,13,3,0,0,0,0
train,161,000353.jpg,a75bb3923fe8d4070203284e2675f041745c5d8882011f3f49f524a841fb220d,True,,99578,160802,0.6328621488388668,2.83762526512146,99578,27373,0.27489003595171624,30,30,0,30,21,9,0,21,9,0
train,162,000352.jpg,af9430b938cef6877769fd31b438b0bf8cd6008b3cd5efaa14870b4ef9583136,False,insufficient_flower_pixels;horizontal_flip_mask_instability;horizontal_flip_colour_instability,52,262035,0.16346153846153846,10.206960678100586,52,52,1.0,3,3,0,0,1,2,0,0,0,0
train,163,000351.jpg,317e46b4ef9dcdd035877beba2a7baa3af15bd38264d26ebb5d2b2ce437b7b36,False,horizontal_flip_mask_instability;horizontal_flip_colour_instability,1540,260138,0.22053558642417298,31.511205673217773,1540,1539,0.9993506493506493,23,23,0,4,20,3,0,1,3,0
train,164,000349.jpg,7e698c49920c383839e74a96a135d2a294850d4888c2102c9cfd35fb5c28e917,False,horizontal_flip_mask_instability,20760,12569,0.37859166329421284,3.7593159675598145,20760,6635,0.31960500963391136,46,46,0,34,46,0,0,34,0,0
train,165,000346.jpg,297448fa74293802d37e908c4c2993a3b9c5cac0a181af2881746da971811b16,False,insufficient_flower_pixels;horizontal_flip_mask_instability;horizontal_flip_colour_instability,0,261911,0.0,inf,0,0,0.0,16,16,0,0,9,7,0,0,0,0
train,166,000344.jpg,643011d0474827b66eaf4432377135feb3e8e10e578897d3cb85c093127058ce,False,horizontal_flip_mask_instability;horizontal_flip_colour_instability,195,261949,0.09368530020703934,22.86929702758789,195,146,0.7487179487179487,22,22,0,1,12,10,0,0,1,0
train,167,000343.jpg,cfae911490bb211fc8613e433a397aa756c63bd02be33d49477079a272995554,True,,256174,5970,0.9426721101567274,1.010782241821289,256174,28939,0.11296618704474302,8,8,0,8,4,3,1,4,3,1
train,168,000341.jpg,1d5bcc1505ee7e46e6fa43d48ef8ee2bb9df7bdfeff33cce9008915c9f388d80,False,insufficient_flower_pixels;horizontal_flip_mask_instability;horizontal_flip_colour_instability,0,262144,0.0,inf,0,0,0.0,5,5,0,0,4,1,0,0,0,0
train,169,000337.jpg,84255338d5d331fd8f3b6905c0a808a4ac69223ecb552d506f5b52d89c93ccd9,False,insufficient_flower_pixels;horizontal_flip_mask_instability;horizontal_flip_colour_instability,0,262144,0.0,inf,0,0,0.0,19,19,0,0,13,6,0,0,0,0
train,170,000336.jpg,cb50b2d8293efed74f9bbf09953da3e961e3705dacc83f433ca44ceccaa8107f,False,insufficient_flower_pixels;horizontal_flip_mask_instability;horizontal_flip_colour_instability,0,262144,0.0,inf,0,0,0.0,6,6,0,0,5,1,0,0,0,0
train,171,000333.jpg,bbd79e286c51634437adeef16ccb0177632066b80c4d6dec17b779f45e35da20,False,insufficient_flower_pixels;horizontal_flip_mask_instability;horizontal_flip_colour_instability,0,43160,0.0,inf,0,0,0.0,51,51,0,0,51,0,0,0,0,0
train,172,000332.jpg,681505be3c4be370117fc2552eb9f275206e5f44eb46a0e228ac164b7e2339a2,False,horizontal_flip_mask_instability;horizontal_flip_colour_instability,123,64825,0.12318840579710146,33.96602249145508,123,59,0.4796747967479675,83,83,0,3,83,0,0,3,0,0
train,173,000331.jpg,bfd5cbf55340fd515844e3e9091aa6fd894838e4634c11ec5cdd135145e97895,False,insufficient_flower_pixels;insufficient_plant_background_control_pixels;horizontal_flip_mask_instability;horizontal_flip_colour_instability,0,0,0.0,inf,0,0,0.0,60,60,0,0,60,0,0,0,0,0
train,174,000330.jpg,ab63aa0337d45a09a7f831af8f921d4103b24dd0b2d03a7328f43bc3526d4702,False,insufficient_flower_pixels;horizontal_flip_mask_instability;horizontal_flip_colour_instability,0,170308,0.0,inf,0,0,0.0,61,61,0,0,60,1,0,0,0,0
train,175,000326.jpg,03de7d9a6d15fcb09c9d677c29baca2b370f5aa453a19c78edba0268309b6b5b,False,insufficient_flower_pixels;horizontal_flip_mask_instability;horizontal_flip_colour_instability,0,261100,0.0,inf,0,0,0.0,12,12,0,0,12,0,0,0,0,0
train,176,000325.jpg,45a18c96b5a4aa1584b691665d927c0f8523365108acab59a06d0a8211274298,False,insufficient_flower_pixels;horizontal_flip_mask_instability;horizontal_flip_colour_instability,0,259556,0.0,inf,0,0,0.0,25,25,0,0,25,0,0,0,0,0
train,177,000323.jpg,9c2a1d32dcdda7569aa0913941577b221f80972f62d8615b166cb03da01a3467,False,insufficient_flower_pixels;horizontal_flip_mask_instability;horizontal_flip_colour_instability,0,259666,0.0,inf,0,0,0.0,10,10,0,0,10,0,0,0,0,0
train,178,000322.jpg,b684544e27b00af400d99e8c26b0b72b78c8e5659c27381151e90848e0490649,False,insufficient_flower_pixels;horizontal_flip_mask_instability;horizontal_flip_colour_instability,0,247434,0.0,inf,0,0,0.0,11,11,0,0,7,4,0,0,0,0
train,179,000320.jpg,dfa6169a362330ac523bf17fd4e639220487bd4f657b872d7990bd265cd05728,False,insufficient_flower_pixels;horizontal_flip_mask_instability;horizontal_flip_colour_instability,0,259319,0.0,inf,0,0,0.0,9,9,0,0,9,0,0,0,0,0
train,180,000319.jpg,3dc34a1fed21b2f376de3830970619df96af1ae6664469394196029064775288,False,insufficient_flower_pixels;horizontal_flip_mask_instability;horizontal_flip_colour_instability,8,196712,0.0,inf,8,8,1.0,5,5,0,0,5,0,0,0,0,0
train,181,000318.jpg,60323cf4c2d831cf017ae79f60ddd8c754e91d39b855ce170bb0aaee68a26a7f,False,insufficient_flower_pixels;horizontal_flip_mask_instability;horizontal_flip_colour_instability,0,5996,0.0,inf,0,0,0.0,2,2,0,0,2,0,0,0,0,0
train,182,000317.jpg,c774b3f721bcf3bc136ed0d8759ad625304082bb24051be4e1dade48330a57e8,False,horizontal_flip_mask_instability;horizontal_flip_colour_instability,592,261088,0.0,inf,592,580,0.9797297297297297,2,2,0,1,2,0,0,1,0,0
train,183,000315.jpg,4d3e3943bc59bf4dd872c5b7cd9157f3c05b68b444fdf726e01db94b73bf2d7c,False,insufficient_flower_pixels;horizontal_flip_mask_instability;horizontal_flip_colour_instability,0,89453,0.0,inf,0,0,0.0,4,4,0,0,4,0,0,0,0,0
train,184,000314.jpg,d32eb262332c8bfbe6353c56729a60f75f3efc6c9566ece872067351b5bf88aa,True,,5639,173805,0.7125207171915022,3.207918167114258,5639,4853,0.8606135839687888,27,27,0,9,25,2,0,7,2,0
train,185,000312.jpg,9563d82e42f75aa5b9a7a99ac38b4074e984771499f4c41952be0ba877bb6ca9,False,insufficient_flower_pixels;horizontal_flip_mask_instability;horizontal_flip_colour_instability,0,51024,0.0,inf,0,0,0.0,41,41,0,0,41,0,0,0,0,0
train,186,000310.jpg,5fc96dae1ae3c570ebf45d14fd02df5dffb6518885927bd0c3cd160c8d854556,False,insufficient_flower_pixels;horizontal_flip_mask_instability;horizontal_flip_colour_instability,55,261846,0.011977351916376307,38.0187873840332,55,53,0.9636363636363636,40,40,0,0,34,6,0,0,0,0
train,187,000308.jpg,52b785024b77313c7f35f5e83e50536579dca0a29568b0cc12efe12f03eafc7f,False,insufficient_flower_pixels;horizontal_flip_mask_instability;horizontal_flip_colour_instability,0,262144,0.0,inf,0,0,0.0,20,20,0,0,18,2,0,0,0,0
train,188,000305.jpg,6bf6acb3b8a84ad3f64c2245f46fd28e12240d79e2a327ad65d3a799b1747166,False,insufficient_flower_pixels;horizontal_flip_mask_instability;horizontal_flip_colour_instability,0,262144,0.0,inf,0,0,0.0,1,1,0,0,1,0,0,0,0,0
train,189,000304.jpg,fd90b907257a9e4020c7fe7617d295b08dec4531e8fae5e328f6ebf75e064249,False,insufficient_flower_pixels;horizontal_flip_mask_instability;horizontal_flip_colour_instability,0,261761,0.0,inf,0,0,0.0,5,5,0,0,5,0,0,0,0,0
train,190,000302.jpg,5d86212aad68d965c23a718fc91c6c000278c8e7396950bcc965f161e4fdc41f,False,insufficient_flower_pixels;horizontal_flip_mask_instability;horizontal_flip_colour_instability,0,102575,0.0,inf,0,0,0.0,26,26,0,0,26,0,0,0,0,0
train,191,000301.jpg,032d05d96e17010d09b05278d6e2d6f31e1379227c2d30f8e1585b4226b03451,False,insufficient_flower_pixels;horizontal_flip_mask_instability;horizontal_flip_colour_instability,0,137399,0.0,inf,0,0,0.0,15,15,0,0,14,1,0,0,0,0
train,192,000296.jpg,8695b4474ab4b2007221f06bd561c8f40facec22956fef8b39d95ce613839032,False,insufficient_flower_pixels;horizontal_flip_mask_instability;horizontal_flip_colour_instability,0,3767,0.0,inf,0,0,0.0,14,14,0,0,12,2,0,0,0,0
train,193,000295.jpg,6b3662641c6c810e07be686470dc44929fae5670f36685353b758580e0a31582,False,insufficient_flower_pixels;horizontal_flip_mask_instability;horizontal_flip_colour_instability,0,765,0.0,inf,0,0,0.0,10,10,0,0,10,0,0,0,0,0
train,194,000292.jpg,a6c32bbd52a96f149e05d1841c9f51e362e8fece22e03e2e31b437d2b2722491,False,insufficient_flower_pixels;horizontal_flip_mask_instability;horizontal_flip_colour_instability,0,262144,0.0,inf,0,0,0.0,44,44,0,0,31,13,0,0,0,0
train,195,000291.jpg,1aaaf141bfe4de42eac80014be976cfa3847411192718e84cff75deb0acc3484,False,insufficient_flower_pixels;horizontal_flip_mask_instability;horizontal_flip_colour_instability,0,262144,0.0,inf,0,0,0.0,23,23,0,0,14,9,0,0,0,0
train,196,000289.jpg,8ef6c0698ac260307819d48ded8020fe17b5a5a65d0811da4ef0374c0a4e423f,False,insufficient_flower_pixels;horizontal_flip_mask_instability;horizontal_flip_colour_instability,0,262144,0.0,inf,0,0,0.0,8,8,0,0,8,0,0,0,0,0
train,197,000287.jpg,41fbf84fe30774eaf5b30a04781ccc2d239ce3d2a7aa71fcb86945a83b245a94,False,insufficient_flower_pixels;horizontal_flip_mask_instability;horizontal_flip_colour_instability,0,157121,0.0,inf,0,0,0.0,10,10,0,0,10,0,0,0,0,0
train,198,000286.jpg,a691bcd86c501409a6a5a86347fa83753a9e6c5470397c42d42d1d7d2c1e84a2,False,insufficient_flower_pixels;horizontal_flip_mask_instability;horizontal_flip_colour_instability,0,251380,0.0,inf,0,0,0.0,25,25,0,0,23,2,0,0,0,0
train,199,000283.jpg,e1b52cc6efb71eba755111c9096444e16984c7082ae30dbb449ce44b76a50560,False,horizontal_flip_mask_instability;horizontal_flip_colour_instability,229,17169,0.10161812297734628,20.426172256469727,229,211,0.9213973799126638,88,88,0,2,87,1,0,2,0,0
train,200,000282.jpg,29de74c1a417bf76abb8c20c052e8ac13316fa8cb8806af59e535e23a4479291,False,insufficient_flower_pixels;horizontal_flip_mask_instability;horizontal_flip_colour_instability,0,262144,0.0,inf,0,0,0.0,15,15,0,0,15,0,0,0,0,0
train,201,000279.jpg,8c2ba2fd95f4fdeb817a91468b3d704e401275ee2161a6bc3c332fdf72b53699,False,insufficient_flower_pixels;horizontal_flip_mask_instability;horizontal_flip_colour_instability,0,262144,0.0,inf,0,0,0.0,12,12,0,0,12,0,0,0,0,0
train,202,000278.jpg,ef5668045937fa07393b9661e28354592cf9bc786d2a1a432d62c3d9303e88d2,False,horizontal_flip_mask_instability;horizontal_flip_colour_instability,1450,258938,0.14551724137931035,11.236539840698242,1450,1446,0.9972413793103448,16,16,0,4,12,4,0,3,1,0
train,203,000276.jpg,e9b255dbf7806ea02e14b721c66b805c9fee25cfae95a058cf96b734fbc8e5c0,False,insufficient_flower_pixels;horizontal_flip_mask_instability;horizontal_flip_colour_instability,0,252208,0.0,inf,0,0,0.0,4,4,0,0,4,0,0,0,0,0
train,204,000273.jpg,aa53e9a4bd861cb8df1314a681139e10ec25534075222a59663c7d8ccbe717b8,False,insufficient_flower_pixels;horizontal_flip_mask_instability;horizontal_flip_colour_instability,4,262140,0.0,inf,4,4,1.0,33,33,0,0,31,2,0,0,0,0
train,205,000272.jpg,8beefc94408b63517768b3f5fa07ed03e4b7acb2a4b965cd80320afda200f54a,True,,74270,31439,0.6617266139873439,0.7535502910614014,74270,9270,0.1248148646829137,90,90,0,55,89,1,0,54,1,0
train,206,000270.jpg,96845f5531cd2baf83a99914aba0adb7a398eab0ba66dd00a1c7e7d0ab7f6beb,False,insufficient_flower_pixels;horizontal_flip_mask_instability;horizontal_flip_colour_instability,0,425,0.0,inf,0,0,0.0,41,41,0,0,40,1,0,0,0,0
train,207,000267.jpg,18ba54946e446564cc6c2f37849cb71499d5e490b961d63fdac16bb2049bc27b,False,horizontal_flip_mask_instability,2217,63306,0.2653204565408253,4.497230529785156,2217,502,0.2264321154713577,17,17,0,4,16,1,0,4,0,0
train,208,000264.jpg,99351431c5a55de2591ee72316448c16ae2c2e71ee14922d18c81f0a210c7904,False,insufficient_flower_pixels;horizontal_flip_mask_instability;horizontal_flip_colour_instability,0,7213,0.0,inf,0,0,0.0,17,17,0,0,17,0,0,0,0,0
train,209,000263.jpg,873b4fce63434df37f912148ce30f1ec549ec74310acf87747bf397955e2a276,False,insufficient_flower_pixels;horizontal_flip_mask_instability;horizontal_flip_colour_instability,0,651,0.0,inf,0,0,0.0,28,28,0,0,28,0,0,0,0,0
train,210,000261.jpg,1c697d49303df500151f8ef05aafdd2bbdf56606947c77e60ac5486a2fdcb6cf,False,insufficient_flower_pixels;horizontal_flip_mask_instability;horizontal_flip_colour_instability,0,257101,0.0,inf,0,0,0.0,2,2,0,0,2,0,0,0,0,0
train,211,000260.jpg,eb920613bb67c5d771460db5df70ae6bcbaaae7b063523f1ceaebbb7f9450718,False,insufficient_flower_pixels;horizontal_flip_mask_instability;horizontal_flip_colour_instability,0,262144,0.0,inf,0,0,0.0,2,2,0,0,2,0,0,0,0,0
train,212,000258.jpg,d25c1919c23f9097988eac76acd5b7ed47824ca4b476e8099157415d1a9970fe,False,horizontal_flip_colour_instability,4299,257845,0.7259867670545289,13.074981689453125,4299,3915,0.9106769016050245,8,8,0,1,7,1,0,0,1,0
train,213,000256.jpg,6139eca77bea4f104954895c67dbee23cda42bb009d4e44f039b7d4b89ad2634,False,insufficient_flower_pixels,75,262069,0.5104166666666666,2.8288114070892334,75,75,1.0,3,3,0,1,2,1,0,1,0,0
train,214,000254.jpg,21d32d9fe198c829bb2df63ccdfe3f49abedf184943680218ddb86a5e6845e01,False,insufficient_flower_pixels;horizontal_flip_mask_instability;horizontal_flip_colour_instability,0,253636,0.0,inf,0,0,0.0,2,2,0,0,2,0,0,0,0,0
train,215,000252.jpg,89fca7e19b21ee19d73372b7e3d89728fb91c400be76f431fb63d7d9c40737d0,False,insufficient_flower_pixels;horizontal_flip_mask_instability;horizontal_flip_colour_instability,0,2306,0.0,inf,0,0,0.0,4,4,0,0,4,0,0,0,0,0
train,216,000250.jpg,a72e0974d761f06eb9c24ed4f50a69e980a76152ee747cd0f7d7ad84b27fafe9,False,insufficient_flower_pixels;horizontal_flip_mask_instability;horizontal_flip_colour_instability,60,73255,0.2885572139303483,18.15035057067871,60,22,0.36666666666666664,39,39,0,1,39,0,0,1,0,0
train,217,000249.jpg,b044a119777c0a0d85a50be728364f6bf71058a488106d097c43a5e1d62e21d3,False,insufficient_flower_pixels;horizontal_flip_mask_instability;horizontal_flip_colour_instability,0,9616,0.0,inf,0,0,0.0,10,10,0,0,10,0,0,0,0,0
train,218,000248.jpg,fb85c9a56dae4e22c517253ee76799679f2a6172a1c97a64769e12d8cdd6b036,False,insufficient_flower_pixels;horizontal_flip_mask_instability;horizontal_flip_colour_instability,0,4897,0.0,inf,0,0,0.0,12,12,0,0,12,0,0,0,0,0
train,219,000247.jpg,e829e2ca72d37810764855ff49828700faf161536cd4e0375898aa8fa48409bd,False,insufficient_flower_pixels;horizontal_flip_mask_instability;horizontal_flip_colour_instability,0,1617,0.0,inf,0,0,0.0,5,5,0,0,5,0,0,0,0,0
train,220,000245.jpg,1018d63f2fb92cf6969849e39c231c859e6afca45465fcdf5ddbeb52f25a77d2,False,horizontal_flip_colour_instability,24386,198809,0.5862774220252733,11.278887748718262,24386,18324,0.7514147461658328,21,21,0,17,10,11,0,6,11,0
train,221,000244.jpg,8e68ef56a3bec03a49c66ebf16cebd340c68e13a480cbc53e62863213ead3b3b,False,insufficient_flower_pixels;horizontal_flip_mask_instability;horizontal_flip_colour_instability,0,243753,0.0,inf,0,0,0.0,3,3,0,0,3,0,0,0,0,0
train,222,000242.jpg,8425bd9170b86438ccf79ba3257b6d378f01fad1e8e236f07210f27646aefb1b,False,insufficient_flower_pixels;horizontal_flip_mask_instability;horizontal_flip_colour_instability,0,1078,0.0,inf,0,0,0.0,1,1,0,0,1,0,0,0,0,0
train,223,000241.jpg,9e42bbda529a7917a71f464d35d0a0cf12c05a713f0f7314644165ff9f5c1405,False,insufficient_flower_pixels;horizontal_flip_mask_instability;horizontal_flip_colour_instability,0,261555,0.0,inf,0,0,0.0,11,11,0,0,9,2,0,0,0,0
train,224,000239.jpg,fa5f87f94e509972d841929e6d9b0c32f901f79e3aa368659dcff3edbcb7e1b7,False,insufficient_flower_pixels;horizontal_flip_mask_instability;horizontal_flip_colour_instability,0,262144,0.0,inf,0,0,0.0,17,17,0,0,13,4,0,0,0,0
train,225,000237.jpg,2b6054e7bc6bf3c42fdcd811e73214ed624da4d5ea92bb8892a2d311b5d5a2a7,False,insufficient_flower_pixels;horizontal_flip_mask_instability;horizontal_flip_colour_instability,0,262144,0.0,inf,0,0,0.0,12,12,0,0,9,3,0,0,0,0
train,226,000236.jpg,89cb5d200f13b70bb7570f8ed605da0a1a0d0fee80567f6cda90431c7292d37b,False,insufficient_flower_pixels;horizontal_flip_mask_instability;horizontal_flip_colour_instability,0,262144,0.0,inf,0,0,0.0,11,11,0,0,11,0,0,0,0,0
train,227,000234.jpg,d3f8d5c0d02ab04404fb603aa895b5b631dbe9a0a9cb738711eb8218ab6a597f,False,insufficient_flower_pixels;horizontal_flip_mask_instability;horizontal_flip_colour_instability,0,245272,0.0,inf,0,0,0.0,14,14,0,0,9,5,0,0,0,0
train,228,000232.jpg,5074781f1fd538391f8a132eb400e45088fb602fe6d5a3326e2626cd9a88c6e8,False,insufficient_flower_pixels;horizontal_flip_mask_instability;horizontal_flip_colour_instability,0,245535,0.0,inf,0,0,0.0,8,8,0,0,7,1,0,0,0,0
train,229,000231.jpg,daebe776f230d5e40b91f9595bed9aa35e495ab1f57efc487c2b29c79138c473,False,insufficient_flower_pixels;horizontal_flip_mask_instability;horizontal_flip_colour_instability,0,260623,0.0,inf,0,0,0.0,2,2,0,0,1,1,0,0,0,0
train,230,000229.jpg,092cb245de12f482a772efc11284fecb1b5013d13f1ae059cc4c0fadfc29877a,False,horizontal_flip_mask_instability,401,193958,0.32567049808429116,4.103402614593506,401,401,1.0,28,28,0,4,27,1,0,4,0,0
train,231,000228.jpg,9a0037da412d6a5254dfcff4eec423847fc39318a97924b3e1da29e94fd3614c,False,insufficient_flower_pixels;horizontal_flip_mask_instability;horizontal_flip_colour_instability,0,262144,0.0,inf,0,0,0.0,9,9,0,0,9,0,0,0,0,0
train,232,000225.jpg,3ed005bd21a7f7da89a57993bd0807233f5e96e558ac2c7988e6f1d1181096f7,False,insufficient_flower_pixels;horizontal_flip_mask_instability;horizontal_flip_colour_instability,0,259530,0.0,inf,0,0,0.0,2,2,0,0,2,0,0,0,0,0
train,233,000224.jpg,fc6ee4040bd61bac70edc98b993ca81ace7538d362c0ffdab8bca7c45cc88612,False,insufficient_flower_pixels;horizontal_flip_mask_instability;horizontal_flip_colour_instability,0,262144,0.0,inf,0,0,0.0,11,11,0,0,6,5,0,0,0,0
train,234,000223.jpg,f469efd5cdebfe2b6dbd950f2eaadef1a9c55ea3913bf76533b1767be3f2bc39,False,insufficient_flower_pixels;horizontal_flip_mask_instability;horizontal_flip_colour_instability,18,262126,0.0,inf,18,18,1.0,11,11,0,0,5,6,0,0,0,0
train,235,000218.jpg,9475b61fa35f5bafca5b09674f104d4c51098f0abbb60c90e581e5be19656f0b,False,horizontal_flip_mask_instability,3675,54505,0.40274672628553176,2.7068915367126465,3675,1839,0.5004081632653061,23,23,0,12,23,0,0,12,0,0
train,236,000217.jpg,9735f511824bc43522d5fb553b65971eff55787b523d791dd6b37b61cc8d06ef,False,insufficient_flower_pixels;insufficient_plant_background_control_pixels;horizontal_flip_mask_instability;horizontal_flip_colour_instability,78,0,0.07435653002859867,40.28522872924805,78,78,1.0,49,49,0,1,49,0,0,1,0,0
train,237,000216.jpg,bfd11a8c770ba9930938358d5c8e41fc8b314141a20293757475f0a159a64ab2,False,insufficient_flower_pixels;horizontal_flip_mask_instability;horizontal_flip_colour_instability,0,261508,0.0,inf,0,0,0.0,2,2,0,0,2,0,0,0,0,0
train,238,000214.jpg,d46134cefdbaedefe8241abfc0f8d4f4ea2f2544f78f82c332d84736b4b3d993,False,insufficient_flower_pixels;horizontal_flip_mask_instability;horizontal_flip_colour_instability,0,45010,0.0,inf,0,0,0.0,3,3,0,0,3,0,0,0,0,0
train,239,000212.jpg,bee3c3e24fb731ff75a0cbdbedd3ec54827eca93401acd150b48e67dfed2537b,False,insufficient_flower_pixels;horizontal_flip_mask_instability;horizontal_flip_colour_instability,0,28959,0.0,inf,0,0,0.0,5,5,0,0,4,1,0,0,0,0
train,240,000211.jpg,3486265d7dfb7e9cef21b77b0884b3b7a21b72692f53184e2dff011b88272719,False,insufficient_flower_pixels;insufficient_plant_background_control_pixels;horizontal_flip_mask_instability;horizontal_flip_colour_instability,0,41,0.0,inf,0,0,0.0,6,6,0,0,5,1,0,0,0,0
train,241,000210.jpg,50bfd03e2a2a3c89f353e178bb3ff486a9133adaa0f6bddb49793ec5031bd205,False,insufficient_flower_pixels;horizontal_flip_mask_instability;horizontal_flip_colour_instability,0,1533,0.0,inf,0,0,0.0,2,2,0,0,2,0,0,0,0,0
train,242,000208.jpg,7448eda7d62ec24feab8829abfd97f5e43f0e1d3f0ad22f3f36d0ae919a256f7,True,,13896,243934,0.6283622311486246,2.1127912998199463,13896,13848,0.9965457685664939,20,20,0,7,9,11,0,0,7,0
train,243,000206.jpg,f6ff75cd6b49ffd50cc24eaaa5a8d87385f0515c595a6bbbfadf51601ab12bac,False,horizontal_flip_mask_instability;horizontal_flip_colour_instability,13755,248331,0.49047386419149974,6.1498284339904785,13755,13122,0.9539803707742639,27,27,0,9,16,11,0,1,8,0
train,244,000205.jpg,407730e03012379bc9a53be2fffd9a85b625670e592a11ef350c65e7e06b37a5,True,,52546,209584,0.5189588462891312,0.8731351494789124,52546,3962,0.07540060137784037,15,15,0,11,14,1,0,10,1,0
train,245,000202.jpg,3940ec274063e3ae84ea52202b135edbefda0a20b7e9e94791fc5a0656578d8b,False,horizontal_flip_mask_instability;horizontal_flip_colour_instability,76193,101044,0.3727660346548127,12.416153907775879,76193,19391,0.254498444739018,28,28,0,26,21,7,0,19,7,0
train,246,000201.jpg,d305b905f66e2a12fd5935e42a5cd7e41ac92595a73490520d36e8834538b93d,False,insufficient_flower_pixels;horizontal_flip_mask_instability;horizontal_flip_colour_instability,0,149170,0.0,inf,0,0,0.0,2,2,0,0,2,0,0,0,0,0
train,247,000200.jpg,6a6844def1e9d020051ec64abe7e05676efa20345d537fc369e0223b661890fa,False,insufficient_flower_pixels;horizontal_flip_mask_instability;horizontal_flip_colour_instability,0,42668,0.0,inf,0,0,0.0,2,2,0,0,2,0,0,0,0,0
train,248,000198.jpg,06cc9abaa42eaf4fb543d3270406c4cadfe3cc1d2f071aa8e006fd4eb0719ec8,False,insufficient_flower_pixels;horizontal_flip_mask_instability;horizontal_flip_colour_instability,0,261330,0.0,inf,0,0,0.0,6,6,0,0,6,0,0,0,0,0
train,249,000197.jpg,775cea254b6870c3e7a649d7bcbe355988ac0c2d25b45044cedd736535f86aea,False,insufficient_flower_pixels;horizontal_flip_mask_instability;horizontal_flip_colour_instability,0,262144,0.0,inf,0,0,0.0,3,3,0,0,3,0,0,0,0,0
train,250,000194.jpg,8d80d84ac3a610adcdc021180b87e3b158518e7f277d3c4045e44bd4452a129b,False,insufficient_flower_pixels;horizontal_flip_mask_instability;horizontal_flip_colour_instability,0,195683,0.0,inf,0,0,0.0,11,11,0,0,11,0,0,0,0,0
train,251,000193.jpg,e0e7528c7f35b4ff440a550fea1ef690911be32f348fd15a0d8f5712caefe1da,False,insufficient_flower_pixels;horizontal_flip_mask_instability;horizontal_flip_colour_instability,0,240552,0.0,inf,0,0,0.0,6,6,0,0,6,0,0,0,0,0
train,252,000192.jpg,abc9b98257a49b52d3d3d00e57d893890556a507363b2995dd8468dadf8a7c88,False,insufficient_flower_pixels;horizontal_flip_mask_instability;horizontal_flip_colour_instability,0,226469,0.0,inf,0,0,0.0,2,2,0,0,2,0,0,0,0,0
train,253,000190.jpg,8b5adb6fad84faa6651c7fc03ac811322427d137bdb5e406ff82fd52df946289,False,insufficient_flower_pixels;horizontal_flip_mask_instability;horizontal_flip_colour_instability,0,6406,0.0,inf,0,0,0.0,5,5,0,0,5,0,0,0,0,0
train,254,000189.jpg,ce5086b8e52bdc6b30c53ea833e841f4572e11b7a0373a8f22e5239027da0479,False,insufficient_flower_pixels;horizontal_flip_mask_instability;horizontal_flip_colour_instability,0,237667,0.0,inf,0,0,0.0,6,6,0,0,6,0,0,0,0,0
train,255,000188.jpg,64a48bbe0c28254a87fdf246e27b18d9aabf4468d049126fd5619d7aeef8e1b6,False,insufficient_flower_pixels;horizontal_flip_mask_instability;horizontal_flip_colour_instability,0,167249,0.0,inf,0,0,0.0,7,7,0,0,7,0,0,0,0,0
train,256,000187.jpg,9794992146523ee3f7d670ab6b75edaa12a0d3d285db2901e6aeb0a05ecd9792,False,insufficient_flower_pixels;horizontal_flip_mask_instability;horizontal_flip_colour_instability,0,52887,0.0,inf,0,0,0.0,12,12,0,0,12,0,0,0,0,0
train,257,000186.jpg,d938b40cc743de9dc6e54fa110668a2ddc482e98596c1820a4d204b5431fd4d6,False,insufficient_flower_pixels;horizontal_flip_mask_instability;horizontal_flip_colour_instability,0,134649,0.0,inf,0,0,0.0,3,3,0,0,3,0,0,0,0,0
train,258,000185.jpg,39f25dcee8f12b2d4c06ad395ce44bd97c97c5f0671357e0776b546368614866,False,insufficient_flower_pixels;horizontal_flip_mask_instability;horizontal_flip_colour_instability,0,244515,0.0,inf,0,0,0.0,2,2,0,0,2,0,0,0,0,0
train,259,000182.jpg,70a0fb9d67225db9f442a7b3436bb1221d6c4030730b41328036ad5139e41822,False,insufficient_flower_pixels;horizontal_flip_mask_instability;horizontal_flip_colour_instability,0,22623,0.0,inf,0,0,0.0,10,10,0,0,10,0,0,0,0,0
train,260,000181.jpg,3b9074a4fce13eb51c61bcbb1beb9a8deb91c828c190f1b63dabd5d5eb2c41ef,False,insufficient_flower_pixels;horizontal_flip_mask_instability;horizontal_flip_colour_instability,0,83082,0.0,inf,0,0,0.0,15,15,0,0,15,0,0,0,0,0
train,261,000180.jpg,2775eadfbc759a260fd95167c783d922cc434f227238d49245b9d92fda640049,False,insufficient_flower_pixels;horizontal_flip_mask_instability;horizontal_flip_colour_instability,0,59358,0.0,inf,0,0,0.0,37,37,0,0,35,2,0,0,0,0
train,262,000179.jpg,6145a48b7fe33af18c79427829965ae6dde4683caf78dc2d991a89020a25d385,False,insufficient_flower_pixels;horizontal_flip_mask_instability;horizontal_flip_colour_instability,0,174656,0.0,inf,0,0,0.0,7,7,0,0,7,0,0,0,0,0
train,263,000175.jpg,96de27d9e1a0619d8a9f9d6abc9d1027f3d259df4f60a4ce53f322dc449267f6,False,horizontal_flip_colour_instability,88934,173210,0.6315640048482731,7.854285717010498,88934,41556,0.4672678615602582,30,30,0,29,17,13,0,16,13,0
train,264,000174.jpg,a2245c2816e2e8fcfe99665ad8106f62f44c4b5bd8dbb1e2fd172e3590ab49ab,False,horizontal_flip_mask_instability;horizontal_flip_colour_instability,113,185397,0.0031464929134296772,21.527240753173828,113,111,0.9823008849557522,11,11,0,0,5,6,0,0,0,0
train,265,000172.jpg,378f2f6026da0dbfccce0e7012222864a0baa9fd1492a09ee55903240c9e3efd,False,insufficient_flower_pixels;horizontal_flip_mask_instability;horizontal_flip_colour_instability,0,262144,0.0,inf,0,0,0.0,3,3,0,0,3,0,0,0,0,0
train,266,000171.jpg,a867581752c3e53793f8bf9491bda776f545d24c2c9db98e7d80a766d3bfa198,False,insufficient_flower_pixels;horizontal_flip_mask_instability;horizontal_flip_colour_instability,0,211371,0.0,inf,0,0,0.0,10,10,0,0,10,0,0,0,0,0
train,267,000168.jpg,9fd245b9e2a5973a02163bd35df192156fd2954b527a7650d4a462cbcbfc93fe,False,insufficient_flower_pixels;horizontal_flip_mask_instability;horizontal_flip_colour_instability,0,262144,0.0,inf,0,0,0.0,19,19,0,0,13,6,0,0,0,0
train,268,000166.jpg,1e70a1a9248d9464594fc32cac7d43641bf0aa2a8e88e99f0e5a85dfc98c6951,False,insufficient_flower_pixels;horizontal_flip_mask_instability;horizontal_flip_colour_instability,0,262144,0.0,inf,0,0,0.0,18,18,0,0,11,5,2,0,0,0
train,269,000164.jpg,afc8e3ad50c66becdc5c3d5cdf0ab9f788d661adcc8888d8aec9cb6ea60f5880,False,insufficient_flower_pixels;insufficient_plant_background_control_pixels;horizontal_flip_mask_instability;horizontal_flip_colour_instability,0,0,0.0,inf,0,0,0.0,9,9,0,0,9,0,0,0,0,0
train,270,000162.jpg,720f0ee46999f7f46153778c5ce5454863200f0fbe3bd5940c842b5dc260aac1,False,insufficient_flower_pixels;insufficient_plant_background_control_pixels;horizontal_flip_mask_instability;horizontal_flip_colour_instability,0,0,0.0,inf,0,0,0.0,10,10,0,0,10,0,0,0,0,0
train,271,000161.jpg,0f5f5c0fa6ed6241fb821091d30f66bbc10efe18bb50bba5fe244eba55844bfc,False,insufficient_flower_pixels;horizontal_flip_mask_instability;horizontal_flip_colour_instability,0,262144,0.0,inf,0,0,0.0,8,8,0,0,8,0,0,0,0,0
train,272,000159.jpg,896c5c6345610ae2a8446995e59f01c5e34594a1ec90821239d2d258e6612507,False,insufficient_flower_pixels;insufficient_plant_background_control_pixels;horizontal_flip_mask_instability;horizontal_flip_colour_instability,0,0,0.0,inf,0,0,0.0,12,12,0,0,12,0,0,0,0,0
train,273,000158.jpg,412e1879aaa5480601021fb666f34deb15eb1877d54d6e3cf6efeee03c868693,False,insufficient_flower_pixels;insufficient_plant_background_control_pixels;horizontal_flip_mask_instability;horizontal_flip_colour_instability,0,0,0.0,inf,0,0,0.0,7,7,0,0,7,0,0,0,0,0
train,274,000157.jpg,285a19883fa6a53643c343c86aaaa15f695e6d9bc6a7533cd9682e32b44cc87a,False,insufficient_flower_pixels;horizontal_flip_mask_instability;horizontal_flip_colour_instability,0,209555,0.0,inf,0,0,0.0,7,7,0,0,7,0,0,0,0,0
train,275,000156.jpg,72ff9530dde57d1bd8e970492d46c577a65f9367acb34b1dcaf75ea4144d2b83,False,insufficient_flower_pixels;horizontal_flip_mask_instability;horizontal_flip_colour_instability,0,255617,0.0,inf,0,0,0.0,2,2,0,0,2,0,0,0,0,0
train,276,000154.jpg,4fe8245986d96d3f80f030d5d1974641fc451aa2b673354602b1cf0228902039,False,insufficient_flower_pixels;insufficient_plant_background_control_pixels;horizontal_flip_mask_instability;horizontal_flip_colour_instability,0,0,0.0,inf,0,0,0.0,13,13,0,0,13,0,0,0,0,0
train,277,000153.jpg,2f057b699b521c8f3f185dd432381efb63818e85e359dbab1860574920c861d8,False,insufficient_flower_pixels;insufficient_plant_background_control_pixels;horizontal_flip_mask_instability;horizontal_flip_colour_instability,0,7,0.0,inf,0,0,0.0,8,8,0,0,6,2,0,0,0,0
train,278,000150.jpg,5173504c8b6e1c03f45cfd92a820571961fd08926e18a28899d6678862cf5f5b,False,insufficient_flower_pixels;horizontal_flip_mask_instability;horizontal_flip_colour_instability,0,6655,0.0,inf,0,0,0.0,15,15,0,0,15,0,0,0,0,0
train,279,000149.jpg,699d2d8482033791a76e0674eb2e9132dbff99c8eff932e8d7714325c860c0aa,False,insufficient_flower_pixels;insufficient_plant_background_control_pixels;horizontal_flip_mask_instability;horizontal_flip_colour_instability,0,0,0.0,inf,0,0,0.0,6,6,0,0,6,0,0,0,0,0
train,280,000146.jpg,1c4033fe65198c686529126ada1077c93f41ed9969d49a8fa67b607e8fc4d8e5,False,insufficient_flower_pixels;insufficient_plant_background_control_pixels;horizontal_flip_mask_instability;horizontal_flip_colour_instability,0,0,0.0,inf,0,0,0.0,16,16,0,0,15,1,0,0,0,0
train,281,000145.jpg,85bf3e4a1131523c831036ecd73f82d37a98c2fc9818dc40aa45ba5289928355,False,insufficient_flower_pixels;horizontal_flip_mask_instability;horizontal_flip_colour_instability,0,25465,0.0,inf,0,0,0.0,1,1,0,0,1,0,0,0,0,0
train,282,000144.jpg,a32e8b3033d5bf9c12280400cd0b8f86b717dc6e08ac40f592d06726aeb36e50,False,insufficient_flower_pixels;insufficient_plant_background_control_pixels;horizontal_flip_mask_instability;horizontal_flip_colour_instability,0,0,0.0,inf,0,0,0.0,9,9,0,0,9,0,0,0,0,0
train,283,000143.jpg,dd61306d9823587254e59a7da1e68bfe30e88f56bd4ac2fe6b2245147d17244d,False,insufficient_flower_pixels;insufficient_plant_background_control_pixels;horizontal_flip_mask_instability;horizontal_flip_colour_instability,0,0,0.0,inf,0,0,0.0,6,6,0,0,6,0,0,0,0,0
train,284,000142.jpg,bb8902c0a6ce91a71ce078be45a670201f67ac32684b9e9a414c67baed1aa42e,False,insufficient_flower_pixels;insufficient_plant_background_control_pixels;horizontal_flip_mask_instability;horizontal_flip_colour_instability,0,0,0.0,inf,0,0,0.0,1,1,0,0,0,1,0,0,0,0
train,285,000141.jpg,638485940580db51b89a68e9e98fe2a471672b3227d0aa3fb77c3f1d65f145dc,False,insufficient_flower_pixels;horizontal_flip_mask_instability;horizontal_flip_colour_instability,0,127,0.0,inf,0,0,0.0,1,1,0,0,1,0,0,0,0,0
train,286,000139.jpg,11de8a1173c4dca51849f80f411e54d1e1edc4867af4985717b51b07f602d461,False,insufficient_flower_pixels;horizontal_flip_mask_instability;horizontal_flip_colour_instability,0,17800,0.0,inf,0,0,0.0,2,2,0,0,2,0,0,0,0,0
train,287,000138.jpg,74e42dc64ea511fbe491d6bff25aa05101fa9cd428b6f79be246dea198ffdaaf,False,insufficient_flower_pixels;horizontal_flip_mask_instability;horizontal_flip_colour_instability,0,109826,0.0,inf,0,0,0.0,1,1,0,0,1,0,0,0,0,0
train,288,000137.jpg,1823bec3e3e2c66d77b0cb208cfda206f12edb6425b1ec7ca8ee4225e42661da,False,insufficient_flower_pixels;horizontal_flip_mask_instability;horizontal_flip_colour_instability,0,262144,0.0,inf,0,0,0.0,7,7,0,0,7,0,0,0,0,0
train,289,000135.jpg,8fe384cdeff9b21500cdd7a747665e1fcb9222cf96fbbf2fc0dc911744aee782,False,insufficient_flower_pixels;horizontal_flip_mask_instability;horizontal_flip_colour_instability,0,262144,0.0,inf,0,0,0.0,16,16,0,0,16,0,0,0,0,0
train,290,000133.jpg,0eec918fca9e80effdd1ccde2c43b2ad8e963cf98616c69472183e98bb2529a7,False,insufficient_flower_pixels;horizontal_flip_mask_instability;horizontal_flip_colour_instability,0,222433,0.0,inf,0,0,0.0,13,13,0,0,11,1,1,0,0,0
train,291,000132.jpg,9397ad64a3b181683269f785dda60213c054386d45fb9b7351e23827b108035d,False,insufficient_flower_pixels;horizontal_flip_mask_instability;horizontal_flip_colour_instability,0,213225,0.0,inf,0,0,0.0,12,12,0,0,11,1,0,0,0,0
train,292,000131.jpg,af0161ec19f59b4c356ef012a871a02401b431e066e6c3239e5cef9462e3b8ba,False,insufficient_flower_pixels;horizontal_flip_mask_instability;horizontal_flip_colour_instability,0,243377,0.0,inf,0,0,0.0,14,14,0,0,12,2,0,0,0,0
train,293,000130.jpg,3e32267f3dbad7368ada13165d5f70760da5e690df4911b6c4d60c219e8110a0,False,insufficient_flower_pixels;insufficient_plant_background_control_pixels;horizontal_flip_mask_instability;horizontal_flip_colour_instability,0,16,0.0,inf,0,0,0.0,2,2,0,0,2,0,0,0,0,0
train,294,000128.jpg,0ada1c9c0b56e359cfb2879ad79dfd611d70fa823029733989c5413960001ba2,False,insufficient_flower_pixels;insufficient_plant_background_control_pixels;horizontal_flip_mask_instability;horizontal_flip_colour_instability,0,0,0.0,inf,0,0,0.0,8,8,0,0,6,2,0,0,0,0
train,295,000127.jpg,a8054896b57f7628caf7e9f0c6345e83d58464dfd8dc2307da0fdfa65546e58e,False,insufficient_flower_pixels;horizontal_flip_mask_instability;horizontal_flip_colour_instability,0,241361,0.0,inf,0,0,0.0,4,4,0,0,3,1,0,0,0,0
train,296,000125.jpg,5541aa3edb75a2c3e551e2d0a38e3332e4f66a11b76b06bff7fb5dead6a30cd0,False,insufficient_flower_pixels;insufficient_plant_background_control_pixels;horizontal_flip_mask_instability;horizontal_flip_colour_instability,0,0,0.0,inf,0,0,0.0,33,33,0,0,33,0,0,0,0,0
train,297,000123.jpg,dfb3e39b35728d9900c8d19e08b3ea2bcbd7260a48db2749fb90f6f635016115,False,insufficient_flower_pixels;horizontal_flip_mask_instability;horizontal_flip_colour_instability,0,4028,0.0,inf,0,0,0.0,64,64,0,0,64,0,0,0,0,0
train,298,000119.jpg,8504ba72746f59ce253eb9796663f55fce8508e0f7b378560e085e0f716c3c8a,False,insufficient_flower_pixels;horizontal_flip_mask_instability;horizontal_flip_colour_instability,0,138042,0.0,inf,0,0,0.0,1,1,0,0,0,0,1,0,0,0
train,299,000118.jpg,08b88c300f5d28cc9f02502970a78b125dac5cc026c003ca4245b58924866302,False,insufficient_flower_pixels;horizontal_flip_mask_instability;horizontal_flip_colour_instability,0,1506,0.0,inf,0,0,0.0,6,6,0,0,2,4,0,0,0,0
train,300,000117.jpg,1fa3455876987d2f6fc43003c73ca803eab4f681eb2d241b853b6b456990f99a,False,insufficient_flower_pixels;horizontal_flip_mask_instability;horizontal_flip_colour_instability,0,21667,0.0,inf,0,0,0.0,8,8,0,0,7,1,0,0,0,0
train,301,000116.jpg,760192f7779805d9dd9121348290bd2a0556c618c4462596c2c2f1b048686b62,False,insufficient_flower_pixels;insufficient_plant_background_control_pixels;horizontal_flip_mask_instability;horizontal_flip_colour_instability,0,0,0.0,inf,0,0,0.0,2,2,0,0,2,0,0,0,0,0
train,302,000114.jpg,e81c3177300f473711d202fb77afaab38f444bda416632feb04d0e1e3f91374e,True,,134401,127743,0.7659100657496577,1.593599796295166,134401,2741,0.02039419349558411,4,4,0,4,4,0,0,4,0,0
train,303,000112.jpg,ef692a1612fb6a290617969d6fd0e1a5ac95d860859c395a9603c0064ea0a72b,False,insufficient_flower_pixels;horizontal_flip_mask_instability;horizontal_flip_colour_instability,0,262144,0.0,inf,0,0,0.0,10,10,0,0,10,0,0,0,0,0
train,304,000111.jpg,cc21161b278bee0e5e749876f5928e5c65f000f822fef3946f1f98d1e9add090,False,insufficient_flower_pixels;horizontal_flip_mask_instability;horizontal_flip_colour_instability,0,260059,0.0,inf,0,0,0.0,1,1,0,0,0,1,0,0,0,0
train,305,000110.jpg,715b484f71ce145ead294f81bdc4791ba54039440294999949b82ee664086fe6,True,,56101,206043,0.5025904643996179,0.6589557528495789,56101,11376,0.20277713409743142,5,5,0,5,0,5,0,0,5,0
train,306,000105.jpg,96ba0cc09d80b5ddd99fa507d9f65d334bb9d2954702fc72a0e6fb2a8c942786,False,horizontal_flip_mask_instability;horizontal_flip_colour_instability,838,3539,0.3902838427947598,10.507622718811035,838,538,0.6420047732696897,61,61,0,5,61,0,0,5,0,0
train,307,000104.jpg,250a99225860e88500806d389a7cdc19800c736f2530c646f928c0682ef096d5,False,horizontal_flip_mask_instability;horizontal_flip_colour_instability,449,1662,0.051224944320712694,35.7344856262207,449,388,0.8641425389755011,44,44,0,5,44,0,0,5,0,0
train,308,000103.jpg,7047309c7c09b4365f91144115656c007d8ad4e3285ef41ed7bd51645bc89fb4,False,insufficient_flower_pixels;insufficient_plant_background_control_pixels;horizontal_flip_mask_instability;horizontal_flip_colour_instability,0,0,0.0,inf,0,0,0.0,41,41,0,0,40,1,0,0,0,0
train,309,000100.jpg,5fb0336e3a084442dd156aed34825621e0a1308097b516714142e3cdbf47102b,False,insufficient_flower_pixels;horizontal_flip_mask_instability;horizontal_flip_colour_instability,0,79714,0.0,inf,0,0,0.0,35,35,0,0,34,1,0,0,0,0
train,310,000099.jpg,ebd98af6190d27423a8a35df749d744d1053d2aa8d10c8399e03313bae1a1d51,False,insufficient_flower_pixels;horizontal_flip_mask_instability;horizontal_flip_colour_instability,0,254071,0.0,inf,0,0,0.0,26,26,0,0,26,0,0,0,0,0
train,311,000098.jpg,cfd2c93094364b5b8ee06f2a8bb4dfe17249132dda34986a87ee34297916182c,False,insufficient_flower_pixels;horizontal_flip_mask_instability;horizontal_flip_colour_instability,0,72654,0.0,inf,0,0,0.0,12,12,0,0,9,3,0,0,0,0
train,312,000095.jpg,450125fa97de13c87fb774e5dcf62decf7cb15987d6df9567113fbbac418eadb,False,insufficient_flower_pixels;horizontal_flip_mask_instability;horizontal_flip_colour_instability,0,2315,0.0,inf,0,0,0.0,17,17,0,0,17,0,0,0,0,0
train,313,000094.jpg,9a2a7d188205ab0542419ee48235a47bc05bf98e70d2fdd4af2c1efd68ca7e93,False,insufficient_flower_pixels;horizontal_flip_mask_instability;horizontal_flip_colour_instability,0,198848,0.0,inf,0,0,0.0,15,15,0,0,15,0,0,0,0,0
train,314,000091.jpg,942ed0209e72e59d09d73106d51265dc27e376861ba33816c7e10d20cacfff8a,False,insufficient_flower_pixels;insufficient_plant_background_control_pixels;horizontal_flip_mask_instability;horizontal_flip_colour_instability,0,0,0.0,inf,0,0,0.0,14,14,0,0,14,0,0,0,0,0
train,315,000088.jpg,970c36b1a6548a6c2f8d5866d332cb3228110e638757dac420b5ee75efd258b3,False,insufficient_flower_pixels;insufficient_plant_background_control_pixels;horizontal_flip_mask_instability;horizontal_flip_colour_instability,0,0,0.0,inf,0,0,0.0,24,24,0,0,24,0,0,0,0,0
train,316,000086.jpg,d1d3e3f9c2948e3e85a216aefb9c897e2470cd026e290efdf5c5d1143336cf90,True,,254604,7425,0.9685788177625552,0.21693803369998932,254604,90143,0.35405178237576784,49,49,0,48,20,29,0,19,29,0
train,317,000084.jpg,c29f008fb4b26cd7a9e9ad199a367ad6602033d27932a3b1ed7a5971bb10d6d7,True,,261291,853,0.9870834350585938,0.0687926858663559,261291,107168,0.41014807245561463,50,50,0,50,11,39,0,11,39,0
train,318,000082.jpg,98dba9441ef930d32b688224c66de17af1bc68bf2c422e919e7a6965a789674c,False,insufficient_flower_pixels;horizontal_flip_mask_instability;horizontal_flip_colour_instability,0,91078,0.0,inf,0,0,0.0,14,14,0,0,14,0,0,0,0,0
train,319,000081.jpg,d53a523e73a4578f9f6423e3da95cff1967d22aef9af1ac38931d2a020cae639,False,insufficient_flower_pixels;horizontal_flip_mask_instability;horizontal_flip_colour_instability,0,3091,0.0,inf,0,0,0.0,6,6,0,0,6,0,0,0,0,0
train,320,000079.jpg,f48581046f1024aa8bb931f552ba599dae981f02e62195f791431169412296c6,False,insufficient_flower_pixels;horizontal_flip_mask_instability;horizontal_flip_colour_instability,0,3961,0.0,inf,0,0,0.0,154,154,0,0,144,10,0,0,0,0
train,321,000077.jpg,ffdc849fdeabf79493a2d192644b0534fd6c706cb58e30eb6c8c105763980078,False,insufficient_flower_pixels;insufficient_plant_background_control_pixels;horizontal_flip_mask_instability;horizontal_flip_colour_instability,0,0,0.0,inf,0,0,0.0,134,134,0,0,130,4,0,0,0,0
train,322,000497.jpg,12324bb0541c55912b297e25e767011e24b475f4d52080e6ff71934d9b7f62e8,False,insufficient_flower_pixels;insufficient_plant_background_control_pixels;horizontal_flip_mask_instability;horizontal_flip_colour_instability,0,0,0.0,inf,0,0,0.0,5,5,0,0,4,1,0,0,0,0
train,323,000494.jpg,65d4d43fb589456ee89257c82b893c9ba55da620d1190fe848ef14c51c8a6f97,False,horizontal_flip_mask_instability;horizontal_flip_colour_instability,3081,5159,0.3290540540540541,5.030373573303223,3081,2958,0.9600778967867576,32,32,0,6,26,6,0,4,2,0
train,324,000491.jpg,04c06d295a7a66561d55695e03d2728841af8efa2fbd6119d51a61a898e76288,False,horizontal_flip_mask_instability;horizontal_flip_colour_instability,4931,158594,0.18390948563794254,13.981461524963379,4931,3990,0.8091664976678159,35,35,0,15,29,6,0,12,3,0
train,325,000488.jpg,477b04acb067028ab6ee21d572b4098b7d51ec43d12cf5e1adc02bdfc1a439ce,False,insufficient_flower_pixels;horizontal_flip_mask_instability;horizontal_flip_colour_instability,0,2464,0.0,inf,0,0,0.0,1,1,0,0,1,0,0,0,0,0
train,326,000487.jpg,144cd15ed267392d4677988fd47728604763143b2c1b5da931b3e42d66f31dcb,False,insufficient_flower_pixels;horizontal_flip_mask_instability;horizontal_flip_colour_instability,0,99930,0.0,inf,0,0,0.0,4,4,0,0,3,1,0,0,0,0
train,327,000486.jpg,b05e2fe3d604f0d6c9628bb36751c9499c1c60f6f8110a62ee3be7d2571f9beb,False,insufficient_flower_pixels;horizontal_flip_mask_instability;horizontal_flip_colour_instability,0,5016,0.0,inf,0,0,0.0,6,6,0,0,6,0,0,0,0,0
train,328,000484.jpg,37af24ba74eaa7f8aacd1fdf1fd418d69b704471c2290b8c36dd2d064eb5250d,False,insufficient_flower_pixels;horizontal_flip_mask_instability;horizontal_flip_colour_instability,0,227935,0.0,inf,0,0,0.0,2,2,0,0,2,0,0,0,0,0
train,329,000483.jpg,4d19df0545e2fbe8d820404dcdc1d4af527d017d7e49c93197b9d2536d8cdf93,False,insufficient_flower_pixels;horizontal_flip_mask_instability;horizontal_flip_colour_instability,0,89088,0.0,inf,0,0,0.0,26,26,0,0,25,1,0,0,0,0
train,330,000481.jpg,cc164fc2e12a8189b9d1ddff72a121e022afb3da2e859dd95be053f252ba52d7,False,horizontal_flip_mask_instability,1194,260950,0.4852589641434263,4.272680759429932,1194,0,0.0,69,69,0,0,69,0,0,0,0,0
train,331,000478.jpg,08676b792a12a6c210932aa6ea391685132cb13ef65f1987902f63608e875533,False,insufficient_flower_pixels;horizontal_flip_mask_instability;horizontal_flip_colour_instability,0,261730,0.0,inf,0,0,0.0,17,17,0,0,17,0,0,0,0,0
train,332,000476.jpg,2887bfa697d13206c5fa484be4c4c9e0dce205bd1dd1b23dfa84b1ebb80976c2,False,insufficient_flower_pixels;horizontal_flip_mask_instability;horizontal_flip_colour_instability,0,259333,0.0,inf,0,0,0.0,13,13,0,0,12,1,0,0,0,0
train,333,000475.jpg,fcef7f6a0edf9ac01fb0c3697e12300cbcf5d89f342a74c35f468d6246230463,False,insufficient_flower_pixels;horizontal_flip_mask_instability;horizontal_flip_colour_instability,0,259144,0.0,inf,0,0,0.0,40,40,0,0,20,20,0,0,0,0
train,334,000472.jpg,c98f9aa33ce15dcb420c72753c6c6eae66f944e73cef1e4d9bd79bbe1ca52041,False,insufficient_flower_pixels;horizontal_flip_mask_instability;horizontal_flip_colour_instability,0,262144,0.0,inf,0,0,0.0,34,34,0,0,23,11,0,0,0,0
train,335,000469.jpg,af89628d1bcf3d92338fd2ffa4bb0b51e9fc1e2afa954cf2482165237cf7aedb,False,insufficient_flower_pixels;horizontal_flip_mask_instability;horizontal_flip_colour_instability,0,2446,0.0,inf,0,0,0.0,39,39,0,0,39,0,0,0,0,0
train,336,000468.jpg,cebde9e9228d6ad5a710cb4c840df584798dbe94129421e344213a29a4f1078e,False,horizontal_flip_mask_instability,9334,43047,0.20884637241901877,4.538406848907471,9334,2958,0.3169059352903364,60,60,0,30,60,0,0,30,0,0
train,337,000465.jpg,e1b4661fb8550b47a22c89ae090b72cd8390a27a103abc55459d76682b308c67,False,insufficient_flower_pixels;horizontal_flip_mask_instability;horizontal_flip_colour_instability,0,91453,0.0,inf,0,0,0.0,5,5,0,0,4,1,0,0,0,0
train,338,000464.jpg,179290b169599a2125db9d9c6f6a7d9c580c4a45f963ec6ddd10f231601d865e,False,insufficient_flower_pixels;horizontal_flip_mask_instability;horizontal_flip_colour_instability,0,38470,0.0,inf,0,0,0.0,4,4,0,0,3,1,0,0,0,0
train,339,000463.jpg,5339e8b83050312769087d33eaf39b5fe6e6c3ce96c9be2e8d2eb862e0be70d3,False,insufficient_flower_pixels;horizontal_flip_mask_instability;horizontal_flip_colour_instability,0,179327,0.0,inf,0,0,0.0,1,1,0,0,1,0,0,0,0,0
train,340,000462.jpg,9f9dee3e173d1e6c1da3a15703a3b73045481b2f84b3b29d81112085c7920c57,False,insufficient_flower_pixels;horizontal_flip_mask_instability;horizontal_flip_colour_instability,0,115834,0.0,inf,0,0,0.0,13,13,0,0,7,6,0,0,0,0
train,341,000461.jpg,a6aba7f2d233a5b0afbd5e05764e2c1bda16476f81cfc92bf9701e8640bf7caf,False,insufficient_flower_pixels;horizontal_flip_mask_instability;horizontal_flip_colour_instability,0,28111,0.0,inf,0,0,0.0,13,13,0,0,8,5,0,0,0,0
train,342,000457.jpg,8f1b26d0559d7b22a939fd9c514333b3904eef13b9dfe36a03c1d25f2a3f16b1,False,insufficient_flower_pixels;horizontal_flip_mask_instability;horizontal_flip_colour_instability,0,164332,0.0,inf,0,0,0.0,5,5,0,0,5,0,0,0,0,0
train,343,000455.jpg,d2ad77cc0986a460e2cf14fda325543a9ce5ea84edefcac2e676d9926d1fad54,False,insufficient_flower_pixels;horizontal_flip_mask_instability;horizontal_flip_colour_instability,0,179225,0.0,inf,0,0,0.0,3,3,0,0,3,0,0,0,0,0
train,344,000453.jpg,cbe1737f7b0edd7d6de82f862a26eabe68dcb228fec9057e06275537ff3aea6e,False,insufficient_flower_pixels;horizontal_flip_mask_instability;horizontal_flip_colour_instability,0,66829,0.0,inf,0,0,0.0,7,7,0,0,3,3,1,0,0,0
train,345,000451.jpg,729b5f9fbd40b9d7b9b0ec691fb21212ce280f0a5fb7a4d6e56e3ac43c091529,False,insufficient_flower_pixels;horizontal_flip_mask_instability;horizontal_flip_colour_instability,0,65579,0.0,inf,0,0,0.0,5,5,0,0,3,2,0,0,0,0
train,346,000449.jpg,c223ba3ef4cbd99a52b0e9980b280dfb9cf9665d30cc7f704c9da91520592848,False,insufficient_flower_pixels;horizontal_flip_mask_instability;horizontal_flip_colour_instability,0,201737,0.0,inf,0,0,0.0,2,2,0,0,2,0,0,0,0,0
train,347,000448.jpg,5b558bb9322c6c7f6e735954b2a8c401b1c5827dc79bacd38f119c88f7ee0bfa,False,insufficient_flower_pixels;horizontal_flip_mask_instability;horizontal_flip_colour_instability,0,262144,0.0,inf,0,0,0.0,1,1,0,0,1,0,0,0,0,0
train,348,000447.jpg,87e7903ce48737d63e6142d7a109347150d447944cd24a45e1aada58720346c6,False,insufficient_flower_pixels;horizontal_flip_mask_instability;horizontal_flip_colour_instability,0,261973,0.0,inf,0,0,0.0,6,6,0,0,6,0,0,0,0,0
train,349,000445.jpg,00c27f4e79e72a4fafde0a278241a1d8f86fe263fb72c6be9584e44ab34b944e,False,insufficient_flower_pixels;horizontal_flip_mask_instability;horizontal_flip_colour_instability,0,261492,0.0,inf,0,0,0.0,10,10,0,0,10,0,0,0,0,0
train,350,000444.jpg,581a7f8d7a31335f9002c55b38272ef70571b345ec0468155bdb95d9486030e8,False,insufficient_flower_pixels;horizontal_flip_mask_instability;horizontal_flip_colour_instability,0,262144,0.0,inf,0,0,0.0,2,3,1,0,2,0,0,0,0,0
train,351,000441.jpg,3bb2a9b30930bbc024d09d8a199e0b51bbbe27476503d575fabfac92b50a9e55,False,insufficient_flower_pixels;horizontal_flip_mask_instability;horizontal_flip_colour_instability,0,161396,0.0,inf,0,0,0.0,14,14,0,0,13,1,0,0,0,0
train,352,000440.jpg,c2eac837b9e4a3a7a7d0c1bb256e0ed41398776ea31fd45a222646bd920d655d,False,insufficient_flower_pixels;horizontal_flip_mask_instability;horizontal_flip_colour_instability,0,14688,0.0,inf,0,0,0.0,2,2,0,0,2,0,0,0,0,0
train,353,000439.jpg,f8f62736aaac9cbbfed952fce446e920101eeb3dca741b7050e0bf5cbf9b12a5,False,insufficient_flower_pixels;horizontal_flip_mask_instability;horizontal_flip_colour_instability,0,80483,0.0,inf,0,0,0.0,1,1,0,0,1,0,0,0,0,0
train,354,000438.jpg,0e78110ada24c481acfb62154f269f4370a10bbe34b8d61d54552c38dade7abb,False,insufficient_flower_pixels;horizontal_flip_mask_instability;horizontal_flip_colour_instability,0,71773,0.0,inf,0,0,0.0,1,1,0,0,1,0,0,0,0,0
train,355,000436.jpg,40f232218886e1eba55ed036776338a9832be0fb1670b908cc102392ca4a4755,False,insufficient_flower_pixels;horizontal_flip_mask_instability;horizontal_flip_colour_instability,0,14345,0.0,inf,0,0,0.0,1,1,0,0,1,0,0,0,0,0
train,356,000434.jpg,e7c953ffe30bafd84db15760fa55194d3e8afcd1b0424db83908468881d44735,False,insufficient_flower_pixels;horizontal_flip_mask_instability;horizontal_flip_colour_instability,0,261894,0.0,inf,0,0,0.0,12,12,0,0,12,0,0,0,0,0
train,357,000433.jpg,7c91bbce1d19bc37df6e7f9c8bc0f3f560c892819151b0994653c611d33ecd5b,False,insufficient_flower_pixels;horizontal_flip_mask_instability;horizontal_flip_colour_instability,0,262144,0.0,inf,0,0,0.0,22,22,0,0,22,0,0,0,0,0
train,358,000431.jpg,62bd875fb388e7758c824e6d08e2a36f6f92ca1562415a2c331e7e1f8b9811b8,False,insufficient_flower_pixels;horizontal_flip_mask_instability;horizontal_flip_colour_instability,0,262144,0.0,inf,0,0,0.0,5,5,0,0,5,0,0,0,0,0
train,359,000074.jpg,8e0c9f7acb4015a286fad230ab9beeab059a1b539eda8d6fa70270d18d7383ad,False,insufficient_flower_pixels;horizontal_flip_mask_instability;horizontal_flip_colour_instability,0,611,0.0,inf,0,0,0.0,72,72,0,0,71,1,0,0,0,0
train,360,000073.jpg,e7f6044e6bda5f4e6203d889f94aa8f26fd2fb820e385347b14a0042d3a0425a,False,insufficient_flower_pixels;horizontal_flip_mask_instability;horizontal_flip_colour_instability,0,2953,0.0,inf,0,0,0.0,88,88,0,0,88,0,0,0,0,0
train,361,000072.jpg,a390577a68b545c20829e61579f48f49e0baa4ae447d0d5f8f599c1adf79bcd0,False,horizontal_flip_mask_instability;horizontal_flip_colour_instability,6318,255826,0.33456698741672836,5.724697113037109,6318,4741,0.7503956948401392,41,41,0,13,27,14,0,8,5,0
train,362,000069.jpg,6b8209de1f190ba3289b1d66663b9dbc5506bbb24159209402ec9c8a029d461f,False,horizontal_flip_mask_instability;horizontal_flip_colour_instability,3621,258523,0.10936205468102735,12.319303512573242,3621,3508,0.9687931510632422,54,54,0,7,42,12,0,3,4,0
train,363,000066.jpg,fbf3434a248cd4153a7aadcc6b7a2c2b4cf7c4871fee18664d36c5e21f7ab317,False,horizontal_flip_colour_instability,9666,251967,0.5886629334905197,8.273752212524414,9666,7310,0.7562590523484378,21,21,0,9,15,6,0,3,6,0
train,364,000065.jpg,c8f9791b76e853d3998dc335f0c68792f54c9cb503b4f95e328c5d345e364f89,False,insufficient_flower_pixels;horizontal_flip_mask_instability;horizontal_flip_colour_instability,0,189349,0.0,inf,0,0,0.0,42,42,0,0,42,0,0,0,0,0
train,365,000064.jpg,b6bfd359ba6ee7cb7b554dbe90fc9bc213440be50a97e85b04be4c25f1b40d0e,False,horizontal_flip_mask_instability,698,5410,0.13184737438609748,1.9434181451797485,698,698,1.0,50,50,0,3,38,12,0,0,3,0
train,366,000063.jpg,2cf3ca691e587e8e9c1dd907e11f63f5a93531d53501bdf32cacd46e4597c32d,False,horizontal_flip_mask_instability;horizontal_flip_colour_instability,1886,149528,0.0,inf,1886,1660,0.88016967126193,22,22,0,5,14,8,0,1,4,0
train,367,000060.jpg,2423ccfeefae959c63567f84b8d93765cfb71fd77d99fcbad571c25ec74d2373,False,insufficient_flower_pixels;horizontal_flip_mask_instability;horizontal_flip_colour_instability,6,255646,0.015544041450777202,40.60621643066406,6,6,1.0,37,37,0,0,15,22,0,0,0,0
train,368,000057.jpg,d5966ffd06954f4861f2b5d93ee8abd75cb2d3e52430962717f67e03be26810c,False,horizontal_flip_mask_instability;horizontal_flip_colour_instability,496,255911,0.0,inf,496,496,1.0,29,29,0,2,17,12,0,0,2,0
train,369,000054.jpg,c79655e4638e789968a9db4bdfeeba7b46db5eea6f4782620be55c53717cde1a,False,insufficient_plant_background_control_pixels,262144,0,0.9999809265136719,0.0006761265685781837,262144,170539,0.6505546569824219,16,16,0,16,0,7,9,0,7,9
train,370,000053.jpg,9adf69f7daf2df275a7ee45d7d08baabb49f618df99edfc3ae08e47c05759e2e,True,,216067,46077,0.9003531372952455,2.435098886489868,216067,155519,0.7197721077258443,18,18,0,18,1,10,7,1,10,7
train,371,000050.jpg,a6adb0ffda8cbbfd70c2ce737f7c82423cb29ab4e4161f1a9a3546185cda8c77,False,horizontal_flip_colour_instability,196317,65827,0.6604394218399213,8.449039459228516,196317,100441,0.5116266039110214,23,23,0,23,5,15,3,5,15,3
train,372,000049.jpg,b3926f7ff4fec2b61c10bae1a431b5e93461f6a7715a0cd44db6783f697cd731,True,,236609,25535,0.8344332759389813,2.956428289413452,236609,97833,0.4134796224995668,28,28,0,27,5,22,1,5,21,1
train,373,000048.jpg,6f93d99e23dbe15d2eedc735134395573baf8c53cd82e9e0f1981580e429df7d,False,insufficient_flower_pixels;horizontal_flip_mask_instability;horizontal_flip_colour_instability,27,249034,0.0,inf,27,27,1.0,14,14,0,0,8,6,0,0,0,0
train,374,000045.jpg,15c4cef87c4bd08dba38585e096e7cf35ebd31b3d3c409a040b788d036fbb768,False,insufficient_flower_pixels;horizontal_flip_mask_instability;horizontal_flip_colour_instability,0,261185,0.0,inf,0,0,0.0,14,14,0,0,6,8,0,0,0,0
train,375,000044.jpg,031a9b6ddd9d3de2fff6e8073f266b33098e74229800f879e6a3b02d7781b158,False,insufficient_flower_pixels;horizontal_flip_mask_instability;horizontal_flip_colour_instability,0,10584,0.0,inf,0,0,0.0,2,2,0,0,2,0,0,0,0,0
train,376,000043.jpg,a6ba49668f93efdcff27008c9c94f8d0b1b5a4145d471867d22cf309a7fac70a,False,insufficient_flower_pixels;horizontal_flip_mask_instability;horizontal_flip_colour_instability,0,198829,0.0,inf,0,0,0.0,20,20,0,0,9,11,0,0,0,0
train,377,000039.jpg,6b64fee3542e1866025ef470e3c3a26543a2d5f27d641effc31d0c7b04aa5521,False,horizontal_flip_mask_instability;horizontal_flip_colour_instability,45514,216630,0.436085600035154,27.462217330932617,45514,32291,0.7094740079975392,22,22,0,20,7,15,0,5,15,0
train,378,000038.jpg,8169cc21e097b9862c556cbfe2ea2bbaed714db2ce6046516636c0983d70d144,True,,14649,247495,0.8504360369811815,1.9351471662521362,14649,13929,0.9508498873643252,14,14,0,7,7,7,0,2,5,0
train,379,000036.jpg,b18da1bf16bff0444490ef166c4fcc440943b35a60b7526f61b14eb9656d6f2d,False,insufficient_flower_pixels;horizontal_flip_mask_instability;horizontal_flip_colour_instability,0,140271,0.0,inf,0,0,0.0,3,3,0,0,3,0,0,0,0,0
train,380,000035.jpg,1de2f7bafdc0827011c4c1221bc01f20f827cb178f22e6183089daeb18a6c424,False,insufficient_flower_pixels;insufficient_plant_background_control_pixels;horizontal_flip_mask_instability;horizontal_flip_colour_instability,0,0,0.0,inf,0,0,0.0,3,3,0,0,3,0,0,0,0,0
train,381,000033.jpg,f6fb51aabf871eecf3a32705382e50e52ec2b662cd836283b2177b3daa9d15c6,False,insufficient_flower_pixels;horizontal_flip_mask_instability;horizontal_flip_colour_instability,0,138919,0.0,inf,0,0,0.0,4,4,0,0,3,1,0,0,0,0
train,382,000032.jpg,2604ce5b3ef48f238baeeb56b4fcdf4e42e2d0050f12bd95edb1b7082f29e365,False,insufficient_flower_pixels;horizontal_flip_mask_instability;horizontal_flip_colour_instability,0,214393,0.0,inf,0,0,0.0,2,2,0,0,0,2,0,0,0,0
train,383,000031.jpg,e93b501df26a87589ee8cf6a9c51d63f11f110c8c2749660f3b6936ec3a691a2,False,insufficient_flower_pixels;horizontal_flip_mask_instability;horizontal_flip_colour_instability,0,127237,0.0,inf,0,0,0.0,2,2,0,0,1,1,0,0,0,0
train,384,000030.jpg,a2f6bba3ce4779fa56f05a777c76555912d545046728b5b772971aa243c96f8a,False,insufficient_flower_pixels;horizontal_flip_mask_instability;horizontal_flip_colour_instability,0,201121,0.0,inf,0,0,0.0,3,3,0,0,3,0,0,0,0,0
train,385,000029.jpg,3e3aa6ad0aae1f4e04cb33f7348d8a7e011f31c085378a064294d44dbd2f4f7e,False,insufficient_flower_pixels;insufficient_plant_background_control_pixels;horizontal_flip_mask_instability;horizontal_flip_colour_instability,0,0,0.0,inf,0,0,0.0,1,1,0,0,0,1,0,0,0,0
train,386,000028.jpg,244ba532ea392b07a8db5518427c56efe356210ab0ad5804d690fc6f2d6b687f,False,insufficient_flower_pixels;insufficient_plant_background_control_pixels;horizontal_flip_mask_instability;horizontal_flip_colour_instability,0,0,0.0,inf,0,0,0.0,34,34,0,0,33,1,0,0,0,0
train,387,000027.jpg,00d0a9cb4ef5cb352c4abd10c7c1db484a13c132ded03b2fc459d898b2b0c041,False,insufficient_flower_pixels;horizontal_flip_mask_instability;horizontal_flip_colour_instability,0,29766,0.0,inf,0,0,0.0,7,7,0,0,7,0,0,0,0,0
train,388,000025.jpg,4849cfabd863063120d346f7a62c6e084347ae3bed412eadad34e3a86497e7dc,False,insufficient_flower_pixels;horizontal_flip_mask_instability;horizontal_flip_colour_instability,0,1259,0.0,inf,0,0,0.0,34,34,0,0,32,2,0,0,0,0
train,389,000024.jpg,1f64e45e5a68eb189017c2fc492984347b35830fc780c56a63ece4d3b181d66d,False,insufficient_flower_pixels;insufficient_plant_background_control_pixels;horizontal_flip_mask_instability;horizontal_flip_colour_instability,0,62,0.0,inf,0,0,0.0,48,48,0,0,48,0,0,0,0,0
train,390,000023.jpg,daa21596a40a725dd9cf5ad4ab39aa75f9ea5fbf18aa1858f64644dff198ce7d,False,insufficient_flower_pixels;horizontal_flip_mask_instability;horizontal_flip_colour_instability,0,502,0.0,inf,0,0,0.0,22,22,0,0,22,0,0,0,0,0
train,391,000019.jpg,c796b75bfe7ca99dd33af2b70710e9bb2ac592994bd82aa0b43ca55e880d1110,False,insufficient_flower_pixels;horizontal_flip_mask_instability;horizontal_flip_colour_instability,0,15564,0.0,inf,0,0,0.0,10,10,0,0,10,0,0,0,0,0
train,392,000017.jpg,eafbb2f311f2ec8ab2a180af41f5a25fe2b532114ad5b0d726ef4f937a4e6ebb,False,insufficient_flower_pixels;horizontal_flip_mask_instability;horizontal_flip_colour_instability,0,114,0.0,inf,0,0,0.0,11,11,0,0,11,0,0,0,0,0
train,393,000016.jpg,bf7d7466364bd855f131a6490a77b0c6bfa11100405b485b8074942d48db0d0f,False,insufficient_flower_pixels;horizontal_flip_mask_instability;horizontal_flip_colour_instability,4,177977,0.0,inf,4,4,1.0,8,8,0,0,5,3,0,0,0,0
train,394,000013.jpg,286e82cf7d4fd91edaf11288751853d11f2f0823e2d054a7ff7836cf47c345e7,False,horizontal_flip_colour_instability,10990,208813,0.6043827711753795,5.937652111053467,10990,6539,0.5949954504094631,17,17,0,10,10,7,0,6,4,0
train,395,000010.jpg,a4b84781c7badba82291f6d21d2a585706a2011a27bf865b53978048d44a520a,False,insufficient_flower_pixels;horizontal_flip_mask_instability;horizontal_flip_colour_instability,0,10016,0.0,inf,0,0,0.0,16,16,0,0,16,0,0,0,0,0
train,396,000009.jpg,8b2730642b90a99c17271231ae1b2f7724b9c705f4af0670d4b42e80d6642845,False,insufficient_flower_pixels;horizontal_flip_mask_instability;horizontal_flip_colour_instability,0,6727,0.0,inf,0,0,0.0,26,26,0,0,26,0,0,0,0,0
train,397,000007.jpg,1c406c16c4f7f9f214911f31a5e52f41dd35df6a5e55b7e93839775b4ba74f2d,False,insufficient_flower_pixels;horizontal_flip_mask_instability;horizontal_flip_colour_instability,0,6908,0.0,inf,0,0,0.0,18,18,0,0,17,1,0,0,0,0
train,398,000006.jpg,a32d841c2d6e83808e90d4044052687d4f5e9ba2089a908045d90669180fe6f1,False,insufficient_flower_pixels;horizontal_flip_mask_instability;horizontal_flip_colour_instability,0,91838,0.0,inf,0,0,0.0,16,16,0,0,15,1,0,0,0,0
train,399,000004.jpg,f270a2e376c18e4b764bd12119cfbf7b35a01f9da1789f76fe65cea68d0bbc0e,False,insufficient_flower_pixels;horizontal_flip_mask_instability;horizontal_flip_colour_instability,0,58659,0.0,inf,0,0,0.0,21,21,0,0,21,0,0,0,0,0
train,400,000002.jpg,62b6c1400cb887aada9b4a02cd3210fc16ace84c8b00c62d4c71394733f7fb81,False,insufficient_flower_pixels;horizontal_flip_mask_instability;horizontal_flip_colour_instability,0,258529,0.0,inf,0,0,0.0,3,3,0,0,3,0,0,0,0,0
