species,blind_id,photo_id,review_order_within_species,crop_status,condition_review,condition_failure_reason,review_notes,final_condition_label,evaluation_row
Antirrhinum majus,0176537d5144f894,86399173,1,ok,,,,False,False
Antirrhinum majus,051f8cd3f0eb321b,66134856,2,ok,,,,False,False
Antirrhinum majus,0907a26238b42d2a,80883828,3,ok,,,,False,False
Antirrhinum majus,0ae6d76b89653158,85433402,4,ok,,,,False,False
Antirrhinum majus,112cac5e0f54fb55,85228870,5,ok,,,,False,False
Antirrhinum majus,183a8f76f6bc355c,41889010,6,ok,,,,False,False
Antirrhinum majus,18f8a25df00ce628,91659585,7,ok,,,,False,False
Antirrhinum majus,1c1f03b0dc5ca929,53377997,8,ok,,,,False,False
Antirrhinum majus,1fe540bf891a394e,91012202,9,ok,,,,False,False
Antirrhinum majus,218b45f5a63c6000,43504109,10,ok,,,,False,False
Antirrhinum majus,21d987b2b349f90e,40364242,11,ok,,,,False,False
Antirrhinum majus,25e411a2b4438b58,81382099,12,ok,,,,False,False
Antirrhinum majus,2cf314ed8dc624d5,41830571,13,ok,,,,False,False
Antirrhinum majus,2dda3ce900d9b04d,100821953,14,ok,,,,False,False
Antirrhinum majus,2efd07a219656400,63261801,15,ok,,,,False,False
Antirrhinum majus,32b8b00fdb27037a,79662493,16,ok,,,,False,False
Antirrhinum majus,3449f322572aa874,52441296,17,ok,,,,False,False
Antirrhinum majus,35c749525028ca8f,11119297,18,ok,,,,False,False
Antirrhinum majus,3e88bd835733db4c,51205138,19,ok,,,,False,False
Antirrhinum majus,40c6b9b972182cc4,51821475,20,ok,,,,False,False
Antirrhinum majus,4323f50ff49052f7,100499089,21,ok,,,,False,False
Antirrhinum majus,45a11d27a5cf7827,110425795,22,ok,,,,False,False
Antirrhinum majus,47638c6fd75220f1,42405783,23,ok,,,,False,False
Antirrhinum majus,495e15e233638c96,233086283,24,ok,,,,False,False
Antirrhinum majus,4a7c684dee1b8b28,54242976,25,ok,,,,False,False
Antirrhinum majus,4e24079bc3afeab8,43113980,26,ok,,,,False,False
Antirrhinum majus,519620f8e25d0744,1740080,27,ok,,,,False,False
Antirrhinum majus,51c7cc1cf0b5c735,40509424,28,ok,,,,False,False
Antirrhinum majus,52adc3edbb421ad7,84278915,29,ok,,,,False,False
Antirrhinum majus,5a3800e2b77a071a,71345222,30,ok,,,,False,False
Antirrhinum majus,5d2b3388c504dfb3,39546343,31,ok,,,,False,False
Antirrhinum majus,5e1e1d313984cceb,85066605,32,ok,,,,False,False
Antirrhinum majus,5fc167e7c9501a36,68704418,33,ok,,,,False,False
Antirrhinum majus,62a01c58fa3d6456,20485112,34,ok,,,,False,False
Antirrhinum majus,6573b02858aa3c7c,44618090,35,ok,,,,False,False
Antirrhinum majus,66e10eb96923225a,75219579,36,ok,,,,False,False
Antirrhinum majus,6706088d13b6c63e,73396182,37,ok,,,,False,False
Antirrhinum majus,6893c7ec6729c6bc,35013683,38,ok,,,,False,False
Antirrhinum majus,71c9e0b492fd470f,22688963,39,ok,,,,False,False
Antirrhinum majus,76b89fc94541befb,2499721,40,ok,,,,False,False
Antirrhinum majus,7c54e0b1b479e99b,31273031,41,ok,,,,False,False
Antirrhinum majus,89a2db6091f9cf44,108240366,42,ok,,,,False,False
Antirrhinum majus,8c3d61ec20a95087,49183837,43,ok,,,,False,False
Antirrhinum majus,8c5c7f5052b76f5f,76110819,44,ok,,,,False,False
Antirrhinum majus,915a7ec13eceb563,35258649,45,ok,,,,False,False
Antirrhinum majus,968de05f4cd0b0b8,20955005,46,ok,,,,False,False
Antirrhinum majus,9698a328f1cf8b95,36839691,47,ok,,,,False,False
Antirrhinum majus,99ca30011440840e,41461147,48,ok,,,,False,False
Antirrhinum majus,9a1146d3f9a79e25,26800900,49,ok,,,,False,False
Antirrhinum majus,9a6a523bf89ada87,42234761,50,ok,,,,False,False
Antirrhinum majus,a39f87d0e96cef67,6684098,51,ok,,,,False,False
Antirrhinum majus,a43dd745a10a9e56,53864411,52,ok,,,,False,False
Antirrhinum majus,a51e52ca4e3b1676,78735627,53,ok,,,,False,False
Antirrhinum majus,a785bc5a808860bc,77939430,54,ok,,,,False,False
Antirrhinum majus,a87e51c75fcd5380,111148777,55,ok,,,,False,False
Antirrhinum majus,b332ed16d1b6b021,10567038,56,ok,,,,False,False
Antirrhinum majus,b464d523f89fbd03,75161780,57,ok,,,,False,False
Antirrhinum majus,b92bc07d9b04d4ae,62302712,58,ok,,,,False,False
Antirrhinum majus,be3d73ec6a6dfca1,47458133,59,ok,,,,False,False
Antirrhinum majus,bf7a39828dd5d084,74369626,60,ok,,,,False,False
Antirrhinum majus,c1a08d2ab0eb0942,112973830,61,ok,,,,False,False
Antirrhinum majus,c4ec963853bfc67f,56925184,62,ok,,,,False,False
Antirrhinum majus,c767b9f02395c4fa,74079788,63,ok,,,,False,False
Antirrhinum majus,cc7aee5e67d58601,76407025,64,ok,,,,False,False
Antirrhinum majus,d2751cf5ad0b6c32,75430727,65,ok,,,,False,False
Antirrhinum majus,df8868e6f97ef508,68262583,66,ok,,,,False,False
Antirrhinum majus,e07a385a3c0ebb8a,104309941,67,ok,,,,False,False
Antirrhinum majus,e371dd47b146f0ae,54225868,68,ok,,,,False,False
Antirrhinum majus,e7557a4d9376d9c8,103469004,69,ok,,,,False,False
Antirrhinum majus,e7db30617370144c,18238597,70,ok,,,,False,False
Antirrhinum majus,e8f10071133120e3,53733732,71,ok,,,,False,False
Antirrhinum majus,e9aba1f0d0263983,83815799,72,ok,,,,False,False
Antirrhinum majus,edf080030ffdae6e,102144766,73,ok,,,,False,False
Antirrhinum majus,f14a2d456ce5187e,12141570,74,ok,,,,False,False
Antirrhinum majus,f4aeeb7ab4451e47,15843025,75,ok,,,,False,False
Antirrhinum majus,f92e77e94a2bfcd3,79912582,76,ok,,,,False,False
Antirrhinum majus,fa227f8100237405,86143050,77,ok,,,,False,False
Antirrhinum majus,fb5b3b1646e2b47c,49086472,78,ok,,,,False,False
Antirrhinum majus,fc2c7c15856b80ec,41057368,79,ok,,,,False,False
Antirrhinum majus,ff8e64542a95f93a,32557407,80,ok,,,,False,False
Dactylorhiza sambucina,023f910bff4aa8c6,78290955,1,ok,,,,False,False
Dactylorhiza sambucina,0aa24210e186d1c8,19133453,2,ok,,,,False,False
Dactylorhiza sambucina,1353445b8c07dbeb,17886386,3,ok,,,,False,False
Dactylorhiza sambucina,14175a73c6877f25,70486248,4,ok,,,,False,False
Dactylorhiza sambucina,1502767460850e5b,79922783,5,ok,,,,False,False
Dactylorhiza sambucina,17a3fba3ecb6f3bf,140278,6,ok,,,,False,False
Dactylorhiza sambucina,1cac9aaadbbd7353,79766241,7,ok,,,,False,False
Dactylorhiza sambucina,1d79ce03dddf58c9,118236581,8,ok,,,,False,False
Dactylorhiza sambucina,1daf931c924f8b60,41042548,9,ok,,,,False,False
Dactylorhiza sambucina,1db514213358ade6,15425643,10,ok,,,,False,False
Dactylorhiza sambucina,2133d276d25178bb,122737569,11,ok,,,,False,False
Dactylorhiza sambucina,2209bcac6281d23b,27728723,12,ok,,,,False,False
Dactylorhiza sambucina,293f19f069d898fa,125984155,13,ok,,,,False,False
Dactylorhiza sambucina,2abb0bf1a179c4ea,65779299,14,ok,,,,False,False
Dactylorhiza sambucina,2b5409adce0dcfa6,813138,15,ok,,,,False,False
Dactylorhiza sambucina,2e7b63cd621eb040,38661079,16,ok,,,,False,False
Dactylorhiza sambucina,2f91dcdd0fbd0e41,80802774,17,ok,,,,False,False
Dactylorhiza sambucina,322505326f3fef4d,73388770,18,ok,,,,False,False
Dactylorhiza sambucina,331fb6dd2a6e427d,71000344,19,ok,,,,False,False
Dactylorhiza sambucina,36af10fe2681a74f,46933474,20,ok,,,,False,False
Dactylorhiza sambucina,39eaf6933ba71a08,35672654,21,ok,,,,False,False
Dactylorhiza sambucina,3f565a3206a6a1cf,99661183,22,ok,,,,False,False
Dactylorhiza sambucina,3fd4485f80df9956,94649431,23,ok,,,,False,False
Dactylorhiza sambucina,41a8488d018097f8,127353064,24,ok,,,,False,False
Dactylorhiza sambucina,4a68e375296a4559,105488094,25,ok,,,,False,False
Dactylorhiza sambucina,4be25f06d492a1fa,70701430,26,ok,,,,False,False
Dactylorhiza sambucina,50aa165ce7b59dbe,124547391,27,ok,,,,False,False
Dactylorhiza sambucina,516dd95f43089bc3,80253936,28,ok,,,,False,False
Dactylorhiza sambucina,5c9dc6ced7b5b0e6,111136324,29,ok,,,,False,False
Dactylorhiza sambucina,5df464a06bf4e98c,71891688,30,ok,,,,False,False
Dactylorhiza sambucina,6a60343df571fa2a,107133898,31,ok,,,,False,False
Dactylorhiza sambucina,6afc7f81ccb467c1,79426959,32,ok,,,,False,False
Dactylorhiza sambucina,7316838f8ff3782b,18120634,33,ok,,,,False,False
Dactylorhiza sambucina,77eeaf2d055f02f2,122160254,34,ok,,,,False,False
Dactylorhiza sambucina,7867f7653ea0a1bd,69619311,35,ok,,,,False,False
Dactylorhiza sambucina,7ef46c5673519dd9,41326134,36,ok,,,,False,False
Dactylorhiza sambucina,7f4a628f543ac5a1,16241697,37,ok,,,,False,False
Dactylorhiza sambucina,80087cc9e54d6242,19063707,38,ok,,,,False,False
Dactylorhiza sambucina,886f8e8c64306c38,72918871,39,ok,,,,False,False
Dactylorhiza sambucina,8e340d229f7c147f,69164527,40,ok,,,,False,False
Dactylorhiza sambucina,909503eb103d192b,69101680,41,ok,,,,False,False
Dactylorhiza sambucina,91399ce9cd3e5954,17169090,42,ok,,,,False,False
Dactylorhiza sambucina,9307eab4db10360d,18774304,43,ok,,,,False,False
Dactylorhiza sambucina,9443af7214525c08,80075100,44,ok,,,,False,False
Dactylorhiza sambucina,98eb41f4e4f106e2,71797791,45,ok,,,,False,False
Dactylorhiza sambucina,995cd5458de4efa4,71266590,46,ok,,,,False,False
Dactylorhiza sambucina,99d1bf52bc71f5df,27652687,47,ok,,,,False,False
Dactylorhiza sambucina,9e8e00d45985b28b,77782050,48,ok,,,,False,False
Dactylorhiza sambucina,9e8edd4799737bea,68934710,49,ok,,,,False,False
Dactylorhiza sambucina,9ecbcfdd425a4f94,18543485,50,ok,,,,False,False
Dactylorhiza sambucina,a40f513a925f03aa,110761494,51,ok,,,,False,False
Dactylorhiza sambucina,a55276b51e8cdfa9,102077204,52,ok,,,,False,False
Dactylorhiza sambucina,a68fe0e0d8c43d16,127370346,53,ok,,,,False,False
Dactylorhiza sambucina,a7694b8864401b00,113927183,54,ok,,,,False,False
Dactylorhiza sambucina,adb763e1a27f12bd,110758122,55,ok,,,,False,False
Dactylorhiza sambucina,b0d661aeeb601d97,77166693,56,ok,,,,False,False
Dactylorhiza sambucina,b1e3b5f6875b1b04,7621789,57,ok,,,,False,False
Dactylorhiza sambucina,b5b63eee19a8d559,36671020,58,ok,,,,False,False
Dactylorhiza sambucina,b674a404254f9b0a,60541061,59,ok,,,,False,False
Dactylorhiza sambucina,b6c0fa3ddc1e3b53,91971470,60,ok,,,,False,False
Dactylorhiza sambucina,b6e65e18228e8755,3784089,61,ok,,,,False,False
Dactylorhiza sambucina,bdd9752ca2cc50ce,100384906,62,ok,,,,False,False
Dactylorhiza sambucina,cb338982b6e24a54,122706417,63,ok,,,,False,False
Dactylorhiza sambucina,cc1dd9dfb0f7098b,7898312,64,ok,,,,False,False
Dactylorhiza sambucina,d241299c914dc3f2,65982615,65,ok,,,,False,False
Dactylorhiza sambucina,d46f571d548a7d18,71814769,66,ok,,,,False,False
Dactylorhiza sambucina,d64104f5d9f6468d,840625,67,ok,,,,False,False
Dactylorhiza sambucina,d92c5fb47e09d93b,91953460,68,ok,,,,False,False
Dactylorhiza sambucina,de58c749ab78e467,72116552,69,ok,,,,False,False
Dactylorhiza sambucina,ed65051ea8072613,126618835,70,ok,,,,False,False
Dactylorhiza sambucina,efbe90b1e9a8d849,41670715,71,ok,,,,False,False
Dactylorhiza sambucina,f0f8f80a58ee5800,108632540,72,ok,,,,False,False
Dactylorhiza sambucina,f22c4cb99d738b22,73306623,73,ok,,,,False,False
Dactylorhiza sambucina,f5534f7a6153b29d,76318568,74,ok,,,,False,False
Dactylorhiza sambucina,f7102bc79a174afc,72478453,75,ok,,,,False,False
Dactylorhiza sambucina,f72015cf11f3e366,38507303,76,ok,,,,False,False
Dactylorhiza sambucina,f7b46d855d8c61df,109930018,77,ok,,,,False,False
Dactylorhiza sambucina,f822f2584af4ab75,127375696,78,ok,,,,False,False
Dactylorhiza sambucina,fc7eb44327b48a9f,127659289,79,ok,,,,False,False
Dactylorhiza sambucina,ff84c2d409938f5a,112801536,80,ok,,,,False,False
Gentiana lutea,00b0caa6aa902f40,96227423,1,ok,,,,False,False
Gentiana lutea,061dbdb3dac2e947,86417634,2,ok,,,,False,False
Gentiana lutea,061e289fb3e289bd,89278692,3,ok,,,,False,False
Gentiana lutea,06e77876abbe6909,42907609,4,ok,,,,False,False
Gentiana lutea,070eb2cea12bbe1a,59382693,5,ok,,,,False,False
Gentiana lutea,07af513e54c72a69,24539313,6,ok,,,,False,False
Gentiana lutea,08ae8e42f0f8ac7c,47162804,7,ok,,,,False,False
Gentiana lutea,08cc868ed94f24d9,45143086,8,ok,,,,False,False
Gentiana lutea,0b0cb4465f4de6e4,88330059,9,ok,,,,False,False
Gentiana lutea,0ffb573676e009d8,85829329,10,ok,,,,False,False
Gentiana lutea,17604a8de44906d5,65883325,11,ok,,,,False,False
Gentiana lutea,17ecf59968b4bf79,114654192,12,ok,,,,False,False
Gentiana lutea,187a3db715bacea4,53894086,13,ok,,,,False,False
Gentiana lutea,1a800af474a2ea51,128079610,14,ok,,,,False,False
Gentiana lutea,1ecc21c11a971750,87095616,15,ok,,,,False,False
Gentiana lutea,2037cd78fc7c472a,38717796,16,ok,,,,False,False
Gentiana lutea,21504e4918574186,90463050,17,ok,,,,False,False
Gentiana lutea,2211490b0b8ed5c4,136470049,18,ok,,,,False,False
Gentiana lutea,224e3673b4afe112,71579638,19,ok,,,,False,False
Gentiana lutea,2751828abadea44c,88856435,20,ok,,,,False,False
Gentiana lutea,278b9309d8d5b434,47958886,21,ok,,,,False,False
Gentiana lutea,2ab943c86f0daf47,10746513,22,ok,,,,False,False
Gentiana lutea,2c233387ef987b7d,10746059,23,ok,,,,False,False
Gentiana lutea,2d22188616131c23,88196623,24,ok,,,,False,False
Gentiana lutea,30a57241a4e66556,104487766,25,ok,,,,False,False
Gentiana lutea,35a7e5a03bc0394e,12380040,26,ok,,,,False,False
Gentiana lutea,367f3794f4b61971,2651217,27,ok,,,,False,False
Gentiana lutea,43f6659b858345dd,127143540,28,ok,,,,False,False
Gentiana lutea,4548d30f838f0abe,47107599,29,ok,,,,False,False
Gentiana lutea,51c160b18d2db008,110761818,30,ok,,,,False,False
Gentiana lutea,53a6375c4ac77481,90238511,31,ok,,,,False,False
Gentiana lutea,53c13a610aac970c,6124661,32,ok,,,,False,False
Gentiana lutea,56d28971ca3b1d0d,115052465,33,ok,,,,False,False
Gentiana lutea,57c70f2524269a9c,85958089,34,ok,,,,False,False
Gentiana lutea,58fcdb64d7bf407d,36568389,35,ok,,,,False,False
Gentiana lutea,591abd67ff8f4b5a,81347196,36,ok,,,,False,False
Gentiana lutea,5bdb3ed16f3fb54a,90174647,37,ok,,,,False,False
Gentiana lutea,5c70967686fdcc8c,92334739,38,ok,,,,False,False
Gentiana lutea,5df8a34871c7a161,82699785,39,ok,,,,False,False
Gentiana lutea,6040fe7658c786e5,18651548,40,ok,,,,False,False
Gentiana lutea,60ba27ab0970073c,85199430,41,ok,,,,False,False
Gentiana lutea,62cbbb246335cce7,4858113,42,ok,,,,False,False
Gentiana lutea,65408ea93567b808,134774721,43,ok,,,,False,False
Gentiana lutea,66cf12f6a17a05ae,85235619,44,ok,,,,False,False
Gentiana lutea,6e87d91fedfce7dd,6774944,45,ok,,,,False,False
Gentiana lutea,73ba66d875f367b0,87391480,46,ok,,,,False,False
Gentiana lutea,78aef8b3c724853d,22842775,47,ok,,,,False,False
Gentiana lutea,7a64c14b206935e3,31039255,48,ok,,,,False,False
Gentiana lutea,7c01c354841c3c33,110179275,49,ok,,,,False,False
Gentiana lutea,7f73694da85dc2e6,109086433,50,ok,,,,False,False
Gentiana lutea,834c0f93778e7c5a,21825404,51,ok,,,,False,False
Gentiana lutea,86a940ee212a053c,60063839,52,ok,,,,False,False
Gentiana lutea,89c5476a3a7f047c,43699118,53,ok,,,,False,False
Gentiana lutea,8a863c9c14cf520f,22153069,54,ok,,,,False,False
Gentiana lutea,9ac2db8e8d425ee9,132854075,55,ok,,,,False,False
Gentiana lutea,a866b61cb25c6259,133764082,56,ok,,,,False,False
Gentiana lutea,a9154c1958596611,86243459,57,ok,,,,False,False
Gentiana lutea,b4dad8e0c70b0983,84243769,58,ok,,,,False,False
Gentiana lutea,b61b7d865cab61fa,136105286,59,ok,,,,False,False
Gentiana lutea,ba0ffae740601414,23391445,60,ok,,,,False,False
Gentiana lutea,bb4a781bb7b1a2c2,17833542,61,ok,,,,False,False
Gentiana lutea,bbad04b1fb0f5bad,22349110,62,ok,,,,False,False
Gentiana lutea,c41ae2c3f249d34c,84355074,63,ok,,,,False,False
Gentiana lutea,c82f7910014481ef,84420104,64,ok,,,,False,False
Gentiana lutea,cab8cada56270804,21451400,65,ok,,,,False,False
Gentiana lutea,cd23637698798e51,136293232,66,ok,,,,False,False
Gentiana lutea,cd662b105bb37bca,25635218,67,ok,,,,False,False
Gentiana lutea,ce548ab48bfa080f,135583561,68,ok,,,,False,False
Gentiana lutea,d559f5cfb2b62cbe,19688443,69,ok,,,,False,False
Gentiana lutea,dc68a81222b3bce6,20251592,70,ok,,,,False,False
Gentiana lutea,df645c453b631646,85843606,71,ok,,,,False,False
Gentiana lutea,e85a539e89767374,86242838,72,ok,,,,False,False
Gentiana lutea,ec044999acc15353,47834469,73,ok,,,,False,False
Gentiana lutea,f7e48937804464e0,11913262,74,ok,,,,False,False
Gentiana lutea,f942a33d14645524,82482517,75,ok,,,,False,False
Gentiana lutea,f94ba086d2b06897,80484762,76,ok,,,,False,False
Gentiana lutea,fa2d9576597354c0,84909161,77,ok,,,,False,False
Gentiana lutea,ff87e4f0f2f54cc4,92799054,78,ok,,,,False,False
Gentiana lutea,ffbe2726a0deff04,8805335,79,ok,,,,False,False
Gentiana lutea,fffe0296e4761021,85291728,80,ok,,,,False,False
Ipomoea purpurea,02db3a10e0f396cf,16186204,1,ok,,,,False,False
Ipomoea purpurea,042a1d1b8318ad88,20606813,2,ok,,,,False,False
Ipomoea purpurea,08c6fc783b93771f,21355759,3,ok,,,,False,False
Ipomoea purpurea,0eaeb045be2db34e,159614,4,ok,,,,False,False
Ipomoea purpurea,13250b0f2fd49bed,5468954,5,ok,,,,False,False
Ipomoea purpurea,17e483d0049700ed,16112301,6,ok,,,,False,False
Ipomoea purpurea,1ab956cde8e451f3,4631801,7,ok,,,,False,False
Ipomoea purpurea,1c4eaed31a866360,5208180,8,ok,,,,False,False
Ipomoea purpurea,24fe5b40f401515a,18934907,9,ok,,,,False,False
Ipomoea purpurea,266760affd3551b4,8507132,10,ok,,,,False,False
Ipomoea purpurea,2cb9d0f2674f1036,6678192,11,ok,,,,False,False
Ipomoea purpurea,363d8268d3787b14,21201654,12,ok,,,,False,False
Ipomoea purpurea,3919e69dcc3c5aaf,19976814,13,ok,,,,False,False
Ipomoea purpurea,3c87cd73029d979a,11473602,14,ok,,,,False,False
Ipomoea purpurea,4204d914f699581a,4320843,15,ok,,,,False,False
Ipomoea purpurea,424059b7cca8c0bc,17837205,16,ok,,,,False,False
Ipomoea purpurea,44ad4301f37ef9ba,12414148,17,ok,,,,False,False
Ipomoea purpurea,46e819035c33690a,4966284,18,ok,,,,False,False
Ipomoea purpurea,471bad3feae73cb9,8911825,19,ok,,,,False,False
Ipomoea purpurea,490ad899c61bd3e1,10621563,20,ok,,,,False,False
Ipomoea purpurea,4b7cbf050b2dc187,556263,21,ok,,,,False,False
Ipomoea purpurea,55b96ef7430cd0b9,20138891,22,ok,,,,False,False
Ipomoea purpurea,568f29af05e14ff8,549301,23,ok,,,,False,False
Ipomoea purpurea,58bb6432922bab79,18257937,24,ok,,,,False,False
Ipomoea purpurea,5cf02a6091cf4746,21660382,25,ok,,,,False,False
Ipomoea purpurea,5d3cd115376f761b,11297728,26,ok,,,,False,False
Ipomoea purpurea,5e81146573e03b69,12111124,27,ok,,,,False,False
Ipomoea purpurea,5eecbef17ae19d4d,10075176,28,ok,,,,False,False
Ipomoea purpurea,62655c542767dbad,9857900,29,ok,,,,False,False
Ipomoea purpurea,636e7c5ca1ca81e3,21006454,30,ok,,,,False,False
Ipomoea purpurea,68dc26130991aee1,9204268,31,ok,,,,False,False
Ipomoea purpurea,6957c273e870b89c,9175298,32,ok,,,,False,False
Ipomoea purpurea,6c6c12f9bb430e85,11509779,33,ok,,,,False,False
Ipomoea purpurea,6f07e247bd6b4013,5324647,34,ok,,,,False,False
Ipomoea purpurea,70a68456efc9b2a6,19173379,35,ok,,,,False,False
Ipomoea purpurea,7ba669d659ee517b,10467777,36,ok,,,,False,False
Ipomoea purpurea,7dbf40bcacc0a617,11001334,37,ok,,,,False,False
Ipomoea purpurea,7e1274675901620d,9876774,38,ok,,,,False,False
Ipomoea purpurea,8475257bf1bad771,19928477,39,ok,,,,False,False
Ipomoea purpurea,85cf1a1492076924,10754403,40,ok,,,,False,False
Ipomoea purpurea,89911fd54203d3f0,22208415,41,ok,,,,False,False
Ipomoea purpurea,99ec9f438fa4f0d0,22362010,42,ok,,,,False,False
Ipomoea purpurea,9b06302410f68fe8,12562251,43,ok,,,,False,False
Ipomoea purpurea,9e7d98c2ca3939b6,2759819,44,ok,,,,False,False
Ipomoea purpurea,9f00541ea2277bbf,5444702,45,ok,,,,False,False
Ipomoea purpurea,a000e6ffd961d227,21890392,46,ok,,,,False,False
Ipomoea purpurea,a562a9ff2e8fd7e7,4508779,47,ok,,,,False,False
Ipomoea purpurea,aa92c0048b8a9706,4344804,48,ok,,,,False,False
Ipomoea purpurea,ab5e921d7be404d4,12653161,49,ok,,,,False,False
Ipomoea purpurea,ac3a3197ea3b90c6,9340064,50,ok,,,,False,False
Ipomoea purpurea,acffa70855162d0d,11107521,51,ok,,,,False,False
Ipomoea purpurea,af1a1e789d2f2b7b,14175928,52,ok,,,,False,False
Ipomoea purpurea,b1ccbc7b3fe9d50f,2802497,53,ok,,,,False,False
Ipomoea purpurea,b479284c5411a622,10864525,54,ok,,,,False,False
Ipomoea purpurea,b8ca7ea590df1815,13917525,55,ok,,,,False,False
Ipomoea purpurea,baf1e48968a9e446,478410,56,ok,,,,False,False
Ipomoea purpurea,bb496da3656c0258,12050503,57,ok,,,,False,False
Ipomoea purpurea,bb7f643197edaed3,5146754,58,ok,,,,False,False
Ipomoea purpurea,bd72ad82bf81bd78,4698216,59,ok,,,,False,False
Ipomoea purpurea,c2979ba0e057aef4,3321356,60,ok,,,,False,False
Ipomoea purpurea,c39dfeaa110f9fd9,10073418,61,ok,,,,False,False
Ipomoea purpurea,c5f5f03e70010a09,11227827,62,ok,,,,False,False
Ipomoea purpurea,c70e53b586a46ccb,8351579,63,ok,,,,False,False
Ipomoea purpurea,c71e1fcc57c1f08b,9322774,64,ok,,,,False,False
Ipomoea purpurea,c988e74a14a31881,10179089,65,ok,,,,False,False
Ipomoea purpurea,cda8fc73d073f3b2,5021775,66,ok,,,,False,False
Ipomoea purpurea,cfb1052b25bcc464,11857336,67,ok,,,,False,False
Ipomoea purpurea,d004776b72dd1561,11189332,68,ok,,,,False,False
Ipomoea purpurea,d895a6b337d08a38,13258209,69,ok,,,,False,False
Ipomoea purpurea,dc9a84d8c6d38346,21159036,70,ok,,,,False,False
Ipomoea purpurea,de3ac945c980095b,5797778,71,ok,,,,False,False
Ipomoea purpurea,e05c9475c35922e6,13475729,72,ok,,,,False,False
Ipomoea purpurea,e0d8c5d5da6ed922,17513770,73,ok,,,,False,False
Ipomoea purpurea,e8ae15e40b6c59ff,20736093,74,ok,,,,False,False
Ipomoea purpurea,f31bc3f2854a327d,11469260,75,ok,,,,False,False
Ipomoea purpurea,f5b940e174cec81d,4625487,76,ok,,,,False,False
Ipomoea purpurea,f5e2db9d2a95d866,11757174,77,ok,,,,False,False
Ipomoea purpurea,f9532619b13bb040,1639652,78,ok,,,,False,False
Ipomoea purpurea,f968ff65eefbe8f2,20309262,79,ok,,,,False,False
Ipomoea purpurea,fabdfe81ed7035e7,13071139,80,ok,,,,False,False
Lysimachia arvensis,0741878b1083634e,1852628,1,ok,,,,False,False
Lysimachia arvensis,074898d0b2bc95d5,4321420,2,ok,,,,False,False
Lysimachia arvensis,121642f304108bd4,1682740,3,ok,,,,False,False
Lysimachia arvensis,12dd3e570b8a7c71,3490087,4,ok,,,,False,False
Lysimachia arvensis,1d9ed378f12e2b1c,2086212,5,ok,,,,False,False
Lysimachia arvensis,1f5cf8d16a5cc568,2163538,6,ok,,,,False,False
Lysimachia arvensis,1f6d6448a2c6aed2,1916500,7,ok,,,,False,False
Lysimachia arvensis,2236c7f83d317cfa,4563102,8,ok,,,,False,False
Lysimachia arvensis,22c9ea9e7e4b6d3f,2784335,9,ok,,,,False,False
Lysimachia arvensis,272c7ce8a9ba3980,2220314,10,ok,,,,False,False
Lysimachia arvensis,29982f4b0e6bc63a,3313851,11,ok,,,,False,False
Lysimachia arvensis,2a5610dc39455f8d,3840260,12,ok,,,,False,False
Lysimachia arvensis,2cb623306425a74c,3136824,13,ok,,,,False,False
Lysimachia arvensis,2fcebc2b49f4143f,953204,14,ok,,,,False,False
Lysimachia arvensis,34da43a2ed8c5fd6,5040970,15,ok,,,,False,False
Lysimachia arvensis,35a228bc97847689,844032,16,ok,,,,False,False
Lysimachia arvensis,3a346b440c1d3cbf,1926846,17,ok,,,,False,False
Lysimachia arvensis,3b232876a95c5b56,3227804,18,ok,,,,False,False
Lysimachia arvensis,43024c6c8b737260,2325975,19,ok,,,,False,False
Lysimachia arvensis,45340d44f48cb586,4847117,20,ok,,,,False,False
Lysimachia arvensis,4658ef8f1e901bb6,3696994,21,ok,,,,False,False
Lysimachia arvensis,4716d8c503e589cf,3616940,22,ok,,,,False,False
Lysimachia arvensis,47243102d1cc4547,122329,23,ok,,,,False,False
Lysimachia arvensis,4c4a2dd47c9981d0,3984238,24,ok,,,,False,False
Lysimachia arvensis,530a66a6e7223428,1213059,25,ok,,,,False,False
Lysimachia arvensis,545512d859a9b8c6,3139734,26,ok,,,,False,False
Lysimachia arvensis,573c62768ad9c11c,4352054,27,ok,,,,False,False
Lysimachia arvensis,6270576ce1aa07f2,3266694,28,ok,,,,False,False
Lysimachia arvensis,6687b589e12fbcdb,655253,29,ok,,,,False,False
Lysimachia arvensis,6cf272585999e409,3468790,30,ok,,,,False,False
Lysimachia arvensis,6eca9cb609818e6d,173072,31,ok,,,,False,False
Lysimachia arvensis,6eecdbf7cbc00a95,905752,32,ok,,,,False,False
Lysimachia arvensis,7050cee5deaa5b82,2032995,33,ok,,,,False,False
Lysimachia arvensis,72375e464b898742,4648722,34,ok,,,,False,False
Lysimachia arvensis,7a5632085d0ced08,2961056,35,ok,,,,False,False
Lysimachia arvensis,7daa90c3bc4481f5,3817532,36,ok,,,,False,False
Lysimachia arvensis,8b36d42bc41266a0,3580993,37,ok,,,,False,False
Lysimachia arvensis,8c77dd4f02d92c51,2339603,38,ok,,,,False,False
Lysimachia arvensis,8fd46ab0fbbbf57e,1252156,39,ok,,,,False,False
Lysimachia arvensis,94205b6607588684,662244,40,ok,,,,False,False
Lysimachia arvensis,957ac7b256ac9fe5,5120765,41,ok,,,,False,False
Lysimachia arvensis,95d8bc9474a2c9af,3037719,42,ok,,,,False,False
Lysimachia arvensis,a07529c0359b4eb6,3528656,43,ok,,,,False,False
Lysimachia arvensis,a605dbc17a2fc105,379641,44,ok,,,,False,False
Lysimachia arvensis,a692bf3e421207cf,4113687,45,ok,,,,False,False
Lysimachia arvensis,a7a9205c76fd4d45,3288782,46,ok,,,,False,False
Lysimachia arvensis,a7e4729252f860ff,5157728,47,ok,,,,False,False
Lysimachia arvensis,a9482bbf8e7eac90,4258692,48,ok,,,,False,False
Lysimachia arvensis,a9541599b576d87f,3197903,49,ok,,,,False,False
Lysimachia arvensis,b1354cef3191157d,5271938,50,ok,,,,False,False
Lysimachia arvensis,b1687d0cdabf8ec4,3636080,51,ok,,,,False,False
Lysimachia arvensis,b3527e760509199a,1246268,52,ok,,,,False,False
Lysimachia arvensis,b8a6911fbcd7c960,3203508,53,ok,,,,False,False
Lysimachia arvensis,bbc3ff89a5976585,3261972,54,ok,,,,False,False
Lysimachia arvensis,c1ee82a8563389e2,4625006,55,ok,,,,False,False
Lysimachia arvensis,c2381bb11b13fbaf,3893038,56,ok,,,,False,False
Lysimachia arvensis,c44bba55261ac6dc,2042455,57,ok,,,,False,False
Lysimachia arvensis,c4bf0b5f2c19462d,1888168,58,ok,,,,False,False
Lysimachia arvensis,c7b9abb5c1ae8c59,4998322,59,ok,,,,False,False
Lysimachia arvensis,c869f5d323aaa8cb,3348169,60,ok,,,,False,False
Lysimachia arvensis,d347c78d679dc2de,4484385,61,ok,,,,False,False
Lysimachia arvensis,d6cfaab503fb31f8,3276273,62,ok,,,,False,False
Lysimachia arvensis,d80689cc5121e120,4369598,63,ok,,,,False,False
Lysimachia arvensis,d9a6f9e61e56d2fe,3538337,64,ok,,,,False,False
Lysimachia arvensis,de1354f1c86b823d,422712,65,ok,,,,False,False
Lysimachia arvensis,df3e901a044c7e9a,2233820,66,ok,,,,False,False
Lysimachia arvensis,e0fd97f938391efb,4717870,67,ok,,,,False,False
Lysimachia arvensis,e1082ab842a870b8,3998957,68,ok,,,,False,False
Lysimachia arvensis,e145683afdf3687e,5106925,69,ok,,,,False,False
Lysimachia arvensis,e799bc207439cb31,4161611,70,ok,,,,False,False
Lysimachia arvensis,e90ef98b79a2e513,3777797,71,ok,,,,False,False
Lysimachia arvensis,ec6db1cff3c60ab7,3293795,72,ok,,,,False,False
Lysimachia arvensis,ecdd0eb5208b74f4,938885,73,ok,,,,False,False
Lysimachia arvensis,eed8790469f1bef3,3912970,74,ok,,,,False,False
Lysimachia arvensis,f0bbf185ebb04102,1183867,75,ok,,,,False,False
Lysimachia arvensis,f17a532e4263b929,4047979,76,ok,,,,False,False
Lysimachia arvensis,f1d9a469387c9819,1787686,77,ok,,,,False,False
Lysimachia arvensis,f4d789cf75728a78,3268849,78,ok,,,,False,False
Lysimachia arvensis,f6f3683fcebabdce,5203894,79,ok,,,,False,False
Lysimachia arvensis,fe90a60871491acb,3915215,80,ok,,,,False,False
Raphanus sativus,005afd4f58b202db,6386705,1,ok,,,,False,False
Raphanus sativus,02670186ddf2c45f,1557951,2,ok,,,,False,False
Raphanus sativus,087348d108a5df6e,3361734,3,ok,,,,False,False
Raphanus sativus,0bed62b077ad9242,1604385,4,ok,,,,False,False
Raphanus sativus,0d116ec996555eef,5937562,5,ok,,,,False,False
Raphanus sativus,0e2ab85fdee1a0c5,3992768,6,ok,,,,False,False
Raphanus sativus,11f85199c5d654f8,627074,7,ok,,,,False,False
Raphanus sativus,13f34a2818099729,7083469,8,ok,,,,False,False
Raphanus sativus,20c352b936412d10,159059,9,ok,,,,False,False
Raphanus sativus,2796000d502ab2a5,7121298,10,ok,,,,False,False
Raphanus sativus,279e97b9bd1e0e24,63643,11,ok,,,,False,False
Raphanus sativus,2aa2c56a46f58109,7366268,12,ok,,,,False,False
Raphanus sativus,2bbedf3553a20634,3090514,13,ok,,,,False,False
Raphanus sativus,30a35097b4db88e8,1879426,14,ok,,,,False,False
Raphanus sativus,38a425ac770dd1eb,7135197,15,ok,,,,False,False
Raphanus sativus,39d7a1f138f833a1,7624612,16,ok,,,,False,False
Raphanus sativus,3b2ee688880dd1df,1821103,17,ok,,,,False,False
Raphanus sativus,40a47bdce6f01953,3234971,18,ok,,,,False,False
Raphanus sativus,4d531c71d949000a,8708182,19,ok,,,,False,False
Raphanus sativus,4de478bcb26d6b28,7111434,20,ok,,,,False,False
Raphanus sativus,5a496c846ec9cfc1,761835,21,ok,,,,False,False
Raphanus sativus,5c42bd8cbf3c29c8,3335838,22,ok,,,,False,False
Raphanus sativus,5dba8b1631babcdd,3084703,23,ok,,,,False,False
Raphanus sativus,5ed9ad86ab2aab47,1845892,24,ok,,,,False,False
Raphanus sativus,62e8bec0b8f13dc6,8876727,25,ok,,,,False,False
Raphanus sativus,652cf2bdc33ce789,3286473,26,ok,,,,False,False
Raphanus sativus,688c9916038baa47,8225466,27,ok,,,,False,False
Raphanus sativus,694435abb1682985,8574162,28,ok,,,,False,False
Raphanus sativus,6ede66dbecb10803,6485733,29,ok,,,,False,False
Raphanus sativus,6ef2a120532e4f81,7424588,30,ok,,,,False,False
Raphanus sativus,76a6a6e2111fc3ce,8391550,31,ok,,,,False,False
Raphanus sativus,78499c6029cb65b9,2203497,32,ok,,,,False,False
Raphanus sativus,79354c95f8c1ae0f,6226591,33,ok,,,,False,False
Raphanus sativus,7e780d73f38916ff,7928380,34,ok,,,,False,False
Raphanus sativus,7ea5e01e568488fc,1795810,35,ok,,,,False,False
Raphanus sativus,7f41e6c42571aea6,4113592,36,ok,,,,False,False
Raphanus sativus,849470e457eff600,7578123,37,ok,,,,False,False
Raphanus sativus,8573738d9650a343,3789932,38,ok,,,,False,False
Raphanus sativus,86512f65fff72b07,3882101,39,ok,,,,False,False
Raphanus sativus,86ff9f917ebb6153,4420171,40,ok,,,,False,False
Raphanus sativus,89f838a269d46dbb,6632623,41,ok,,,,False,False
Raphanus sativus,8e95d555ad28e960,1919238,42,ok,,,,False,False
Raphanus sativus,8ee2aba43807d704,3510491,43,ok,,,,False,False
Raphanus sativus,8f473e4cb505fd53,4193616,44,ok,,,,False,False
Raphanus sativus,8fc1272aa2feef22,7517167,45,ok,,,,False,False
Raphanus sativus,90c1f88854a4393c,280636,46,ok,,,,False,False
Raphanus sativus,94c3472ea2b22f12,3800140,47,ok,,,,False,False
Raphanus sativus,94ec502cf85e898f,8569099,48,ok,,,,False,False
Raphanus sativus,951c57989f9a26da,8132361,49,ok,,,,False,False
Raphanus sativus,98f5184aa601d56e,3430590,50,ok,,,,False,False
Raphanus sativus,99bab2968dfa943f,7702860,51,ok,,,,False,False
Raphanus sativus,9a8c667d20174397,8432061,52,ok,,,,False,False
Raphanus sativus,9efafd932b178d8f,8732276,53,ok,,,,False,False
Raphanus sativus,a0bdd7f5c75c33e8,2818923,54,ok,,,,False,False
Raphanus sativus,a18bc7d4e249d739,7710722,55,ok,,,,False,False
Raphanus sativus,a5943a4be2cf5507,7231361,56,ok,,,,False,False
Raphanus sativus,a9381c584c68c9df,4910430,57,ok,,,,False,False
Raphanus sativus,ab77ff8916bf2f53,2199268,58,ok,,,,False,False
Raphanus sativus,ac25d230ade39948,8353714,59,ok,,,,False,False
Raphanus sativus,aefb24a55e5feb8c,7191543,60,ok,,,,False,False
Raphanus sativus,b156efe3b2d66341,1593787,61,ok,,,,False,False
Raphanus sativus,b60af02b890f3290,5011622,62,ok,,,,False,False
Raphanus sativus,b70246b66ae888c0,3443827,63,ok,,,,False,False
Raphanus sativus,b7df8e2e52c21a3c,7743010,64,ok,,,,False,False
Raphanus sativus,bf6ecd16ee212a48,4083098,65,ok,,,,False,False
Raphanus sativus,c0b55f1dfae13044,7417731,66,ok,,,,False,False
Raphanus sativus,c48aff921164ae07,7875692,67,ok,,,,False,False
Raphanus sativus,c50f27bfb9846fca,6608407,68,ok,,,,False,False
Raphanus sativus,c7358d81ec12c087,7127746,69,ok,,,,False,False
Raphanus sativus,d6c422d452d4e827,6534310,70,ok,,,,False,False
Raphanus sativus,db18021a15392aaa,2342916,71,ok,,,,False,False
Raphanus sativus,dede43f6251f7ee5,7895975,72,ok,,,,False,False
Raphanus sativus,df27c90039f237ec,1412447,73,ok,,,,False,False
Raphanus sativus,ee327247d642c8a3,7878731,74,ok,,,,False,False
Raphanus sativus,f04ca377e34b332f,6032781,75,ok,,,,False,False
Raphanus sativus,f1d799bc40e7904f,7102983,76,ok,,,,False,False
Raphanus sativus,f460c13e7cfe0254,7880537,77,ok,,,,False,False
Raphanus sativus,f5ef9be519d00f3e,3679920,78,ok,,,,False,False
Raphanus sativus,fe62161118224c00,8343658,79,ok,,,,False,False
Raphanus sativus,ff8493c7c579aa14,7204126,80,ok,,,,False,False
