blind_id,species,photo_id,photo_url,flower_visibility,visibility_failure_code,segmentation_status,segmentation_failure_code,colour_assignment,colour_state,notes
0176537d5144f894,Antirrhinum majus,86399173,https://inaturalist-open-data.s3.amazonaws.com/photos/86399173/large.jpeg,,,,,,,
051f8cd3f0eb321b,Antirrhinum majus,66134856,https://static.inaturalist.org/photos/66134856/large.jpg,,,,,,,
0907a26238b42d2a,Antirrhinum majus,80883828,https://inaturalist-open-data.s3.amazonaws.com/photos/80883828/large.jpeg,,,,,,,
0ae6d76b89653158,Antirrhinum majus,85433402,https://inaturalist-open-data.s3.amazonaws.com/photos/85433402/large.jpeg,,,,,,,
112cac5e0f54fb55,Antirrhinum majus,85228870,https://inaturalist-open-data.s3.amazonaws.com/photos/85228870/large.jpg,,,,,,,
183a8f76f6bc355c,Antirrhinum majus,41889010,https://inaturalist-open-data.s3.amazonaws.com/photos/41889010/large.jpg,,,,,,,
18f8a25df00ce628,Antirrhinum majus,91659585,https://inaturalist-open-data.s3.amazonaws.com/photos/91659585/large.jpg,,,,,,,
1c1f03b0dc5ca929,Antirrhinum majus,53377997,https://inaturalist-open-data.s3.amazonaws.com/photos/53377997/large.jpeg,,,,,,,
1fe540bf891a394e,Antirrhinum majus,91012202,https://static.inaturalist.org/photos/91012202/large.jpeg,,,,,,,
218b45f5a63c6000,Antirrhinum majus,43504109,https://inaturalist-open-data.s3.amazonaws.com/photos/43504109/large.jpeg,,,,,,,
21d987b2b349f90e,Antirrhinum majus,40364242,https://inaturalist-open-data.s3.amazonaws.com/photos/40364242/large.jpg,,,,,,,
25e411a2b4438b58,Antirrhinum majus,81382099,https://static.inaturalist.org/photos/81382099/large.jpeg,,,,,,,
2cf314ed8dc624d5,Antirrhinum majus,41830571,https://inaturalist-open-data.s3.amazonaws.com/photos/41830571/large.jpeg,,,,,,,
2dda3ce900d9b04d,Antirrhinum majus,100821953,https://inaturalist-open-data.s3.amazonaws.com/photos/100821953/large.jpg,,,,,,,
2efd07a219656400,Antirrhinum majus,63261801,https://static.inaturalist.org/photos/63261801/large.jpeg,,,,,,,
32b8b00fdb27037a,Antirrhinum majus,79662493,https://inaturalist-open-data.s3.amazonaws.com/photos/79662493/large.jpeg,,,,,,,
3449f322572aa874,Antirrhinum majus,52441296,https://inaturalist-open-data.s3.amazonaws.com/photos/52441296/large.jpeg,,,,,,,
35c749525028ca8f,Antirrhinum majus,11119297,https://inaturalist-open-data.s3.amazonaws.com/photos/11119297/large.jpg,,,,,,,
3e88bd835733db4c,Antirrhinum majus,51205138,https://inaturalist-open-data.s3.amazonaws.com/photos/51205138/large.jpeg,,,,,,,
40c6b9b972182cc4,Antirrhinum majus,51821475,https://static.inaturalist.org/photos/51821475/large.jpg,,,,,,,
4323f50ff49052f7,Antirrhinum majus,100499089,https://inaturalist-open-data.s3.amazonaws.com/photos/100499089/large.jpeg,,,,,,,
45a11d27a5cf7827,Antirrhinum majus,110425795,https://inaturalist-open-data.s3.amazonaws.com/photos/110425795/large.jpeg,,,,,,,
47638c6fd75220f1,Antirrhinum majus,42405783,https://static.inaturalist.org/photos/42405783/large.jpeg,,,,,,,
495e15e233638c96,Antirrhinum majus,233086283,https://static.inaturalist.org/photos/233086283/large.jpg,,,,,,,
4a7c684dee1b8b28,Antirrhinum majus,54242976,https://inaturalist-open-data.s3.amazonaws.com/photos/54242976/large.jpg,,,,,,,
4e24079bc3afeab8,Antirrhinum majus,43113980,https://inaturalist-open-data.s3.amazonaws.com/photos/43113980/large.jpg,,,,,,,
519620f8e25d0744,Antirrhinum majus,1740080,https://inaturalist-open-data.s3.amazonaws.com/photos/1740080/large.jpg,,,,,,,
51c7cc1cf0b5c735,Antirrhinum majus,40509424,https://static.inaturalist.org/photos/40509424/large.jpeg,,,,,,,
52adc3edbb421ad7,Antirrhinum majus,84278915,https://inaturalist-open-data.s3.amazonaws.com/photos/84278915/large.jpg,,,,,,,
5a3800e2b77a071a,Antirrhinum majus,71345222,https://inaturalist-open-data.s3.amazonaws.com/photos/71345222/large.jpg,,,,,,,
5d2b3388c504dfb3,Antirrhinum majus,39546343,https://inaturalist-open-data.s3.amazonaws.com/photos/39546343/large.jpeg,,,,,,,
5e1e1d313984cceb,Antirrhinum majus,85066605,https://inaturalist-open-data.s3.amazonaws.com/photos/85066605/large.jpeg,,,,,,,
5fc167e7c9501a36,Antirrhinum majus,68704418,https://inaturalist-open-data.s3.amazonaws.com/photos/68704418/large.jpg,,,,,,,
62a01c58fa3d6456,Antirrhinum majus,20485112,https://inaturalist-open-data.s3.amazonaws.com/photos/20485112/large.jpeg,,,,,,,
6573b02858aa3c7c,Antirrhinum majus,44618090,https://static.inaturalist.org/photos/44618090/large.jpg,,,,,,,
66e10eb96923225a,Antirrhinum majus,75219579,https://static.inaturalist.org/photos/75219579/large.jpeg,,,,,,,
6706088d13b6c63e,Antirrhinum majus,73396182,https://inaturalist-open-data.s3.amazonaws.com/photos/73396182/large.jpeg,,,,,,,
6893c7ec6729c6bc,Antirrhinum majus,35013683,https://static.inaturalist.org/photos/35013683/large.jpg,,,,,,,
71c9e0b492fd470f,Antirrhinum majus,22688963,https://static.inaturalist.org/photos/22688963/large.jpg,,,,,,,
76b89fc94541befb,Antirrhinum majus,2499721,https://static.inaturalist.org/photos/2499721/large.jpg,,,,,,,
7c54e0b1b479e99b,Antirrhinum majus,31273031,https://inaturalist-open-data.s3.amazonaws.com/photos/31273031/large.jpeg,,,,,,,
89a2db6091f9cf44,Antirrhinum majus,108240366,https://inaturalist-open-data.s3.amazonaws.com/photos/108240366/large.jpg,,,,,,,
8c3d61ec20a95087,Antirrhinum majus,49183837,https://static.inaturalist.org/photos/49183837/large.jpeg,,,,,,,
8c5c7f5052b76f5f,Antirrhinum majus,76110819,https://inaturalist-open-data.s3.amazonaws.com/photos/76110819/large.jpeg,,,,,,,
915a7ec13eceb563,Antirrhinum majus,35258649,https://inaturalist-open-data.s3.amazonaws.com/photos/35258649/large.jpeg,,,,,,,
968de05f4cd0b0b8,Antirrhinum majus,20955005,https://static.inaturalist.org/photos/20955005/large.jpg,,,,,,,
9698a328f1cf8b95,Antirrhinum majus,36839691,https://inaturalist-open-data.s3.amazonaws.com/photos/36839691/large.jpeg,,,,,,,
99ca30011440840e,Antirrhinum majus,41461147,https://inaturalist-open-data.s3.amazonaws.com/photos/41461147/large.jpeg,,,,,,,
9a1146d3f9a79e25,Antirrhinum majus,26800900,https://inaturalist-open-data.s3.amazonaws.com/photos/26800900/large.jpeg,,,,,,,
9a6a523bf89ada87,Antirrhinum majus,42234761,https://inaturalist-open-data.s3.amazonaws.com/photos/42234761/large.jpg,,,,,,,
a39f87d0e96cef67,Antirrhinum majus,6684098,https://static.inaturalist.org/photos/6684098/large.jpg,,,,,,,
a43dd745a10a9e56,Antirrhinum majus,53864411,https://inaturalist-open-data.s3.amazonaws.com/photos/53864411/large.jpeg,,,,,,,
a51e52ca4e3b1676,Antirrhinum majus,78735627,https://inaturalist-open-data.s3.amazonaws.com/photos/78735627/large.jpg,,,,,,,
a785bc5a808860bc,Antirrhinum majus,77939430,https://static.inaturalist.org/photos/77939430/large.jpg,,,,,,,
a87e51c75fcd5380,Antirrhinum majus,111148777,https://inaturalist-open-data.s3.amazonaws.com/photos/111148777/large.jpg,,,,,,,
b332ed16d1b6b021,Antirrhinum majus,10567038,https://static.inaturalist.org/photos/10567038/large.jpg,,,,,,,
b464d523f89fbd03,Antirrhinum majus,75161780,https://static.inaturalist.org/photos/75161780/large.jpeg,,,,,,,
b92bc07d9b04d4ae,Antirrhinum majus,62302712,https://inaturalist-open-data.s3.amazonaws.com/photos/62302712/large.jpeg,,,,,,,
be3d73ec6a6dfca1,Antirrhinum majus,47458133,https://inaturalist-open-data.s3.amazonaws.com/photos/47458133/large.jpeg,,,,,,,
bf7a39828dd5d084,Antirrhinum majus,74369626,https://inaturalist-open-data.s3.amazonaws.com/photos/74369626/large.jpg,,,,,,,
c1a08d2ab0eb0942,Antirrhinum majus,112973830,https://inaturalist-open-data.s3.amazonaws.com/photos/112973830/large.jpeg,,,,,,,
c4ec963853bfc67f,Antirrhinum majus,56925184,https://static.inaturalist.org/photos/56925184/large.jpg,,,,,,,
c767b9f02395c4fa,Antirrhinum majus,74079788,https://inaturalist-open-data.s3.amazonaws.com/photos/74079788/large.jpeg,,,,,,,
cc7aee5e67d58601,Antirrhinum majus,76407025,https://inaturalist-open-data.s3.amazonaws.com/photos/76407025/large.jpg,,,,,,,
d2751cf5ad0b6c32,Antirrhinum majus,75430727,https://static.inaturalist.org/photos/75430727/large.jpg,,,,,,,
df8868e6f97ef508,Antirrhinum majus,68262583,https://inaturalist-open-data.s3.amazonaws.com/photos/68262583/large.jpeg,,,,,,,
e07a385a3c0ebb8a,Antirrhinum majus,104309941,https://static.inaturalist.org/photos/104309941/large.jpg,,,,,,,
e371dd47b146f0ae,Antirrhinum majus,54225868,https://inaturalist-open-data.s3.amazonaws.com/photos/54225868/large.jpeg,,,,,,,
e7557a4d9376d9c8,Antirrhinum majus,103469004,https://inaturalist-open-data.s3.amazonaws.com/photos/103469004/large.jpeg,,,,,,,
e7db30617370144c,Antirrhinum majus,18238597,https://static.inaturalist.org/photos/18238597/large.jpeg,,,,,,,
e8f10071133120e3,Antirrhinum majus,53733732,https://static.inaturalist.org/photos/53733732/large.jpeg,,,,,,,
e9aba1f0d0263983,Antirrhinum majus,83815799,https://inaturalist-open-data.s3.amazonaws.com/photos/83815799/large.jpeg,,,,,,,
edf080030ffdae6e,Antirrhinum majus,102144766,https://inaturalist-open-data.s3.amazonaws.com/photos/102144766/large.jpeg,,,,,,,
f14a2d456ce5187e,Antirrhinum majus,12141570,https://inaturalist-open-data.s3.amazonaws.com/photos/12141570/large.jpeg,,,,,,,
f4aeeb7ab4451e47,Antirrhinum majus,15843025,https://inaturalist-open-data.s3.amazonaws.com/photos/15843025/large.jpeg,,,,,,,
f92e77e94a2bfcd3,Antirrhinum majus,79912582,https://inaturalist-open-data.s3.amazonaws.com/photos/79912582/large.jpeg,,,,,,,
fa227f8100237405,Antirrhinum majus,86143050,https://static.inaturalist.org/photos/86143050/large.jpg,,,,,,,
fb5b3b1646e2b47c,Antirrhinum majus,49086472,https://inaturalist-open-data.s3.amazonaws.com/photos/49086472/large.jpeg,,,,,,,
fc2c7c15856b80ec,Antirrhinum majus,41057368,https://inaturalist-open-data.s3.amazonaws.com/photos/41057368/large.jpeg,,,,,,,
ff8e64542a95f93a,Antirrhinum majus,32557407,https://inaturalist-open-data.s3.amazonaws.com/photos/32557407/large.jpg,,,,,,,
023f910bff4aa8c6,Dactylorhiza sambucina,78290955,https://inaturalist-open-data.s3.amazonaws.com/photos/78290955/large.jpg,,,,,,,
0aa24210e186d1c8,Dactylorhiza sambucina,19133453,https://inaturalist-open-data.s3.amazonaws.com/photos/19133453/large.jpeg,,,,,,,
1353445b8c07dbeb,Dactylorhiza sambucina,17886386,https://inaturalist-open-data.s3.amazonaws.com/photos/17886386/large.jpeg,,,,,,,
14175a73c6877f25,Dactylorhiza sambucina,70486248,https://inaturalist-open-data.s3.amazonaws.com/photos/70486248/large.jpeg,,,,,,,
1502767460850e5b,Dactylorhiza sambucina,79922783,https://inaturalist-open-data.s3.amazonaws.com/photos/79922783/large.jpg,,,,,,,
17a3fba3ecb6f3bf,Dactylorhiza sambucina,140278,https://static.inaturalist.org/photos/140278/large.jpg,,,,,,,
1cac9aaadbbd7353,Dactylorhiza sambucina,79766241,https://static.inaturalist.org/photos/79766241/large.jpg,,,,,,,
1d79ce03dddf58c9,Dactylorhiza sambucina,118236581,https://inaturalist-open-data.s3.amazonaws.com/photos/118236581/large.jpeg,,,,,,,
1daf931c924f8b60,Dactylorhiza sambucina,41042548,https://static.inaturalist.org/photos/41042548/large.jpg,,,,,,,
1db514213358ade6,Dactylorhiza sambucina,15425643,https://inaturalist-open-data.s3.amazonaws.com/photos/15425643/large.jpg,,,,,,,
2133d276d25178bb,Dactylorhiza sambucina,122737569,https://inaturalist-open-data.s3.amazonaws.com/photos/122737569/large.jpeg,,,,,,,
2209bcac6281d23b,Dactylorhiza sambucina,27728723,https://inaturalist-open-data.s3.amazonaws.com/photos/27728723/large.jpeg,,,,,,,
293f19f069d898fa,Dactylorhiza sambucina,125984155,https://static.inaturalist.org/photos/125984155/large.jpeg,,,,,,,
2abb0bf1a179c4ea,Dactylorhiza sambucina,65779299,https://inaturalist-open-data.s3.amazonaws.com/photos/65779299/large.jpg,,,,,,,
2b5409adce0dcfa6,Dactylorhiza sambucina,813138,https://inaturalist-open-data.s3.amazonaws.com/photos/813138/large.jpg,,,,,,,
2e7b63cd621eb040,Dactylorhiza sambucina,38661079,https://static.inaturalist.org/photos/38661079/large.jpg,,,,,,,
2f91dcdd0fbd0e41,Dactylorhiza sambucina,80802774,https://inaturalist-open-data.s3.amazonaws.com/photos/80802774/large.jpg,,,,,,,
322505326f3fef4d,Dactylorhiza sambucina,73388770,https://static.inaturalist.org/photos/73388770/large.jpg,,,,,,,
331fb6dd2a6e427d,Dactylorhiza sambucina,71000344,https://inaturalist-open-data.s3.amazonaws.com/photos/71000344/large.jpeg,,,,,,,
36af10fe2681a74f,Dactylorhiza sambucina,46933474,https://static.inaturalist.org/photos/46933474/large.jpeg,,,,,,,
39eaf6933ba71a08,Dactylorhiza sambucina,35672654,https://static.inaturalist.org/photos/35672654/large.jpeg,,,,,,,
3f565a3206a6a1cf,Dactylorhiza sambucina,99661183,https://inaturalist-open-data.s3.amazonaws.com/photos/99661183/large.jpeg,,,,,,,
3fd4485f80df9956,Dactylorhiza sambucina,94649431,https://static.inaturalist.org/photos/94649431/large.jpeg,,,,,,,
41a8488d018097f8,Dactylorhiza sambucina,127353064,https://inaturalist-open-data.s3.amazonaws.com/photos/127353064/large.jpeg,,,,,,,
4a68e375296a4559,Dactylorhiza sambucina,105488094,https://inaturalist-open-data.s3.amazonaws.com/photos/105488094/large.jpeg,,,,,,,
4be25f06d492a1fa,Dactylorhiza sambucina,70701430,https://static.inaturalist.org/photos/70701430/large.jpeg,,,,,,,
50aa165ce7b59dbe,Dactylorhiza sambucina,124547391,https://inaturalist-open-data.s3.amazonaws.com/photos/124547391/large.jpeg,,,,,,,
516dd95f43089bc3,Dactylorhiza sambucina,80253936,https://static.inaturalist.org/photos/80253936/large.jpg,,,,,,,
5c9dc6ced7b5b0e6,Dactylorhiza sambucina,111136324,https://inaturalist-open-data.s3.amazonaws.com/photos/111136324/large.jpg,,,,,,,
5df464a06bf4e98c,Dactylorhiza sambucina,71891688,https://inaturalist-open-data.s3.amazonaws.com/photos/71891688/large.jpeg,,,,,,,
6a60343df571fa2a,Dactylorhiza sambucina,107133898,https://static.inaturalist.org/photos/107133898/large.jpeg,,,,,,,
6afc7f81ccb467c1,Dactylorhiza sambucina,79426959,https://inaturalist-open-data.s3.amazonaws.com/photos/79426959/large.jpg,,,,,,,
7316838f8ff3782b,Dactylorhiza sambucina,18120634,https://inaturalist-open-data.s3.amazonaws.com/photos/18120634/large.jpg,,,,,,,
77eeaf2d055f02f2,Dactylorhiza sambucina,122160254,https://inaturalist-open-data.s3.amazonaws.com/photos/122160254/large.jpg,,,,,,,
7867f7653ea0a1bd,Dactylorhiza sambucina,69619311,https://static.inaturalist.org/photos/69619311/large.jpeg,,,,,,,
7ef46c5673519dd9,Dactylorhiza sambucina,41326134,https://inaturalist-open-data.s3.amazonaws.com/photos/41326134/large.jpg,,,,,,,
7f4a628f543ac5a1,Dactylorhiza sambucina,16241697,https://static.inaturalist.org/photos/16241697/large.jpg,,,,,,,
80087cc9e54d6242,Dactylorhiza sambucina,19063707,https://static.inaturalist.org/photos/19063707/large.jpeg,,,,,,,
886f8e8c64306c38,Dactylorhiza sambucina,72918871,https://inaturalist-open-data.s3.amazonaws.com/photos/72918871/large.jpeg,,,,,,,
8e340d229f7c147f,Dactylorhiza sambucina,69164527,https://inaturalist-open-data.s3.amazonaws.com/photos/69164527/large.jpeg,,,,,,,
909503eb103d192b,Dactylorhiza sambucina,69101680,https://inaturalist-open-data.s3.amazonaws.com/photos/69101680/large.jpg,,,,,,,
91399ce9cd3e5954,Dactylorhiza sambucina,17169090,https://inaturalist-open-data.s3.amazonaws.com/photos/17169090/large.jpeg,,,,,,,
9307eab4db10360d,Dactylorhiza sambucina,18774304,https://inaturalist-open-data.s3.amazonaws.com/photos/18774304/large.jpeg,,,,,,,
9443af7214525c08,Dactylorhiza sambucina,80075100,https://inaturalist-open-data.s3.amazonaws.com/photos/80075100/large.jpeg,,,,,,,
98eb41f4e4f106e2,Dactylorhiza sambucina,71797791,https://static.inaturalist.org/photos/71797791/large.jpg,,,,,,,
995cd5458de4efa4,Dactylorhiza sambucina,71266590,https://inaturalist-open-data.s3.amazonaws.com/photos/71266590/large.jpg,,,,,,,
99d1bf52bc71f5df,Dactylorhiza sambucina,27652687,https://static.inaturalist.org/photos/27652687/large.jpg,,,,,,,
9e8e00d45985b28b,Dactylorhiza sambucina,77782050,https://inaturalist-open-data.s3.amazonaws.com/photos/77782050/large.jpeg,,,,,,,
9e8edd4799737bea,Dactylorhiza sambucina,68934710,https://inaturalist-open-data.s3.amazonaws.com/photos/68934710/large.jpeg,,,,,,,
9ecbcfdd425a4f94,Dactylorhiza sambucina,18543485,https://inaturalist-open-data.s3.amazonaws.com/photos/18543485/large.jpg,,,,,,,
a40f513a925f03aa,Dactylorhiza sambucina,110761494,https://inaturalist-open-data.s3.amazonaws.com/photos/110761494/large.jpeg,,,,,,,
a55276b51e8cdfa9,Dactylorhiza sambucina,102077204,https://inaturalist-open-data.s3.amazonaws.com/photos/102077204/large.jpeg,,,,,,,
a68fe0e0d8c43d16,Dactylorhiza sambucina,127370346,https://inaturalist-open-data.s3.amazonaws.com/photos/127370346/large.jpg,,,,,,,
a7694b8864401b00,Dactylorhiza sambucina,113927183,https://inaturalist-open-data.s3.amazonaws.com/photos/113927183/large.jpeg,,,,,,,
adb763e1a27f12bd,Dactylorhiza sambucina,110758122,https://inaturalist-open-data.s3.amazonaws.com/photos/110758122/large.jpg,,,,,,,
b0d661aeeb601d97,Dactylorhiza sambucina,77166693,https://inaturalist-open-data.s3.amazonaws.com/photos/77166693/large.jpeg,,,,,,,
b1e3b5f6875b1b04,Dactylorhiza sambucina,7621789,https://static.inaturalist.org/photos/7621789/large.jpg,,,,,,,
b5b63eee19a8d559,Dactylorhiza sambucina,36671020,https://static.inaturalist.org/photos/36671020/large.jpg,,,,,,,
b674a404254f9b0a,Dactylorhiza sambucina,60541061,https://inaturalist-open-data.s3.amazonaws.com/photos/60541061/large.jpg,,,,,,,
b6c0fa3ddc1e3b53,Dactylorhiza sambucina,91971470,https://inaturalist-open-data.s3.amazonaws.com/photos/91971470/large.jpg,,,,,,,
b6e65e18228e8755,Dactylorhiza sambucina,3784089,https://inaturalist-open-data.s3.amazonaws.com/photos/3784089/large.jpeg,,,,,,,
bdd9752ca2cc50ce,Dactylorhiza sambucina,100384906,https://inaturalist-open-data.s3.amazonaws.com/photos/100384906/large.jpg,,,,,,,
cb338982b6e24a54,Dactylorhiza sambucina,122706417,https://inaturalist-open-data.s3.amazonaws.com/photos/122706417/large.jpg,,,,,,,
cc1dd9dfb0f7098b,Dactylorhiza sambucina,7898312,https://static.inaturalist.org/photos/7898312/large.jpeg,,,,,,,
d241299c914dc3f2,Dactylorhiza sambucina,65982615,https://inaturalist-open-data.s3.amazonaws.com/photos/65982615/large.jpeg,,,,,,,
d46f571d548a7d18,Dactylorhiza sambucina,71814769,https://static.inaturalist.org/photos/71814769/large.jpeg,,,,,,,
d64104f5d9f6468d,Dactylorhiza sambucina,840625,https://inaturalist-open-data.s3.amazonaws.com/photos/840625/large.JPG,,,,,,,
d92c5fb47e09d93b,Dactylorhiza sambucina,91953460,https://inaturalist-open-data.s3.amazonaws.com/photos/91953460/large.jpg,,,,,,,
de58c749ab78e467,Dactylorhiza sambucina,72116552,https://static.inaturalist.org/photos/72116552/large.jpg,,,,,,,
ed65051ea8072613,Dactylorhiza sambucina,126618835,https://static.inaturalist.org/photos/126618835/large.jpg,,,,,,,
efbe90b1e9a8d849,Dactylorhiza sambucina,41670715,https://static.inaturalist.org/photos/41670715/large.jpeg,,,,,,,
f0f8f80a58ee5800,Dactylorhiza sambucina,108632540,https://inaturalist-open-data.s3.amazonaws.com/photos/108632540/large.jpg,,,,,,,
f22c4cb99d738b22,Dactylorhiza sambucina,73306623,https://inaturalist-open-data.s3.amazonaws.com/photos/73306623/large.jpg,,,,,,,
f5534f7a6153b29d,Dactylorhiza sambucina,76318568,https://static.inaturalist.org/photos/76318568/large.jpg,,,,,,,
f7102bc79a174afc,Dactylorhiza sambucina,72478453,https://static.inaturalist.org/photos/72478453/large.jpeg,,,,,,,
f72015cf11f3e366,Dactylorhiza sambucina,38507303,https://inaturalist-open-data.s3.amazonaws.com/photos/38507303/large.jpeg,,,,,,,
f7b46d855d8c61df,Dactylorhiza sambucina,109930018,https://inaturalist-open-data.s3.amazonaws.com/photos/109930018/large.jpg,,,,,,,
f822f2584af4ab75,Dactylorhiza sambucina,127375696,https://inaturalist-open-data.s3.amazonaws.com/photos/127375696/large.jpeg,,,,,,,
fc7eb44327b48a9f,Dactylorhiza sambucina,127659289,https://inaturalist-open-data.s3.amazonaws.com/photos/127659289/large.jpg,,,,,,,
ff84c2d409938f5a,Dactylorhiza sambucina,112801536,https://inaturalist-open-data.s3.amazonaws.com/photos/112801536/large.jpeg,,,,,,,
00b0caa6aa902f40,Gentiana lutea,96227423,https://inaturalist-open-data.s3.amazonaws.com/photos/96227423/large.jpg,,,,,,,
061dbdb3dac2e947,Gentiana lutea,86417634,https://inaturalist-open-data.s3.amazonaws.com/photos/86417634/large.jpg,,,,,,,
061e289fb3e289bd,Gentiana lutea,89278692,https://inaturalist-open-data.s3.amazonaws.com/photos/89278692/large.jpeg,,,,,,,
06e77876abbe6909,Gentiana lutea,42907609,https://inaturalist-open-data.s3.amazonaws.com/photos/42907609/large.jpg,,,,,,,
070eb2cea12bbe1a,Gentiana lutea,59382693,https://inaturalist-open-data.s3.amazonaws.com/photos/59382693/large.jpg,,,,,,,
07af513e54c72a69,Gentiana lutea,24539313,https://inaturalist-open-data.s3.amazonaws.com/photos/24539313/large.jpeg,,,,,,,
08ae8e42f0f8ac7c,Gentiana lutea,47162804,https://inaturalist-open-data.s3.amazonaws.com/photos/47162804/large.jpg,,,,,,,
08cc868ed94f24d9,Gentiana lutea,45143086,https://inaturalist-open-data.s3.amazonaws.com/photos/45143086/large.jpg,,,,,,,
0b0cb4465f4de6e4,Gentiana lutea,88330059,https://inaturalist-open-data.s3.amazonaws.com/photos/88330059/large.jpg,,,,,,,
0ffb573676e009d8,Gentiana lutea,85829329,https://static.inaturalist.org/photos/85829329/large.jpeg,,,,,,,
17604a8de44906d5,Gentiana lutea,65883325,https://inaturalist-open-data.s3.amazonaws.com/photos/65883325/large.jpeg,,,,,,,
17ecf59968b4bf79,Gentiana lutea,114654192,https://inaturalist-open-data.s3.amazonaws.com/photos/114654192/large.jpeg,,,,,,,
187a3db715bacea4,Gentiana lutea,53894086,https://inaturalist-open-data.s3.amazonaws.com/photos/53894086/large.jpg,,,,,,,
1a800af474a2ea51,Gentiana lutea,128079610,https://inaturalist-open-data.s3.amazonaws.com/photos/128079610/large.jpeg,,,,,,,
1ecc21c11a971750,Gentiana lutea,87095616,https://inaturalist-open-data.s3.amazonaws.com/photos/87095616/large.jpg,,,,,,,
2037cd78fc7c472a,Gentiana lutea,38717796,https://static.inaturalist.org/photos/38717796/large.jpeg,,,,,,,
21504e4918574186,Gentiana lutea,90463050,https://inaturalist-open-data.s3.amazonaws.com/photos/90463050/large.jpg,,,,,,,
2211490b0b8ed5c4,Gentiana lutea,136470049,https://inaturalist-open-data.s3.amazonaws.com/photos/136470049/large.jpg,,,,,,,
224e3673b4afe112,Gentiana lutea,71579638,https://inaturalist-open-data.s3.amazonaws.com/photos/71579638/large.jpg,,,,,,,
2751828abadea44c,Gentiana lutea,88856435,https://inaturalist-open-data.s3.amazonaws.com/photos/88856435/large.jpg,,,,,,,
278b9309d8d5b434,Gentiana lutea,47958886,https://inaturalist-open-data.s3.amazonaws.com/photos/47958886/large.jpeg,,,,,,,
2ab943c86f0daf47,Gentiana lutea,10746513,https://inaturalist-open-data.s3.amazonaws.com/photos/10746513/large.jpeg,,,,,,,
2c233387ef987b7d,Gentiana lutea,10746059,https://inaturalist-open-data.s3.amazonaws.com/photos/10746059/large.jpeg,,,,,,,
2d22188616131c23,Gentiana lutea,88196623,https://inaturalist-open-data.s3.amazonaws.com/photos/88196623/large.jpeg,,,,,,,
30a57241a4e66556,Gentiana lutea,104487766,https://inaturalist-open-data.s3.amazonaws.com/photos/104487766/large.jpeg,,,,,,,
35a7e5a03bc0394e,Gentiana lutea,12380040,https://inaturalist-open-data.s3.amazonaws.com/photos/12380040/large.jpg,,,,,,,
367f3794f4b61971,Gentiana lutea,2651217,https://inaturalist-open-data.s3.amazonaws.com/photos/2651217/large.jpg,,,,,,,
43f6659b858345dd,Gentiana lutea,127143540,https://static.inaturalist.org/photos/127143540/large.jpeg,,,,,,,
4548d30f838f0abe,Gentiana lutea,47107599,https://inaturalist-open-data.s3.amazonaws.com/photos/47107599/large.jpeg,,,,,,,
51c160b18d2db008,Gentiana lutea,110761818,https://inaturalist-open-data.s3.amazonaws.com/photos/110761818/large.jpeg,,,,,,,
53a6375c4ac77481,Gentiana lutea,90238511,https://inaturalist-open-data.s3.amazonaws.com/photos/90238511/large.jpeg,,,,,,,
53c13a610aac970c,Gentiana lutea,6124661,https://inaturalist-open-data.s3.amazonaws.com/photos/6124661/large.jpg,,,,,,,
56d28971ca3b1d0d,Gentiana lutea,115052465,https://inaturalist-open-data.s3.amazonaws.com/photos/115052465/large.jpg,,,,,,,
57c70f2524269a9c,Gentiana lutea,85958089,https://static.inaturalist.org/photos/85958089/large.jpg,,,,,,,
58fcdb64d7bf407d,Gentiana lutea,36568389,https://static.inaturalist.org/photos/36568389/large.jpeg,,,,,,,
591abd67ff8f4b5a,Gentiana lutea,81347196,https://inaturalist-open-data.s3.amazonaws.com/photos/81347196/large.jpeg,,,,,,,
5bdb3ed16f3fb54a,Gentiana lutea,90174647,https://static.inaturalist.org/photos/90174647/large.jpg,,,,,,,
5c70967686fdcc8c,Gentiana lutea,92334739,https://inaturalist-open-data.s3.amazonaws.com/photos/92334739/large.jpeg,,,,,,,
5df8a34871c7a161,Gentiana lutea,82699785,https://static.inaturalist.org/photos/82699785/large.jpeg,,,,,,,
6040fe7658c786e5,Gentiana lutea,18651548,https://static.inaturalist.org/photos/18651548/large.jpg,,,,,,,
60ba27ab0970073c,Gentiana lutea,85199430,https://static.inaturalist.org/photos/85199430/large.jpeg,,,,,,,
62cbbb246335cce7,Gentiana lutea,4858113,https://inaturalist-open-data.s3.amazonaws.com/photos/4858113/large.jpg,,,,,,,
65408ea93567b808,Gentiana lutea,134774721,https://inaturalist-open-data.s3.amazonaws.com/photos/134774721/large.jpg,,,,,,,
66cf12f6a17a05ae,Gentiana lutea,85235619,https://static.inaturalist.org/photos/85235619/large.jpg,,,,,,,
6e87d91fedfce7dd,Gentiana lutea,6774944,https://inaturalist-open-data.s3.amazonaws.com/photos/6774944/large.jpeg,,,,,,,
73ba66d875f367b0,Gentiana lutea,87391480,https://inaturalist-open-data.s3.amazonaws.com/photos/87391480/large.jpeg,,,,,,,
78aef8b3c724853d,Gentiana lutea,22842775,https://static.inaturalist.org/photos/22842775/large.jpg,,,,,,,
7a64c14b206935e3,Gentiana lutea,31039255,https://inaturalist-open-data.s3.amazonaws.com/photos/31039255/large.jpeg,,,,,,,
7c01c354841c3c33,Gentiana lutea,110179275,https://inaturalist-open-data.s3.amazonaws.com/photos/110179275/large.jpeg,,,,,,,
7f73694da85dc2e6,Gentiana lutea,109086433,https://inaturalist-open-data.s3.amazonaws.com/photos/109086433/large.jpg,,,,,,,
834c0f93778e7c5a,Gentiana lutea,21825404,https://static.inaturalist.org/photos/21825404/large.jpg,,,,,,,
86a940ee212a053c,Gentiana lutea,60063839,https://inaturalist-open-data.s3.amazonaws.com/photos/60063839/large.jpeg,,,,,,,
89c5476a3a7f047c,Gentiana lutea,43699118,https://static.inaturalist.org/photos/43699118/large.jpeg,,,,,,,
8a863c9c14cf520f,Gentiana lutea,22153069,https://static.inaturalist.org/photos/22153069/large.jpeg,,,,,,,
9ac2db8e8d425ee9,Gentiana lutea,132854075,https://static.inaturalist.org/photos/132854075/large.jpg,,,,,,,
a866b61cb25c6259,Gentiana lutea,133764082,https://inaturalist-open-data.s3.amazonaws.com/photos/133764082/large.jpg,,,,,,,
a9154c1958596611,Gentiana lutea,86243459,https://static.inaturalist.org/photos/86243459/large.jpeg,,,,,,,
b4dad8e0c70b0983,Gentiana lutea,84243769,https://inaturalist-open-data.s3.amazonaws.com/photos/84243769/large.jpeg,,,,,,,
b61b7d865cab61fa,Gentiana lutea,136105286,https://inaturalist-open-data.s3.amazonaws.com/photos/136105286/large.jpeg,,,,,,,
ba0ffae740601414,Gentiana lutea,23391445,https://inaturalist-open-data.s3.amazonaws.com/photos/23391445/large.jpeg,,,,,,,
bb4a781bb7b1a2c2,Gentiana lutea,17833542,https://static.inaturalist.org/photos/17833542/large.jpeg,,,,,,,
bbad04b1fb0f5bad,Gentiana lutea,22349110,https://inaturalist-open-data.s3.amazonaws.com/photos/22349110/large.jpg,,,,,,,
c41ae2c3f249d34c,Gentiana lutea,84355074,https://inaturalist-open-data.s3.amazonaws.com/photos/84355074/large.jpg,,,,,,,
c82f7910014481ef,Gentiana lutea,84420104,https://inaturalist-open-data.s3.amazonaws.com/photos/84420104/large.jpg,,,,,,,
cab8cada56270804,Gentiana lutea,21451400,https://inaturalist-open-data.s3.amazonaws.com/photos/21451400/large.jpeg,,,,,,,
cd23637698798e51,Gentiana lutea,136293232,https://static.inaturalist.org/photos/136293232/large.jpeg,,,,,,,
cd662b105bb37bca,Gentiana lutea,25635218,https://static.inaturalist.org/photos/25635218/large.jpg,,,,,,,
ce548ab48bfa080f,Gentiana lutea,135583561,https://inaturalist-open-data.s3.amazonaws.com/photos/135583561/large.jpg,,,,,,,
d559f5cfb2b62cbe,Gentiana lutea,19688443,https://static.inaturalist.org/photos/19688443/large.jpg,,,,,,,
dc68a81222b3bce6,Gentiana lutea,20251592,https://inaturalist-open-data.s3.amazonaws.com/photos/20251592/large.jpg,,,,,,,
df645c453b631646,Gentiana lutea,85843606,https://static.inaturalist.org/photos/85843606/large.jpeg,,,,,,,
e85a539e89767374,Gentiana lutea,86242838,https://static.inaturalist.org/photos/86242838/large.jpeg,,,,,,,
ec044999acc15353,Gentiana lutea,47834469,https://inaturalist-open-data.s3.amazonaws.com/photos/47834469/large.jpeg,,,,,,,
f7e48937804464e0,Gentiana lutea,11913262,https://inaturalist-open-data.s3.amazonaws.com/photos/11913262/large.jpg,,,,,,,
f942a33d14645524,Gentiana lutea,82482517,https://inaturalist-open-data.s3.amazonaws.com/photos/82482517/large.jpeg,,,,,,,
f94ba086d2b06897,Gentiana lutea,80484762,https://inaturalist-open-data.s3.amazonaws.com/photos/80484762/large.jpg,,,,,,,
fa2d9576597354c0,Gentiana lutea,84909161,https://inaturalist-open-data.s3.amazonaws.com/photos/84909161/large.jpg,,,,,,,
ff87e4f0f2f54cc4,Gentiana lutea,92799054,https://inaturalist-open-data.s3.amazonaws.com/photos/92799054/large.jpeg,,,,,,,
ffbe2726a0deff04,Gentiana lutea,8805335,https://inaturalist-open-data.s3.amazonaws.com/photos/8805335/large.jpg,,,,,,,
fffe0296e4761021,Gentiana lutea,85291728,https://static.inaturalist.org/photos/85291728/large.jpeg,,,,,,,
02db3a10e0f396cf,Ipomoea purpurea,16186204,https://inaturalist-open-data.s3.amazonaws.com/photos/16186204/large.jpeg,,,,,,,
042a1d1b8318ad88,Ipomoea purpurea,20606813,https://static.inaturalist.org/photos/20606813/large.jpg,,,,,,,
08c6fc783b93771f,Ipomoea purpurea,21355759,https://static.inaturalist.org/photos/21355759/large.jpg,,,,,,,
0eaeb045be2db34e,Ipomoea purpurea,159614,https://static.inaturalist.org/photos/159614/large.jpg,,,,,,,
13250b0f2fd49bed,Ipomoea purpurea,5468954,https://static.inaturalist.org/photos/5468954/large.jpg,,,,,,,
17e483d0049700ed,Ipomoea purpurea,16112301,https://static.inaturalist.org/photos/16112301/large.jpeg,,,,,,,
1ab956cde8e451f3,Ipomoea purpurea,4631801,https://inaturalist-open-data.s3.amazonaws.com/photos/4631801/large.jpeg,,,,,,,
1c4eaed31a866360,Ipomoea purpurea,5208180,https://inaturalist-open-data.s3.amazonaws.com/photos/5208180/large.jpeg,,,,,,,
24fe5b40f401515a,Ipomoea purpurea,18934907,https://static.inaturalist.org/photos/18934907/large.jpg,,,,,,,
266760affd3551b4,Ipomoea purpurea,8507132,https://inaturalist-open-data.s3.amazonaws.com/photos/8507132/large.jpg,,,,,,,
2cb9d0f2674f1036,Ipomoea purpurea,6678192,https://inaturalist-open-data.s3.amazonaws.com/photos/6678192/large.jpg,,,,,,,
363d8268d3787b14,Ipomoea purpurea,21201654,https://inaturalist-open-data.s3.amazonaws.com/photos/21201654/large.jpg,,,,,,,
3919e69dcc3c5aaf,Ipomoea purpurea,19976814,https://inaturalist-open-data.s3.amazonaws.com/photos/19976814/large.jpeg,,,,,,,
3c87cd73029d979a,Ipomoea purpurea,11473602,https://inaturalist-open-data.s3.amazonaws.com/photos/11473602/large.jpg,,,,,,,
4204d914f699581a,Ipomoea purpurea,4320843,https://inaturalist-open-data.s3.amazonaws.com/photos/4320843/large.jpg,,,,,,,
424059b7cca8c0bc,Ipomoea purpurea,17837205,https://static.inaturalist.org/photos/17837205/large.jpeg,,,,,,,
44ad4301f37ef9ba,Ipomoea purpurea,12414148,https://inaturalist-open-data.s3.amazonaws.com/photos/12414148/large.jpeg,,,,,,,
46e819035c33690a,Ipomoea purpurea,4966284,https://inaturalist-open-data.s3.amazonaws.com/photos/4966284/large.jpg,,,,,,,
471bad3feae73cb9,Ipomoea purpurea,8911825,https://inaturalist-open-data.s3.amazonaws.com/photos/8911825/large.jpeg,,,,,,,
490ad899c61bd3e1,Ipomoea purpurea,10621563,https://static.inaturalist.org/photos/10621563/large.jpg,,,,,,,
4b7cbf050b2dc187,Ipomoea purpurea,556263,https://inaturalist-open-data.s3.amazonaws.com/photos/556263/large.jpg,,,,,,,
55b96ef7430cd0b9,Ipomoea purpurea,20138891,https://inaturalist-open-data.s3.amazonaws.com/photos/20138891/large.jpeg,,,,,,,
568f29af05e14ff8,Ipomoea purpurea,549301,https://static.inaturalist.org/photos/549301/large.jpg,,,,,,,
58bb6432922bab79,Ipomoea purpurea,18257937,https://inaturalist-open-data.s3.amazonaws.com/photos/18257937/large.jpeg,,,,,,,
5cf02a6091cf4746,Ipomoea purpurea,21660382,https://inaturalist-open-data.s3.amazonaws.com/photos/21660382/large.jpeg,,,,,,,
5d3cd115376f761b,Ipomoea purpurea,11297728,https://inaturalist-open-data.s3.amazonaws.com/photos/11297728/large.jpg,,,,,,,
5e81146573e03b69,Ipomoea purpurea,12111124,https://static.inaturalist.org/photos/12111124/large.jpg,,,,,,,
5eecbef17ae19d4d,Ipomoea purpurea,10075176,https://static.inaturalist.org/photos/10075176/large.jpg,,,,,,,
62655c542767dbad,Ipomoea purpurea,9857900,https://inaturalist-open-data.s3.amazonaws.com/photos/9857900/large.jpg,,,,,,,
636e7c5ca1ca81e3,Ipomoea purpurea,21006454,https://inaturalist-open-data.s3.amazonaws.com/photos/21006454/large.jpeg,,,,,,,
68dc26130991aee1,Ipomoea purpurea,9204268,https://static.inaturalist.org/photos/9204268/large.jpg,,,,,,,
6957c273e870b89c,Ipomoea purpurea,9175298,https://static.inaturalist.org/photos/9175298/large.jpg,,,,,,,
6c6c12f9bb430e85,Ipomoea purpurea,11509779,https://static.inaturalist.org/photos/11509779/large.jpg,,,,,,,
6f07e247bd6b4013,Ipomoea purpurea,5324647,https://static.inaturalist.org/photos/5324647/large.jpg,,,,,,,
70a68456efc9b2a6,Ipomoea purpurea,19173379,https://static.inaturalist.org/photos/19173379/large.jpeg,,,,,,,
7ba669d659ee517b,Ipomoea purpurea,10467777,https://static.inaturalist.org/photos/10467777/large.jpeg,,,,,,,
7dbf40bcacc0a617,Ipomoea purpurea,11001334,https://inaturalist-open-data.s3.amazonaws.com/photos/11001334/large.jpg,,,,,,,
7e1274675901620d,Ipomoea purpurea,9876774,https://inaturalist-open-data.s3.amazonaws.com/photos/9876774/large.jpeg,,,,,,,
8475257bf1bad771,Ipomoea purpurea,19928477,https://inaturalist-open-data.s3.amazonaws.com/photos/19928477/large.jpg,,,,,,,
85cf1a1492076924,Ipomoea purpurea,10754403,https://inaturalist-open-data.s3.amazonaws.com/photos/10754403/large.jpeg,,,,,,,
89911fd54203d3f0,Ipomoea purpurea,22208415,https://static.inaturalist.org/photos/22208415/large.jpg,,,,,,,
99ec9f438fa4f0d0,Ipomoea purpurea,22362010,https://static.inaturalist.org/photos/22362010/large.jpeg,,,,,,,
9b06302410f68fe8,Ipomoea purpurea,12562251,https://inaturalist-open-data.s3.amazonaws.com/photos/12562251/large.jpg,,,,,,,
9e7d98c2ca3939b6,Ipomoea purpurea,2759819,https://inaturalist-open-data.s3.amazonaws.com/photos/2759819/large.jpg,,,,,,,
9f00541ea2277bbf,Ipomoea purpurea,5444702,https://inaturalist-open-data.s3.amazonaws.com/photos/5444702/large.jpeg,,,,,,,
a000e6ffd961d227,Ipomoea purpurea,21890392,https://inaturalist-open-data.s3.amazonaws.com/photos/21890392/large.jpg,,,,,,,
a562a9ff2e8fd7e7,Ipomoea purpurea,4508779,https://static.inaturalist.org/photos/4508779/large.jpg,,,,,,,
aa92c0048b8a9706,Ipomoea purpurea,4344804,https://inaturalist-open-data.s3.amazonaws.com/photos/4344804/large.jpeg,,,,,,,
ab5e921d7be404d4,Ipomoea purpurea,12653161,https://inaturalist-open-data.s3.amazonaws.com/photos/12653161/large.jpg,,,,,,,
ac3a3197ea3b90c6,Ipomoea purpurea,9340064,https://inaturalist-open-data.s3.amazonaws.com/photos/9340064/large.jpg,,,,,,,
acffa70855162d0d,Ipomoea purpurea,11107521,https://inaturalist-open-data.s3.amazonaws.com/photos/11107521/large.jpg,,,,,,,
af1a1e789d2f2b7b,Ipomoea purpurea,14175928,https://static.inaturalist.org/photos/14175928/large.jpeg,,,,,,,
b1ccbc7b3fe9d50f,Ipomoea purpurea,2802497,https://inaturalist-open-data.s3.amazonaws.com/photos/2802497/large.JPG,,,,,,,
b479284c5411a622,Ipomoea purpurea,10864525,https://static.inaturalist.org/photos/10864525/large.jpeg,,,,,,,
b8ca7ea590df1815,Ipomoea purpurea,13917525,https://inaturalist-open-data.s3.amazonaws.com/photos/13917525/large.jpeg,,,,,,,
baf1e48968a9e446,Ipomoea purpurea,478410,https://inaturalist-open-data.s3.amazonaws.com/photos/478410/large.jpg,,,,,,,
bb496da3656c0258,Ipomoea purpurea,12050503,https://inaturalist-open-data.s3.amazonaws.com/photos/12050503/large.jpg,,,,,,,
bb7f643197edaed3,Ipomoea purpurea,5146754,https://inaturalist-open-data.s3.amazonaws.com/photos/5146754/large.jpeg,,,,,,,
bd72ad82bf81bd78,Ipomoea purpurea,4698216,https://inaturalist-open-data.s3.amazonaws.com/photos/4698216/large.jpeg,,,,,,,
c2979ba0e057aef4,Ipomoea purpurea,3321356,https://inaturalist-open-data.s3.amazonaws.com/photos/3321356/large.jpg,,,,,,,
c39dfeaa110f9fd9,Ipomoea purpurea,10073418,https://static.inaturalist.org/photos/10073418/large.jpeg,,,,,,,
c5f5f03e70010a09,Ipomoea purpurea,11227827,https://static.inaturalist.org/photos/11227827/large.jpg,,,,,,,
c70e53b586a46ccb,Ipomoea purpurea,8351579,https://inaturalist-open-data.s3.amazonaws.com/photos/8351579/large.jpg,,,,,,,
c71e1fcc57c1f08b,Ipomoea purpurea,9322774,https://inaturalist-open-data.s3.amazonaws.com/photos/9322774/large.jpeg,,,,,,,
c988e74a14a31881,Ipomoea purpurea,10179089,https://inaturalist-open-data.s3.amazonaws.com/photos/10179089/large.jpeg,,,,,,,
cda8fc73d073f3b2,Ipomoea purpurea,5021775,https://inaturalist-open-data.s3.amazonaws.com/photos/5021775/large.jpg,,,,,,,
cfb1052b25bcc464,Ipomoea purpurea,11857336,https://static.inaturalist.org/photos/11857336/large.jpg,,,,,,,
d004776b72dd1561,Ipomoea purpurea,11189332,https://inaturalist-open-data.s3.amazonaws.com/photos/11189332/large.jpeg,,,,,,,
d895a6b337d08a38,Ipomoea purpurea,13258209,https://inaturalist-open-data.s3.amazonaws.com/photos/13258209/large.jpeg,,,,,,,
dc9a84d8c6d38346,Ipomoea purpurea,21159036,https://inaturalist-open-data.s3.amazonaws.com/photos/21159036/large.jpeg,,,,,,,
de3ac945c980095b,Ipomoea purpurea,5797778,https://inaturalist-open-data.s3.amazonaws.com/photos/5797778/large.jpeg,,,,,,,
e05c9475c35922e6,Ipomoea purpurea,13475729,https://static.inaturalist.org/photos/13475729/large.jpg,,,,,,,
e0d8c5d5da6ed922,Ipomoea purpurea,17513770,https://inaturalist-open-data.s3.amazonaws.com/photos/17513770/large.jpg,,,,,,,
e8ae15e40b6c59ff,Ipomoea purpurea,20736093,https://inaturalist-open-data.s3.amazonaws.com/photos/20736093/large.jpg,,,,,,,
f31bc3f2854a327d,Ipomoea purpurea,11469260,https://static.inaturalist.org/photos/11469260/large.jpeg,,,,,,,
f5b940e174cec81d,Ipomoea purpurea,4625487,https://inaturalist-open-data.s3.amazonaws.com/photos/4625487/large.jpeg,,,,,,,
f5e2db9d2a95d866,Ipomoea purpurea,11757174,https://inaturalist-open-data.s3.amazonaws.com/photos/11757174/large.jpeg,,,,,,,
f9532619b13bb040,Ipomoea purpurea,1639652,https://inaturalist-open-data.s3.amazonaws.com/photos/1639652/large.jpg,,,,,,,
f968ff65eefbe8f2,Ipomoea purpurea,20309262,https://inaturalist-open-data.s3.amazonaws.com/photos/20309262/large.jpg,,,,,,,
fabdfe81ed7035e7,Ipomoea purpurea,13071139,https://static.inaturalist.org/photos/13071139/large.jpg,,,,,,,
0741878b1083634e,Lysimachia arvensis,1852628,https://inaturalist-open-data.s3.amazonaws.com/photos/1852628/large.jpg,,,,,,,
074898d0b2bc95d5,Lysimachia arvensis,4321420,https://inaturalist-open-data.s3.amazonaws.com/photos/4321420/large.jpg,,,,,,,
121642f304108bd4,Lysimachia arvensis,1682740,https://inaturalist-open-data.s3.amazonaws.com/photos/1682740/large.JPG,,,,,,,
12dd3e570b8a7c71,Lysimachia arvensis,3490087,https://inaturalist-open-data.s3.amazonaws.com/photos/3490087/large.jpg,,,,,,,
1d9ed378f12e2b1c,Lysimachia arvensis,2086212,https://static.inaturalist.org/photos/2086212/large.jpg,,,,,,,
1f5cf8d16a5cc568,Lysimachia arvensis,2163538,https://static.inaturalist.org/photos/2163538/large.jpg,,,,,,,
1f6d6448a2c6aed2,Lysimachia arvensis,1916500,https://inaturalist-open-data.s3.amazonaws.com/photos/1916500/large.JPG,,,,,,,
2236c7f83d317cfa,Lysimachia arvensis,4563102,https://inaturalist-open-data.s3.amazonaws.com/photos/4563102/large.jpeg,,,,,,,
22c9ea9e7e4b6d3f,Lysimachia arvensis,2784335,https://inaturalist-open-data.s3.amazonaws.com/photos/2784335/large.JPG,,,,,,,
272c7ce8a9ba3980,Lysimachia arvensis,2220314,https://inaturalist-open-data.s3.amazonaws.com/photos/2220314/large.JPG,,,,,,,
29982f4b0e6bc63a,Lysimachia arvensis,3313851,https://inaturalist-open-data.s3.amazonaws.com/photos/3313851/large.JPG,,,,,,,
2a5610dc39455f8d,Lysimachia arvensis,3840260,https://inaturalist-open-data.s3.amazonaws.com/photos/3840260/large.jpg,,,,,,,
2cb623306425a74c,Lysimachia arvensis,3136824,https://inaturalist-open-data.s3.amazonaws.com/photos/3136824/large.jpg,,,,,,,
2fcebc2b49f4143f,Lysimachia arvensis,953204,https://static.inaturalist.org/photos/953204/large.jpg,,,,,,,
34da43a2ed8c5fd6,Lysimachia arvensis,5040970,https://inaturalist-open-data.s3.amazonaws.com/photos/5040970/large.jpg,,,,,,,
35a228bc97847689,Lysimachia arvensis,844032,https://inaturalist-open-data.s3.amazonaws.com/photos/844032/large.jpg,,,,,,,
3a346b440c1d3cbf,Lysimachia arvensis,1926846,https://inaturalist-open-data.s3.amazonaws.com/photos/1926846/large.jpg,,,,,,,
3b232876a95c5b56,Lysimachia arvensis,3227804,https://inaturalist-open-data.s3.amazonaws.com/photos/3227804/large.jpg,,,,,,,
43024c6c8b737260,Lysimachia arvensis,2325975,https://static.inaturalist.org/photos/2325975/large.JPG,,,,,,,
45340d44f48cb586,Lysimachia arvensis,4847117,https://inaturalist-open-data.s3.amazonaws.com/photos/4847117/large.jpg,,,,,,,
4658ef8f1e901bb6,Lysimachia arvensis,3696994,https://inaturalist-open-data.s3.amazonaws.com/photos/3696994/large.JPG,,,,,,,
4716d8c503e589cf,Lysimachia arvensis,3616940,https://inaturalist-open-data.s3.amazonaws.com/photos/3616940/large.JPG,,,,,,,
47243102d1cc4547,Lysimachia arvensis,122329,https://inaturalist-open-data.s3.amazonaws.com/photos/122329/large.jpg,,,,,,,
4c4a2dd47c9981d0,Lysimachia arvensis,3984238,https://inaturalist-open-data.s3.amazonaws.com/photos/3984238/large.jpg,,,,,,,
530a66a6e7223428,Lysimachia arvensis,1213059,https://inaturalist-open-data.s3.amazonaws.com/photos/1213059/large.,,,,,,,
545512d859a9b8c6,Lysimachia arvensis,3139734,https://inaturalist-open-data.s3.amazonaws.com/photos/3139734/large.jpg,,,,,,,
573c62768ad9c11c,Lysimachia arvensis,4352054,https://inaturalist-open-data.s3.amazonaws.com/photos/4352054/large.jpeg,,,,,,,
6270576ce1aa07f2,Lysimachia arvensis,3266694,https://inaturalist-open-data.s3.amazonaws.com/photos/3266694/large.jpg,,,,,,,
6687b589e12fbcdb,Lysimachia arvensis,655253,https://inaturalist-open-data.s3.amazonaws.com/photos/655253/large.JPG,,,,,,,
6cf272585999e409,Lysimachia arvensis,3468790,https://inaturalist-open-data.s3.amazonaws.com/photos/3468790/large.jpg,,,,,,,
6eca9cb609818e6d,Lysimachia arvensis,173072,https://static.inaturalist.org/photos/173072/large.jpg,,,,,,,
6eecdbf7cbc00a95,Lysimachia arvensis,905752,https://static.inaturalist.org/photos/905752/large.jpg,,,,,,,
7050cee5deaa5b82,Lysimachia arvensis,2032995,https://static.inaturalist.org/photos/2032995/large.jpg,,,,,,,
72375e464b898742,Lysimachia arvensis,4648722,https://inaturalist-open-data.s3.amazonaws.com/photos/4648722/large.jpg,,,,,,,
7a5632085d0ced08,Lysimachia arvensis,2961056,https://static.inaturalist.org/photos/2961056/large.jpg,,,,,,,
7daa90c3bc4481f5,Lysimachia arvensis,3817532,https://static.inaturalist.org/photos/3817532/large.jpg,,,,,,,
8b36d42bc41266a0,Lysimachia arvensis,3580993,https://inaturalist-open-data.s3.amazonaws.com/photos/3580993/large.jpg,,,,,,,
8c77dd4f02d92c51,Lysimachia arvensis,2339603,https://inaturalist-open-data.s3.amazonaws.com/photos/2339603/large.jpg,,,,,,,
8fd46ab0fbbbf57e,Lysimachia arvensis,1252156,https://static.inaturalist.org/photos/1252156/large.,,,,,,,
94205b6607588684,Lysimachia arvensis,662244,https://static.inaturalist.org/photos/662244/large.JPG,,,,,,,
957ac7b256ac9fe5,Lysimachia arvensis,5120765,https://static.inaturalist.org/photos/5120765/large.jpg,,,,,,,
95d8bc9474a2c9af,Lysimachia arvensis,3037719,https://inaturalist-open-data.s3.amazonaws.com/photos/3037719/large.JPG,,,,,,,
a07529c0359b4eb6,Lysimachia arvensis,3528656,https://inaturalist-open-data.s3.amazonaws.com/photos/3528656/large.jpg,,,,,,,
a605dbc17a2fc105,Lysimachia arvensis,379641,https://static.inaturalist.org/photos/379641/large.JPG,,,,,,,
a692bf3e421207cf,Lysimachia arvensis,4113687,https://inaturalist-open-data.s3.amazonaws.com/photos/4113687/large.JPG,,,,,,,
a7a9205c76fd4d45,Lysimachia arvensis,3288782,https://inaturalist-open-data.s3.amazonaws.com/photos/3288782/large.JPG,,,,,,,
a7e4729252f860ff,Lysimachia arvensis,5157728,https://inaturalist-open-data.s3.amazonaws.com/photos/5157728/large.jpeg,,,,,,,
a9482bbf8e7eac90,Lysimachia arvensis,4258692,https://inaturalist-open-data.s3.amazonaws.com/photos/4258692/large.JPG,,,,,,,
a9541599b576d87f,Lysimachia arvensis,3197903,https://inaturalist-open-data.s3.amazonaws.com/photos/3197903/large.jpg,,,,,,,
b1354cef3191157d,Lysimachia arvensis,5271938,https://inaturalist-open-data.s3.amazonaws.com/photos/5271938/large.jpeg,,,,,,,
b1687d0cdabf8ec4,Lysimachia arvensis,3636080,https://inaturalist-open-data.s3.amazonaws.com/photos/3636080/large.jpg,,,,,,,
b3527e760509199a,Lysimachia arvensis,1246268,https://static.inaturalist.org/photos/1246268/large.,,,,,,,
b8a6911fbcd7c960,Lysimachia arvensis,3203508,https://inaturalist-open-data.s3.amazonaws.com/photos/3203508/large.JPG,,,,,,,
bbc3ff89a5976585,Lysimachia arvensis,3261972,https://inaturalist-open-data.s3.amazonaws.com/photos/3261972/large.JPG,,,,,,,
c1ee82a8563389e2,Lysimachia arvensis,4625006,https://inaturalist-open-data.s3.amazonaws.com/photos/4625006/large.jpeg,,,,,,,
c2381bb11b13fbaf,Lysimachia arvensis,3893038,https://static.inaturalist.org/photos/3893038/large.jpg,,,,,,,
c44bba55261ac6dc,Lysimachia arvensis,2042455,https://inaturalist-open-data.s3.amazonaws.com/photos/2042455/large.jpg,,,,,,,
c4bf0b5f2c19462d,Lysimachia arvensis,1888168,https://static.inaturalist.org/photos/1888168/large.jpg,,,,,,,
c7b9abb5c1ae8c59,Lysimachia arvensis,4998322,https://inaturalist-open-data.s3.amazonaws.com/photos/4998322/large.jpeg,,,,,,,
c869f5d323aaa8cb,Lysimachia arvensis,3348169,https://static.inaturalist.org/photos/3348169/large.jpg,,,,,,,
d347c78d679dc2de,Lysimachia arvensis,4484385,https://inaturalist-open-data.s3.amazonaws.com/photos/4484385/large.jpg,,,,,,,
d6cfaab503fb31f8,Lysimachia arvensis,3276273,https://inaturalist-open-data.s3.amazonaws.com/photos/3276273/large.jpg,,,,,,,
d80689cc5121e120,Lysimachia arvensis,4369598,https://inaturalist-open-data.s3.amazonaws.com/photos/4369598/large.jpeg,,,,,,,
d9a6f9e61e56d2fe,Lysimachia arvensis,3538337,https://inaturalist-open-data.s3.amazonaws.com/photos/3538337/large.JPG,,,,,,,
de1354f1c86b823d,Lysimachia arvensis,422712,https://inaturalist-open-data.s3.amazonaws.com/photos/422712/large.jpg,,,,,,,
df3e901a044c7e9a,Lysimachia arvensis,2233820,https://inaturalist-open-data.s3.amazonaws.com/photos/2233820/large.jpg,,,,,,,
e0fd97f938391efb,Lysimachia arvensis,4717870,https://inaturalist-open-data.s3.amazonaws.com/photos/4717870/large.jpg,,,,,,,
e1082ab842a870b8,Lysimachia arvensis,3998957,https://inaturalist-open-data.s3.amazonaws.com/photos/3998957/large.JPG,,,,,,,
e145683afdf3687e,Lysimachia arvensis,5106925,https://inaturalist-open-data.s3.amazonaws.com/photos/5106925/large.jpg,,,,,,,
e799bc207439cb31,Lysimachia arvensis,4161611,https://inaturalist-open-data.s3.amazonaws.com/photos/4161611/large.jpg,,,,,,,
e90ef98b79a2e513,Lysimachia arvensis,3777797,https://inaturalist-open-data.s3.amazonaws.com/photos/3777797/large.jpg,,,,,,,
ec6db1cff3c60ab7,Lysimachia arvensis,3293795,https://inaturalist-open-data.s3.amazonaws.com/photos/3293795/large.JPG,,,,,,,
ecdd0eb5208b74f4,Lysimachia arvensis,938885,https://inaturalist-open-data.s3.amazonaws.com/photos/938885/large.JPG,,,,,,,
eed8790469f1bef3,Lysimachia arvensis,3912970,https://inaturalist-open-data.s3.amazonaws.com/photos/3912970/large.jpeg,,,,,,,
f0bbf185ebb04102,Lysimachia arvensis,1183867,https://static.inaturalist.org/photos/1183867/large.jpg,,,,,,,
f17a532e4263b929,Lysimachia arvensis,4047979,https://static.inaturalist.org/photos/4047979/large.jpg,,,,,,,
f1d9a469387c9819,Lysimachia arvensis,1787686,https://inaturalist-open-data.s3.amazonaws.com/photos/1787686/large.jpg,,,,,,,
f4d789cf75728a78,Lysimachia arvensis,3268849,https://inaturalist-open-data.s3.amazonaws.com/photos/3268849/large.JPG,,,,,,,
f6f3683fcebabdce,Lysimachia arvensis,5203894,https://inaturalist-open-data.s3.amazonaws.com/photos/5203894/large.jpeg,,,,,,,
fe90a60871491acb,Lysimachia arvensis,3915215,https://inaturalist-open-data.s3.amazonaws.com/photos/3915215/large.jpg,,,,,,,
005afd4f58b202db,Raphanus sativus,6386705,https://inaturalist-open-data.s3.amazonaws.com/photos/6386705/large.jpg,,,,,,,
02670186ddf2c45f,Raphanus sativus,1557951,https://inaturalist-open-data.s3.amazonaws.com/photos/1557951/large.jpg,,,,,,,
087348d108a5df6e,Raphanus sativus,3361734,https://static.inaturalist.org/photos/3361734/large.jpeg,,,,,,,
0bed62b077ad9242,Raphanus sativus,1604385,https://inaturalist-open-data.s3.amazonaws.com/photos/1604385/large.jpg,,,,,,,
0d116ec996555eef,Raphanus sativus,5937562,https://inaturalist-open-data.s3.amazonaws.com/photos/5937562/large.jpg,,,,,,,
0e2ab85fdee1a0c5,Raphanus sativus,3992768,https://inaturalist-open-data.s3.amazonaws.com/photos/3992768/large.jpg,,,,,,,
11f85199c5d654f8,Raphanus sativus,627074,https://static.inaturalist.org/photos/627074/large.jpg,,,,,,,
13f34a2818099729,Raphanus sativus,7083469,https://inaturalist-open-data.s3.amazonaws.com/photos/7083469/large.jpeg,,,,,,,
20c352b936412d10,Raphanus sativus,159059,https://inaturalist-open-data.s3.amazonaws.com/photos/159059/large.JPG,,,,,,,
2796000d502ab2a5,Raphanus sativus,7121298,https://inaturalist-open-data.s3.amazonaws.com/photos/7121298/large.jpeg,,,,,,,
279e97b9bd1e0e24,Raphanus sativus,63643,https://static.inaturalist.org/photos/63643/large.jpg,,,,,,,
2aa2c56a46f58109,Raphanus sativus,7366268,https://inaturalist-open-data.s3.amazonaws.com/photos/7366268/large.jpg,,,,,,,
2bbedf3553a20634,Raphanus sativus,3090514,https://static.inaturalist.org/photos/3090514/large.JPG,,,,,,,
30a35097b4db88e8,Raphanus sativus,1879426,https://inaturalist-open-data.s3.amazonaws.com/photos/1879426/large.jpg,,,,,,,
38a425ac770dd1eb,Raphanus sativus,7135197,https://inaturalist-open-data.s3.amazonaws.com/photos/7135197/large.jpeg,,,,,,,
39d7a1f138f833a1,Raphanus sativus,7624612,https://inaturalist-open-data.s3.amazonaws.com/photos/7624612/large.jpg,,,,,,,
3b2ee688880dd1df,Raphanus sativus,1821103,https://static.inaturalist.org/photos/1821103/large.jpg,,,,,,,
40a47bdce6f01953,Raphanus sativus,3234971,https://inaturalist-open-data.s3.amazonaws.com/photos/3234971/large.JPG,,,,,,,
4d531c71d949000a,Raphanus sativus,8708182,https://inaturalist-open-data.s3.amazonaws.com/photos/8708182/large.jpg,,,,,,,
4de478bcb26d6b28,Raphanus sativus,7111434,https://inaturalist-open-data.s3.amazonaws.com/photos/7111434/large.jpg,,,,,,,
5a496c846ec9cfc1,Raphanus sativus,761835,https://static.inaturalist.org/photos/761835/large.jpg,,,,,,,
5c42bd8cbf3c29c8,Raphanus sativus,3335838,https://inaturalist-open-data.s3.amazonaws.com/photos/3335838/large.jpg,,,,,,,
5dba8b1631babcdd,Raphanus sativus,3084703,https://static.inaturalist.org/photos/3084703/large.jpg,,,,,,,
5ed9ad86ab2aab47,Raphanus sativus,1845892,https://inaturalist-open-data.s3.amazonaws.com/photos/1845892/large.PNG,,,,,,,
62e8bec0b8f13dc6,Raphanus sativus,8876727,https://inaturalist-open-data.s3.amazonaws.com/photos/8876727/large.jpeg,,,,,,,
652cf2bdc33ce789,Raphanus sativus,3286473,https://inaturalist-open-data.s3.amazonaws.com/photos/3286473/large.jpg,,,,,,,
688c9916038baa47,Raphanus sativus,8225466,https://inaturalist-open-data.s3.amazonaws.com/photos/8225466/large.jpg,,,,,,,
694435abb1682985,Raphanus sativus,8574162,https://static.inaturalist.org/photos/8574162/large.jpg,,,,,,,
6ede66dbecb10803,Raphanus sativus,6485733,https://inaturalist-open-data.s3.amazonaws.com/photos/6485733/large.jpeg,,,,,,,
6ef2a120532e4f81,Raphanus sativus,7424588,https://inaturalist-open-data.s3.amazonaws.com/photos/7424588/large.jpg,,,,,,,
76a6a6e2111fc3ce,Raphanus sativus,8391550,https://inaturalist-open-data.s3.amazonaws.com/photos/8391550/large.jpeg,,,,,,,
78499c6029cb65b9,Raphanus sativus,2203497,https://inaturalist-open-data.s3.amazonaws.com/photos/2203497/large.jpg,,,,,,,
79354c95f8c1ae0f,Raphanus sativus,6226591,https://inaturalist-open-data.s3.amazonaws.com/photos/6226591/large.jpg,,,,,,,
7e780d73f38916ff,Raphanus sativus,7928380,https://static.inaturalist.org/photos/7928380/large.jpg,,,,,,,
7ea5e01e568488fc,Raphanus sativus,1795810,https://static.inaturalist.org/photos/1795810/large.jpg,,,,,,,
7f41e6c42571aea6,Raphanus sativus,4113592,https://inaturalist-open-data.s3.amazonaws.com/photos/4113592/large.jpeg,,,,,,,
849470e457eff600,Raphanus sativus,7578123,https://inaturalist-open-data.s3.amazonaws.com/photos/7578123/large.jpg,,,,,,,
8573738d9650a343,Raphanus sativus,3789932,https://inaturalist-open-data.s3.amazonaws.com/photos/3789932/large.JPG,,,,,,,
86512f65fff72b07,Raphanus sativus,3882101,https://inaturalist-open-data.s3.amazonaws.com/photos/3882101/large.jpg,,,,,,,
86ff9f917ebb6153,Raphanus sativus,4420171,https://inaturalist-open-data.s3.amazonaws.com/photos/4420171/large.jpg,,,,,,,
89f838a269d46dbb,Raphanus sativus,6632623,https://static.inaturalist.org/photos/6632623/large.jpg,,,,,,,
8e95d555ad28e960,Raphanus sativus,1919238,https://inaturalist-open-data.s3.amazonaws.com/photos/1919238/large.jpg,,,,,,,
8ee2aba43807d704,Raphanus sativus,3510491,https://inaturalist-open-data.s3.amazonaws.com/photos/3510491/large.JPG,,,,,,,
8f473e4cb505fd53,Raphanus sativus,4193616,https://inaturalist-open-data.s3.amazonaws.com/photos/4193616/large.jpg,,,,,,,
8fc1272aa2feef22,Raphanus sativus,7517167,https://static.inaturalist.org/photos/7517167/large.jpg,,,,,,,
90c1f88854a4393c,Raphanus sativus,280636,https://inaturalist-open-data.s3.amazonaws.com/photos/280636/large.jpg,,,,,,,
94c3472ea2b22f12,Raphanus sativus,3800140,https://inaturalist-open-data.s3.amazonaws.com/photos/3800140/large.JPG,,,,,,,
94ec502cf85e898f,Raphanus sativus,8569099,https://static.inaturalist.org/photos/8569099/large.jpg,,,,,,,
951c57989f9a26da,Raphanus sativus,8132361,https://inaturalist-open-data.s3.amazonaws.com/photos/8132361/large.jpg,,,,,,,
98f5184aa601d56e,Raphanus sativus,3430590,https://inaturalist-open-data.s3.amazonaws.com/photos/3430590/large.jpg,,,,,,,
99bab2968dfa943f,Raphanus sativus,7702860,https://static.inaturalist.org/photos/7702860/large.jpg,,,,,,,
9a8c667d20174397,Raphanus sativus,8432061,https://inaturalist-open-data.s3.amazonaws.com/photos/8432061/large.jpg,,,,,,,
9efafd932b178d8f,Raphanus sativus,8732276,https://inaturalist-open-data.s3.amazonaws.com/photos/8732276/large.jpeg,,,,,,,
a0bdd7f5c75c33e8,Raphanus sativus,2818923,https://static.inaturalist.org/photos/2818923/large.jpeg,,,,,,,
a18bc7d4e249d739,Raphanus sativus,7710722,https://inaturalist-open-data.s3.amazonaws.com/photos/7710722/large.jpg,,,,,,,
a5943a4be2cf5507,Raphanus sativus,7231361,https://static.inaturalist.org/photos/7231361/large.jpg,,,,,,,
a9381c584c68c9df,Raphanus sativus,4910430,https://inaturalist-open-data.s3.amazonaws.com/photos/4910430/large.jpeg,,,,,,,
ab77ff8916bf2f53,Raphanus sativus,2199268,https://inaturalist-open-data.s3.amazonaws.com/photos/2199268/large.jpg,,,,,,,
ac25d230ade39948,Raphanus sativus,8353714,https://inaturalist-open-data.s3.amazonaws.com/photos/8353714/large.jpeg,,,,,,,
aefb24a55e5feb8c,Raphanus sativus,7191543,https://inaturalist-open-data.s3.amazonaws.com/photos/7191543/large.jpeg,,,,,,,
b156efe3b2d66341,Raphanus sativus,1593787,https://inaturalist-open-data.s3.amazonaws.com/photos/1593787/large.jpg,,,,,,,
b60af02b890f3290,Raphanus sativus,5011622,https://inaturalist-open-data.s3.amazonaws.com/photos/5011622/large.jpg,,,,,,,
b70246b66ae888c0,Raphanus sativus,3443827,https://static.inaturalist.org/photos/3443827/large.JPG,,,,,,,
b7df8e2e52c21a3c,Raphanus sativus,7743010,https://inaturalist-open-data.s3.amazonaws.com/photos/7743010/large.jpg,,,,,,,
bf6ecd16ee212a48,Raphanus sativus,4083098,https://inaturalist-open-data.s3.amazonaws.com/photos/4083098/large.JPG,,,,,,,
c0b55f1dfae13044,Raphanus sativus,7417731,https://inaturalist-open-data.s3.amazonaws.com/photos/7417731/large.jpg,,,,,,,
c48aff921164ae07,Raphanus sativus,7875692,https://static.inaturalist.org/photos/7875692/large.jpg,,,,,,,
c50f27bfb9846fca,Raphanus sativus,6608407,https://inaturalist-open-data.s3.amazonaws.com/photos/6608407/large.jpeg,,,,,,,
c7358d81ec12c087,Raphanus sativus,7127746,https://inaturalist-open-data.s3.amazonaws.com/photos/7127746/large.jpg,,,,,,,
d6c422d452d4e827,Raphanus sativus,6534310,https://inaturalist-open-data.s3.amazonaws.com/photos/6534310/large.jpeg,,,,,,,
db18021a15392aaa,Raphanus sativus,2342916,https://static.inaturalist.org/photos/2342916/large.jpg,,,,,,,
dede43f6251f7ee5,Raphanus sativus,7895975,https://inaturalist-open-data.s3.amazonaws.com/photos/7895975/large.jpeg,,,,,,,
df27c90039f237ec,Raphanus sativus,1412447,https://inaturalist-open-data.s3.amazonaws.com/photos/1412447/large.JPG,,,,,,,
ee327247d642c8a3,Raphanus sativus,7878731,https://static.inaturalist.org/photos/7878731/large.jpg,,,,,,,
f04ca377e34b332f,Raphanus sativus,6032781,https://static.inaturalist.org/photos/6032781/large.jpg,,,,,,,
f1d799bc40e7904f,Raphanus sativus,7102983,https://static.inaturalist.org/photos/7102983/large.jpeg,,,,,,,
f460c13e7cfe0254,Raphanus sativus,7880537,https://static.inaturalist.org/photos/7880537/large.jpg,,,,,,,
f5ef9be519d00f3e,Raphanus sativus,3679920,https://inaturalist-open-data.s3.amazonaws.com/photos/3679920/large.jpg,,,,,,,
fe62161118224c00,Raphanus sativus,8343658,https://inaturalist-open-data.s3.amazonaws.com/photos/8343658/large.jpeg,,,,,,,
ff8493c7c579aa14,Raphanus sativus,7204126,https://static.inaturalist.org/photos/7204126/large.jpeg,,,,,,,
